2024-04-08T19:46:22.000Z,GO TO SLEEP
2024-04-08T19:51:59.000Z,STD1
2024-04-08T19:57:38.000Z,STD2
2024-04-08T20:03:17.000Z,STD3
2024-04-08T20:08:57.000Z,STD4
2024-04-08T23:42:58.000Z,WAKE UP
2024-04-08T23:48:38.000Z,STD1z-DRAIN
2024-04-08T23:54:42.000Z,STD4s
2024-04-09T00:00:22.000Z,STD1
2024-04-09T00:02:01.000Z,STD1
2024-04-09T00:03:41.000Z,STD1
2024-04-09T00:09:21.000Z,STD2
2024-04-09T00:11:00.000Z,STD2
2024-04-09T00:12:40.000Z,STD2
2024-04-09T00:18:20.000Z,STD3
2024-04-09T00:19:59.000Z,STD3
2024-04-09T00:21:39.000Z,STD3
2024-04-09T00:27:19.000Z,STD4
2024-04-09T00:28:57.000Z,STD4
2024-04-09T00:30:37.000Z,STD4
2024-04-09T00:36:17.000Z,ATM
2024-04-09T00:37:57.000Z,ATM
2024-04-09T00:39:37.000Z,ATM
2024-04-09T00:41:17.000Z,ATM
2024-04-09T00:42:57.000Z,ATM
2024-04-09T00:48:02.000Z,EQU-DRAIN
2024-04-09T00:50:03.000Z,EQU
2024-04-09T00:51:46.000Z,EQU
2024-04-09T00:53:28.000Z,EQU
2024-04-09T00:55:10.000Z,EQU
2024-04-09T00:56:53.000Z,EQU
2024-04-09T00:58:35.000Z,EQU
2024-04-09T01:00:17.000Z,EQU
2024-04-09T01:02:00.000Z,EQU
2024-04-09T01:03:42.000Z,EQU
2024-04-09T01:05:24.000Z,EQU
2024-04-09T01:07:07.000Z,EQU
2024-04-09T01:08:50.000Z,EQU
2024-04-09T01:10:32.000Z,EQU
2024-04-09T01:12:15.000Z,EQU
2024-04-09T01:13:57.000Z,EQU
2024-04-09T01:15:39.000Z,EQU
2024-04-09T01:17:22.000Z,EQU
2024-04-09T01:19:04.000Z,EQU
2024-04-09T01:20:46.000Z,EQU
2024-04-09T01:22:28.000Z,EQU
2024-04-09T01:24:11.000Z,EQU
2024-04-09T01:25:53.000Z,EQU
2024-04-09T01:27:35.000Z,EQU
2024-04-09T01:29:18.000Z,EQU
2024-04-09T01:31:00.000Z,EQU
2024-04-09T01:32:42.000Z,EQU
2024-04-09T01:34:25.000Z,EQU
2024-04-09T01:36:07.000Z,EQU
2024-04-09T01:37:51.000Z,EQU
2024-04-09T01:39:33.000Z,EQU
2024-04-09T01:41:15.000Z,EQU
2024-04-09T01:42:57.000Z,EQU
2024-04-09T01:44:40.000Z,EQU-DRAIN
2024-04-09T01:46:42.000Z,EQU
2024-04-09T01:48:24.000Z,EQU
2024-04-09T01:50:06.000Z,EQU
2024-04-09T01:51:49.000Z,EQU
2024-04-09T01:53:31.000Z,EQU
2024-04-09T01:55:13.000Z,EQU
2024-04-09T01:56:56.000Z,EQU
2024-04-09T01:58:38.000Z,EQU
2024-04-09T02:00:20.000Z,EQU
2024-04-09T02:02:03.000Z,EQU
2024-04-09T02:03:45.000Z,EQU
2024-04-09T02:05:27.000Z,EQU
2024-04-09T02:07:09.000Z,EQU
2024-04-09T02:08:52.000Z,EQU
2024-04-09T02:10:34.000Z,EQU
2024-04-09T02:12:16.000Z,EQU
2024-04-09T02:13:59.000Z,EQU
2024-04-09T02:15:41.000Z,EQU
2024-04-09T02:17:23.000Z,EQU
2024-04-09T02:19:06.000Z,EQU
2024-04-09T02:20:48.000Z,EQU
2024-04-09T02:22:30.000Z,EQU
2024-04-09T02:24:12.000Z,EQU
2024-04-09T02:25:55.000Z,EQU
2024-04-09T02:27:37.000Z,EQU
2024-04-09T02:29:19.000Z,EQU
2024-04-09T02:31:02.000Z,EQU
2024-04-09T02:32:44.000Z,EQU
2024-04-09T02:34:26.000Z,EQU
2024-04-09T02:36:09.000Z,EQU
2024-04-09T02:37:51.000Z,EQU
2024-04-09T02:39:33.000Z,EQU
2024-04-09T02:41:15.000Z,EQU
2024-04-09T02:42:58.000Z,EQU
2024-04-09T02:44:42.000Z,EQU-DRAIN
2024-04-09T02:46:46.000Z,EQU
2024-04-09T02:48:29.000Z,EQU
2024-04-09T02:50:11.000Z,EQU
2024-04-09T02:51:53.000Z,EQU
2024-04-09T02:53:35.000Z,EQU
2024-04-09T02:55:18.000Z,EQU
2024-04-09T02:57:00.000Z,EQU
2024-04-09T02:58:42.000Z,EQU
2024-04-09T03:00:25.000Z,EQU
2024-04-09T03:02:07.000Z,EQU
2024-04-09T03:03:49.000Z,EQU
2024-04-09T03:05:32.000Z,EQU
2024-04-09T03:07:14.000Z,EQU
2024-04-09T03:08:56.000Z,EQU
2024-04-09T03:10:39.000Z,EQU
2024-04-09T03:12:21.000Z,EQU
2024-04-09T03:14:03.000Z,EQU
2024-04-09T03:15:45.000Z,EQU
2024-04-09T03:17:28.000Z,EQU
2024-04-09T03:19:10.000Z,EQU
2024-04-09T03:20:53.000Z,EQU
2024-04-09T03:22:37.000Z,EQU
2024-04-09T03:24:20.000Z,EQU
2024-04-09T03:26:03.000Z,EQU
2024-04-09T03:27:46.000Z,EQU
2024-04-09T03:29:30.000Z,EQU
2024-04-09T03:31:14.000Z,EQU
2024-04-09T03:32:57.000Z,EQU
2024-04-09T03:34:41.000Z,EQU
2024-04-09T03:36:25.000Z,EQU
2024-04-09T03:38:08.000Z,EQU
2024-04-09T03:43:47.000Z,STD1
2024-04-09T03:45:26.000Z,STD1-DRAIN
2024-04-09T03:47:27.000Z,STD1
2024-04-09T03:53:07.000Z,STD2
2024-04-09T03:54:48.000Z,STD2
2024-04-09T03:56:27.000Z,STD2
2024-04-09T04:02:07.000Z,STD3
2024-04-09T04:03:46.000Z,STD3
2024-04-09T04:05:26.000Z,STD3
2024-04-09T04:11:06.000Z,STD4
2024-04-09T04:12:45.000Z,STD4
2024-04-09T04:14:25.000Z,STD4
2024-04-09T04:20:05.000Z,ATM
2024-04-09T04:21:44.000Z,ATM
2024-04-09T04:23:24.000Z,ATM
2024-04-09T04:25:04.000Z,ATM
2024-04-09T04:26:44.000Z,ATM
2024-04-09T04:31:51.000Z,EQU
2024-04-09T04:33:35.000Z,EQU
2024-04-09T04:35:18.000Z,EQU
2024-04-09T04:37:01.000Z,EQU
2024-04-09T04:38:44.000Z,EQU
2024-04-09T04:40:27.000Z,EQU
2024-04-09T04:42:10.000Z,EQU
2024-04-09T04:43:53.000Z,EQU
2024-04-09T04:45:37.000Z,EQU-DRAIN
2024-04-09T04:47:40.000Z,EQU
2024-04-09T04:49:23.000Z,EQU
2024-04-09T04:51:06.000Z,EQU
2024-04-09T04:52:50.000Z,EQU
2024-04-09T04:54:33.000Z,EQU
2024-04-09T04:56:18.000Z,EQU
2024-04-09T04:58:00.000Z,EQU
2024-04-09T04:59:43.000Z,EQU
2024-04-09T05:01:27.000Z,EQU
2024-04-09T05:03:11.000Z,EQU
2024-04-09T05:04:54.000Z,EQU
2024-04-09T05:06:38.000Z,EQU
2024-04-09T05:08:21.000Z,EQU
2024-04-09T05:10:03.000Z,EQU
2024-04-09T05:11:46.000Z,EQU
2024-04-09T05:13:29.000Z,EQU
2024-04-09T05:15:12.000Z,EQU
2024-04-09T05:16:56.000Z,EQU
2024-04-09T05:18:40.000Z,EQU
2024-04-09T05:20:23.000Z,EQU
2024-04-09T05:22:05.000Z,EQU
2024-04-09T05:23:48.000Z,EQU
2024-04-09T05:25:31.000Z,EQU
2024-04-09T05:27:14.000Z,EQU
2024-04-09T05:28:57.000Z,EQU
2024-04-09T05:30:39.000Z,EQU
2024-04-09T05:32:21.000Z,EQU
2024-04-09T05:34:04.000Z,EQU
2024-04-09T05:35:48.000Z,EQU
2024-04-09T05:37:32.000Z,EQU
2024-04-09T05:39:15.000Z,EQU
2024-04-09T05:40:59.000Z,EQU
2024-04-09T05:42:42.000Z,EQU
2024-04-09T05:44:24.000Z,EQU
2024-04-09T05:46:08.000Z,EQU-DRAIN
2024-04-09T05:48:10.000Z,EQU
2024-04-09T05:49:52.000Z,EQU
2024-04-09T05:51:35.000Z,EQU
2024-04-09T05:53:17.000Z,EQU
2024-04-09T05:54:59.000Z,EQU
2024-04-09T05:56:42.000Z,EQU
2024-04-09T05:58:25.000Z,EQU
2024-04-09T06:00:08.000Z,EQU
2024-04-09T06:01:52.000Z,EQU
2024-04-09T06:03:35.000Z,EQU
2024-04-09T06:05:17.000Z,EQU
2024-04-09T06:07:00.000Z,EQU
2024-04-09T06:08:42.000Z,EQU
2024-04-09T06:10:24.000Z,EQU
2024-04-09T06:12:07.000Z,EQU
2024-04-09T06:13:49.000Z,EQU
2024-04-09T06:15:31.000Z,EQU
2024-04-09T06:17:13.000Z,EQU
2024-04-09T06:18:56.000Z,EQU
2024-04-09T06:20:38.000Z,EQU
2024-04-09T06:22:20.000Z,EQU
2024-04-09T06:24:03.000Z,EQU
2024-04-09T06:25:46.000Z,EQU
2024-04-09T06:27:29.000Z,EQU
2024-04-09T06:29:11.000Z,EQU
2024-04-09T06:30:53.000Z,EQU
2024-04-09T06:32:36.000Z,EQU
2024-04-09T06:34:19.000Z,EQU
2024-04-09T06:36:01.000Z,EQU
2024-04-09T06:37:44.000Z,EQU
2024-04-09T06:39:26.000Z,EQU
2024-04-09T06:41:08.000Z,EQU
2024-04-09T06:42:51.000Z,EQU
2024-04-09T06:44:35.000Z,EQU
2024-04-09T06:46:17.000Z,EQU-DRAIN
2024-04-09T06:48:19.000Z,EQU
2024-04-09T06:50:01.000Z,EQU
2024-04-09T06:51:43.000Z,EQU
2024-04-09T06:53:26.000Z,EQU
2024-04-09T06:55:08.000Z,EQU
2024-04-09T06:56:51.000Z,EQU
2024-04-09T06:58:34.000Z,EQU
2024-04-09T07:00:16.000Z,EQU
2024-04-09T07:01:59.000Z,EQU
2024-04-09T07:03:41.000Z,EQU
2024-04-09T07:05:23.000Z,EQU
2024-04-09T07:07:05.000Z,EQU
2024-04-09T07:08:48.000Z,EQU
2024-04-09T07:10:30.000Z,EQU
2024-04-09T07:12:12.000Z,EQU
2024-04-09T07:13:55.000Z,EQU
2024-04-09T07:15:38.000Z,EQU
2024-04-09T07:17:21.000Z,EQU
2024-04-09T07:19:03.000Z,EQU
2024-04-09T07:20:45.000Z,EQU
2024-04-09T07:22:28.000Z,EQU
2024-04-09T07:28:07.000Z,STD1
2024-04-09T07:29:46.000Z,STD1
2024-04-09T07:31:26.000Z,STD1
2024-04-09T07:37:06.000Z,STD2
2024-04-09T07:38:45.000Z,STD2
2024-04-09T07:40:25.000Z,STD2
2024-04-09T07:46:04.000Z,STD3-DRAIN
2024-04-09T07:48:04.000Z,STD3
2024-04-09T07:49:43.000Z,STD3
2024-04-09T07:55:24.000Z,STD4
2024-04-09T07:57:04.000Z,STD4
2024-04-09T07:58:44.000Z,STD4
2024-04-09T08:04:24.000Z,ATM
2024-04-09T08:06:04.000Z,ATM
2024-04-09T08:07:44.000Z,ATM
2024-04-09T08:09:24.000Z,ATM
2024-04-09T08:11:04.000Z,ATM
2024-04-09T08:16:09.000Z,EQU
2024-04-09T08:17:51.000Z,EQU
2024-04-09T08:19:33.000Z,EQU
2024-04-09T08:21:16.000Z,EQU
2024-04-09T08:22:58.000Z,EQU
2024-04-09T08:24:40.000Z,EQU
2024-04-09T08:26:22.000Z,EQU
2024-04-09T08:28:05.000Z,EQU
2024-04-09T08:29:47.000Z,EQU
2024-04-09T08:31:29.000Z,EQU
2024-04-09T08:33:12.000Z,EQU
2024-04-09T08:34:54.000Z,EQU
2024-04-09T08:36:36.000Z,EQU
2024-04-09T08:38:19.000Z,EQU
2024-04-09T08:40:01.000Z,EQU
2024-04-09T08:41:43.000Z,EQU
2024-04-09T08:43:25.000Z,EQU
2024-04-09T08:45:08.000Z,EQU
2024-04-09T08:46:50.000Z,EQU-DRAIN
2024-04-09T08:48:52.000Z,EQU
2024-04-09T08:50:34.000Z,EQU
2024-04-09T08:52:17.000Z,EQU
2024-04-09T08:53:59.000Z,EQU
2024-04-09T08:55:41.000Z,EQU
2024-04-09T08:57:24.000Z,EQU
2024-04-09T08:59:06.000Z,EQU
2024-04-09T09:00:50.000Z,EQU
2024-04-09T09:02:32.000Z,EQU
2024-04-09T09:04:14.000Z,EQU
2024-04-09T09:05:57.000Z,EQU
2024-04-09T09:07:39.000Z,EQU
2024-04-09T09:09:21.000Z,EQU
2024-04-09T09:11:03.000Z,EQU
2024-04-09T09:12:46.000Z,EQU
2024-04-09T09:14:28.000Z,EQU
2024-04-09T09:16:10.000Z,EQU
2024-04-09T09:17:53.000Z,EQU
2024-04-09T09:19:35.000Z,EQU
2024-04-09T09:21:17.000Z,EQU
2024-04-09T09:23:00.000Z,EQU
2024-04-09T09:24:42.000Z,EQU
2024-04-09T09:26:24.000Z,EQU
2024-04-09T09:28:07.000Z,EQU
2024-04-09T09:29:49.000Z,EQU
2024-04-09T09:31:31.000Z,EQU
2024-04-09T09:33:13.000Z,EQU
2024-04-09T09:34:56.000Z,EQU
2024-04-09T09:36:38.000Z,EQU
2024-04-09T09:38:20.000Z,EQU
2024-04-09T09:40:03.000Z,EQU
2024-04-09T09:41:45.000Z,EQU
2024-04-09T09:43:27.000Z,EQU
2024-04-09T09:45:09.000Z,EQU
2024-04-09T09:46:52.000Z,EQU-DRAIN
2024-04-09T09:48:54.000Z,EQU
2024-04-09T09:50:36.000Z,EQU
2024-04-09T09:52:18.000Z,EQU
2024-04-09T09:54:01.000Z,EQU
2024-04-09T09:55:43.000Z,EQU
2024-04-09T09:57:25.000Z,EQU
2024-04-09T09:59:08.000Z,EQU
2024-04-09T10:00:50.000Z,EQU
2024-04-09T10:02:32.000Z,EQU
2024-04-09T10:04:15.000Z,EQU
2024-04-09T10:05:57.000Z,EQU
2024-04-09T10:07:41.000Z,EQU
2024-04-09T10:10:01.000Z,EQU
2024-04-09T10:11:43.000Z,EQU
2024-04-09T10:13:26.000Z,EQU
2024-04-09T10:15:08.000Z,EQU
2024-04-09T10:16:50.000Z,EQU
2024-04-09T10:18:32.000Z,EQU
2024-04-09T10:20:15.000Z,EQU
2024-04-09T10:21:58.000Z,EQU
2024-04-09T10:23:41.000Z,EQU
2024-04-09T10:25:23.000Z,EQU
2024-04-09T10:27:05.000Z,EQU
2024-04-09T10:28:48.000Z,EQU
2024-04-09T10:30:30.000Z,EQU
2024-04-09T10:32:12.000Z,EQU
2024-04-09T10:33:55.000Z,EQU
2024-04-09T10:35:37.000Z,EQU
2024-04-09T10:37:19.000Z,EQU
2024-04-09T10:39:01.000Z,EQU
2024-04-09T10:40:44.000Z,EQU
2024-04-09T10:42:26.000Z,EQU
2024-04-09T10:44:08.000Z,EQU
2024-04-09T10:45:51.000Z,EQU
2024-04-09T10:47:33.000Z,EQU-DRAIN
2024-04-09T10:49:35.000Z,EQU
2024-04-09T10:51:17.000Z,EQU
2024-04-09T10:53:00.000Z,EQU
2024-04-09T10:54:42.000Z,EQU
2024-04-09T10:56:24.000Z,EQU
2024-04-09T10:58:07.000Z,EQU
2024-04-09T10:59:49.000Z,EQU
2024-04-09T11:01:31.000Z,EQU
2024-04-09T11:03:13.000Z,EQU
2024-04-09T11:04:56.000Z,EQU
2024-04-09T11:06:38.000Z,EQU
2024-04-09T11:12:17.000Z,STD1
2024-04-09T11:13:56.000Z,STD1
2024-04-09T11:15:36.000Z,STD1
2024-04-09T11:21:16.000Z,STD2
2024-04-09T11:22:55.000Z,STD2
2024-04-09T11:24:35.000Z,STD2
2024-04-09T11:30:15.000Z,STD3
2024-04-09T11:31:54.000Z,STD3
2024-04-09T11:33:34.000Z,STD3
2024-04-09T11:39:14.000Z,STD4
2024-04-09T11:40:53.000Z,STD4
2024-04-09T11:42:33.000Z,STD4
2024-04-09T11:48:16.000Z,STD1z-DRAIN
2024-04-09T11:54:21.000Z,STD4s
2024-04-09T12:00:00.000Z,STD1
2024-04-09T12:01:39.000Z,STD1
2024-04-09T12:03:19.000Z,STD1
2024-04-09T12:08:59.000Z,STD2
2024-04-09T12:10:38.000Z,STD2
2024-04-09T12:12:18.000Z,STD2
2024-04-09T12:17:58.000Z,STD3
2024-04-09T12:19:37.000Z,STD3
2024-04-09T12:21:17.000Z,STD3
2024-04-09T12:26:57.000Z,STD4
2024-04-09T12:28:37.000Z,STD4
2024-04-09T12:30:17.000Z,STD4
2024-04-09T12:35:57.000Z,ATM
2024-04-09T12:37:37.000Z,ATM
2024-04-09T12:39:17.000Z,ATM
2024-04-09T12:40:57.000Z,ATM
2024-04-09T12:42:38.000Z,ATM
2024-04-09T12:47:43.000Z,EQU-DRAIN
2024-04-09T12:49:45.000Z,EQU
2024-04-09T12:51:27.000Z,EQU
2024-04-09T12:53:10.000Z,EQU
2024-04-09T12:54:53.000Z,EQU
2024-04-09T12:56:35.000Z,EQU
2024-04-09T12:58:17.000Z,EQU
2024-04-09T13:00:00.000Z,EQU
2024-04-09T13:01:42.000Z,EQU
2024-04-09T13:03:24.000Z,EQU
2024-04-09T13:05:07.000Z,EQU
2024-04-09T13:06:49.000Z,EQU
2024-04-09T13:08:31.000Z,EQU
2024-04-09T13:10:14.000Z,EQU
2024-04-09T13:11:56.000Z,EQU
2024-04-09T13:13:38.000Z,EQU
2024-04-09T13:15:20.000Z,EQU
2024-04-09T13:17:03.000Z,EQU
2024-04-09T13:18:45.000Z,EQU
2024-04-09T13:20:27.000Z,EQU
2024-04-09T13:22:10.000Z,EQU
2024-04-09T13:23:53.000Z,EQU
2024-04-09T13:25:36.000Z,EQU
2024-04-09T13:27:18.000Z,EQU
2024-04-09T13:29:00.000Z,EQU
2024-04-09T13:30:43.000Z,EQU
2024-04-09T13:32:25.000Z,EQU
2024-04-09T13:34:07.000Z,EQU
2024-04-09T13:35:49.000Z,EQU
2024-04-09T13:37:32.000Z,EQU
2024-04-09T13:39:14.000Z,EQU
2024-04-09T13:40:56.000Z,EQU
2024-04-09T13:42:39.000Z,EQU
2024-04-09T13:44:21.000Z,EQU
2024-04-09T13:46:03.000Z,EQU
2024-04-09T13:47:46.000Z,EQU-DRAIN
2024-04-09T13:49:48.000Z,EQU
2024-04-09T13:51:30.000Z,EQU
2024-04-09T13:53:12.000Z,EQU
2024-04-09T13:54:54.000Z,EQU
2024-04-09T13:56:37.000Z,EQU
2024-04-09T13:58:19.000Z,EQU
2024-04-09T14:00:01.000Z,EQU
2024-04-09T14:01:44.000Z,EQU
2024-04-09T14:03:26.000Z,EQU
2024-04-09T14:05:08.000Z,EQU
2024-04-09T14:06:51.000Z,EQU
2024-04-09T14:08:33.000Z,EQU
2024-04-09T14:10:15.000Z,EQU
2024-04-09T14:11:57.000Z,EQU
2024-04-09T14:13:40.000Z,EQU
2024-04-09T14:15:22.000Z,EQU
2024-04-09T14:17:04.000Z,EQU
2024-04-09T14:18:47.000Z,EQU
2024-04-09T14:20:29.000Z,EQU
2024-04-09T14:22:11.000Z,EQU
2024-04-09T14:23:54.000Z,EQU
2024-04-09T14:25:36.000Z,EQU
2024-04-09T14:27:18.000Z,EQU
2024-04-09T14:29:01.000Z,EQU
2024-04-09T14:30:44.000Z,EQU
2024-04-09T14:32:26.000Z,EQU
2024-04-09T14:34:09.000Z,EQU
2024-04-09T14:35:51.000Z,EQU
2024-04-09T14:37:33.000Z,EQU
2024-04-09T14:39:16.000Z,EQU
2024-04-09T14:40:58.000Z,EQU
2024-04-09T14:42:40.000Z,EQU
2024-04-09T14:44:23.000Z,EQU
2024-04-09T14:46:05.000Z,EQU
2024-04-09T14:47:47.000Z,EQU-DRAIN
2024-04-09T14:49:49.000Z,EQU
2024-04-09T14:51:32.000Z,EQU
2024-04-09T14:53:14.000Z,EQU
2024-04-09T14:54:56.000Z,EQU
2024-04-09T14:56:38.000Z,EQU
2024-04-09T14:58:21.000Z,EQU
2024-04-09T15:00:03.000Z,EQU
2024-04-09T15:01:45.000Z,EQU
2024-04-09T15:03:28.000Z,EQU
2024-04-09T15:05:10.000Z,EQU
2024-04-09T15:06:52.000Z,EQU
2024-04-09T15:08:35.000Z,EQU
2024-04-09T15:10:17.000Z,EQU
2024-04-09T15:11:59.000Z,EQU
2024-04-09T15:13:42.000Z,EQU
2024-04-09T15:15:24.000Z,EQU
2024-04-09T15:17:06.000Z,EQU
2024-04-09T15:18:48.000Z,EQU
2024-04-09T15:20:31.000Z,EQU
2024-04-09T15:22:13.000Z,EQU
2024-04-09T15:23:55.000Z,EQU
2024-04-09T15:25:38.000Z,EQU
2024-04-09T15:27:20.000Z,EQU
2024-04-09T15:29:02.000Z,EQU
2024-04-09T15:30:44.000Z,EQU
2024-04-09T15:32:27.000Z,EQU
2024-04-09T15:34:09.000Z,EQU
2024-04-09T15:35:51.000Z,EQU
2024-04-09T15:37:34.000Z,EQU
2024-04-09T15:43:13.000Z,STD1
2024-04-09T15:44:52.000Z,STD1
2024-04-09T15:46:32.000Z,STD1
2024-04-09T15:52:12.000Z,STD2-DRAIN
2024-04-09T15:54:13.000Z,STD2
2024-04-09T15:55:52.000Z,STD2
2024-04-09T16:01:32.000Z,STD3
2024-04-09T16:03:11.000Z,STD3
2024-04-09T16:04:51.000Z,STD3
2024-04-09T16:10:31.000Z,STD4
2024-04-09T16:12:10.000Z,STD4
2024-04-09T16:13:50.000Z,STD4
2024-04-09T16:19:30.000Z,ATM
2024-04-09T16:21:11.000Z,ATM
2024-04-09T16:22:50.000Z,ATM
2024-04-09T16:24:30.000Z,ATM
2024-04-09T16:26:10.000Z,ATM
2024-04-09T16:31:15.000Z,EQU
2024-04-09T16:32:57.000Z,EQU
2024-04-09T16:34:40.000Z,EQU
2024-04-09T16:36:22.000Z,EQU
2024-04-09T16:38:04.000Z,EQU
2024-04-09T16:39:46.000Z,EQU
2024-04-09T16:41:29.000Z,EQU
2024-04-09T16:43:11.000Z,EQU
2024-04-09T16:44:53.000Z,EQU
2024-04-09T16:46:36.000Z,EQU
2024-04-09T16:48:18.000Z,EQU-DRAIN
2024-04-09T16:50:20.000Z,EQU
2024-04-09T16:52:02.000Z,EQU
2024-04-09T16:53:45.000Z,EQU
2024-04-09T16:55:27.000Z,EQU
2024-04-09T16:57:09.000Z,EQU
2024-04-09T16:58:52.000Z,EQU
2024-04-09T17:00:34.000Z,EQU
2024-04-09T17:02:16.000Z,EQU
2024-04-09T17:03:58.000Z,EQU
2024-04-09T17:05:41.000Z,EQU
2024-04-09T17:07:23.000Z,EQU
2024-04-09T17:09:05.000Z,EQU
2024-04-09T17:10:48.000Z,EQU
2024-04-09T17:12:30.000Z,EQU
2024-04-09T17:14:12.000Z,EQU
2024-04-09T17:15:55.000Z,EQU
2024-04-09T17:17:37.000Z,EQU
2024-04-09T17:19:19.000Z,EQU
2024-04-09T17:21:01.000Z,EQU
2024-04-09T17:22:44.000Z,EQU
2024-04-09T17:24:26.000Z,EQU
2024-04-09T17:26:08.000Z,EQU
2024-04-09T17:27:51.000Z,EQU
2024-04-09T17:29:33.000Z,EQU
2024-04-09T17:31:15.000Z,EQU
2024-04-09T17:32:58.000Z,EQU
2024-04-09T17:34:40.000Z,EQU
2024-04-09T17:36:22.000Z,EQU
2024-04-09T17:38:04.000Z,EQU
2024-04-09T17:39:47.000Z,EQU
2024-04-09T17:41:29.000Z,EQU
2024-04-09T17:43:11.000Z,EQU
2024-04-09T17:44:54.000Z,EQU
2024-04-09T17:46:36.000Z,EQU
2024-04-09T17:48:18.000Z,EQU-DRAIN
2024-04-09T17:50:20.000Z,EQU
2024-04-09T17:52:03.000Z,EQU
2024-04-09T17:53:45.000Z,EQU
2024-04-09T17:55:27.000Z,EQU
2024-04-09T17:57:10.000Z,EQU
2024-04-09T17:58:52.000Z,EQU
2024-04-09T18:00:34.000Z,EQU
2024-04-09T18:02:16.000Z,EQU
2024-04-09T18:03:59.000Z,EQU
2024-04-09T18:05:41.000Z,EQU
2024-04-09T18:07:23.000Z,EQU
2024-04-09T18:09:06.000Z,EQU
2024-04-09T18:10:48.000Z,EQU
2024-04-09T18:12:30.000Z,EQU
2024-04-09T18:14:13.000Z,EQU
2024-04-09T18:15:55.000Z,EQU
2024-04-09T18:17:37.000Z,EQU
2024-04-09T18:19:19.000Z,EQU
2024-04-09T18:21:02.000Z,EQU
2024-04-09T18:22:44.000Z,EQU
2024-04-09T18:24:26.000Z,EQU
2024-04-09T18:26:09.000Z,EQU
2024-04-09T18:27:51.000Z,EQU
2024-04-09T18:29:33.000Z,EQU
2024-04-09T18:31:16.000Z,EQU
2024-04-09T18:32:58.000Z,EQU
2024-04-09T18:34:40.000Z,EQU
2024-04-09T18:36:22.000Z,EQU
2024-04-09T18:38:05.000Z,EQU
2024-04-09T18:41:09.000Z,EQU
2024-04-09T18:42:51.000Z,EQU
2024-04-09T18:44:34.000Z,EQU
2024-04-09T18:46:16.000Z,EQU
2024-04-09T18:47:58.000Z,EQU-DRAIN
2024-04-09T18:50:00.000Z,EQU
2024-04-09T18:51:43.000Z,EQU
2024-04-09T18:53:25.000Z,EQU
2024-04-09T18:55:07.000Z,EQU
2024-04-09T18:56:50.000Z,EQU
2024-04-09T18:58:32.000Z,EQU
2024-04-09T19:00:14.000Z,EQU
2024-04-09T19:01:56.000Z,EQU
2024-04-09T19:03:39.000Z,EQU
2024-04-09T19:05:21.000Z,EQU
2024-04-09T19:07:03.000Z,EQU
2024-04-09T19:08:46.000Z,EQU
2024-04-09T19:10:28.000Z,EQU
2024-04-09T19:12:10.000Z,EQU
2024-04-09T19:13:53.000Z,EQU
2024-04-09T19:15:35.000Z,EQU
2024-04-09T19:17:17.000Z,EQU
2024-04-09T19:18:59.000Z,EQU
2024-04-09T19:20:42.000Z,EQU
2024-04-09T19:22:24.000Z,EQU
2024-04-09T19:28:03.000Z,STD1
2024-04-09T19:29:42.000Z,STD1
2024-04-09T19:31:22.000Z,STD1
2024-04-09T19:37:02.000Z,STD2
2024-04-09T19:38:41.000Z,STD2
2024-04-09T19:40:21.000Z,STD2
2024-04-09T19:46:01.000Z,STD3
2024-04-09T19:47:40.000Z,STD3-DRAIN
2024-04-09T19:49:41.000Z,STD3
2024-04-09T19:55:20.000Z,STD4
2024-04-09T19:56:59.000Z,STD4
2024-04-09T19:58:39.000Z,STD4
2024-04-09T20:04:18.000Z,ATM
2024-04-09T20:05:57.000Z,ATM
2024-04-09T20:07:37.000Z,ATM
2024-04-09T20:09:17.000Z,ATM
2024-04-09T20:10:57.000Z,ATM
2024-04-09T20:16:03.000Z,EQU
2024-04-09T20:17:45.000Z,EQU
2024-04-09T20:19:27.000Z,EQU
2024-04-09T20:21:09.000Z,EQU
2024-04-09T20:22:52.000Z,EQU
2024-04-09T20:24:34.000Z,EQU
2024-04-09T20:26:16.000Z,EQU
2024-04-09T20:27:59.000Z,EQU
2024-04-09T20:29:41.000Z,EQU
2024-04-09T20:31:23.000Z,EQU
2024-04-09T20:33:06.000Z,EQU
2024-04-09T20:34:48.000Z,EQU
2024-04-09T20:36:30.000Z,EQU
2024-04-09T20:38:12.000Z,EQU
2024-04-09T20:39:55.000Z,EQU
2024-04-09T20:41:37.000Z,EQU
2024-04-09T20:43:19.000Z,EQU
2024-04-09T20:45:02.000Z,EQU
2024-04-09T20:46:44.000Z,EQU
2024-04-09T20:48:26.000Z,EQU-DRAIN
2024-04-09T20:50:28.000Z,EQU
2024-04-09T20:52:11.000Z,EQU
2024-04-09T20:53:53.000Z,EQU
2024-04-09T20:55:35.000Z,EQU
2024-04-09T20:57:18.000Z,EQU
2024-04-09T20:59:00.000Z,EQU
2024-04-09T21:00:42.000Z,EQU
2024-04-09T21:02:24.000Z,EQU
2024-04-09T21:04:07.000Z,EQU
2024-04-09T21:05:49.000Z,EQU
2024-04-09T21:07:31.000Z,EQU
2024-04-09T21:09:14.000Z,EQU
2024-04-09T21:10:56.000Z,EQU
2024-04-09T21:12:38.000Z,EQU
2024-04-09T21:14:21.000Z,EQU
2024-04-09T21:16:03.000Z,EQU
2024-04-09T21:17:45.000Z,EQU
2024-04-09T21:19:27.000Z,EQU
2024-04-09T21:21:10.000Z,EQU
2024-04-09T21:22:52.000Z,EQU
2024-04-09T21:24:34.000Z,EQU
2024-04-09T21:26:17.000Z,EQU
2024-04-09T21:27:59.000Z,EQU
2024-04-09T21:29:41.000Z,EQU
2024-04-09T21:31:24.000Z,EQU
2024-04-09T21:33:06.000Z,EQU
2024-04-09T21:34:48.000Z,EQU
2024-04-09T21:36:30.000Z,EQU
2024-04-09T21:38:13.000Z,EQU
2024-04-09T21:39:55.000Z,EQU
2024-04-09T21:41:37.000Z,EQU
2024-04-09T21:43:20.000Z,EQU
2024-04-09T21:45:02.000Z,EQU
2024-04-09T21:46:44.000Z,EQU
2024-04-09T21:48:27.000Z,EQU-DRAIN
2024-04-09T21:50:29.000Z,EQU
2024-04-09T21:52:11.000Z,EQU
2024-04-09T21:53:53.000Z,EQU
2024-04-09T21:55:35.000Z,EQU
2024-04-09T21:57:18.000Z,EQU
2024-04-09T21:59:00.000Z,EQU
2024-04-09T22:00:42.000Z,EQU
2024-04-09T22:02:25.000Z,EQU
2024-04-09T22:04:07.000Z,EQU
2024-04-09T22:05:49.000Z,EQU
2024-04-09T22:07:32.000Z,EQU
2024-04-09T22:09:14.000Z,EQU
2024-04-09T22:10:56.000Z,EQU
2024-04-09T22:12:38.000Z,EQU
2024-04-09T22:14:21.000Z,EQU
2024-04-09T22:16:03.000Z,EQU
2024-04-09T22:17:45.000Z,EQU
2024-04-09T22:19:28.000Z,EQU
2024-04-09T22:21:10.000Z,EQU
2024-04-09T22:22:52.000Z,EQU
2024-04-09T22:24:35.000Z,EQU
2024-04-09T22:26:17.000Z,EQU
2024-04-09T22:27:59.000Z,EQU
2024-04-09T22:29:41.000Z,EQU
2024-04-09T22:31:24.000Z,EQU
2024-04-09T22:33:06.000Z,EQU
2024-04-09T22:34:48.000Z,EQU
2024-04-09T22:36:31.000Z,EQU
2024-04-09T22:38:13.000Z,EQU
2024-04-09T22:39:55.000Z,EQU
2024-04-09T22:41:38.000Z,EQU
2024-04-09T22:43:20.000Z,EQU
2024-04-09T22:45:02.000Z,EQU
2024-04-09T22:46:44.000Z,EQU
2024-04-09T22:48:27.000Z,EQU-DRAIN
2024-04-09T22:50:29.000Z,EQU
2024-04-09T22:52:11.000Z,EQU
2024-04-09T22:53:53.000Z,EQU
2024-04-09T22:55:36.000Z,EQU
2024-04-09T22:57:18.000Z,EQU
2024-04-09T22:59:00.000Z,EQU
2024-04-09T23:00:43.000Z,EQU
2024-04-09T23:02:25.000Z,EQU
2024-04-09T23:04:07.000Z,EQU
2024-04-09T23:05:50.000Z,EQU
2024-04-09T23:11:29.000Z,STD1
2024-04-09T23:13:08.000Z,STD1
2024-04-09T23:14:48.000Z,STD1
2024-04-09T23:20:28.000Z,STD2
2024-04-09T23:22:07.000Z,STD2
2024-04-09T23:23:47.000Z,STD2
2024-04-09T23:29:27.000Z,STD3
2024-04-09T23:31:06.000Z,STD3
2024-04-09T23:32:46.000Z,STD3
2024-04-09T23:38:25.000Z,STD4
2024-04-09T23:40:04.000Z,STD4
2024-04-09T23:41:44.000Z,STD4
2024-04-09T23:47:28.000Z,STD1z
2024-04-09T23:53:11.000Z,STD4s-DRAIN
2024-04-09T23:59:11.000Z,STD1
2024-04-10T00:00:51.000Z,STD1
2024-04-10T00:02:31.000Z,STD1
2024-04-10T00:08:11.000Z,STD2
2024-04-10T00:09:50.000Z,STD2
2024-04-10T00:11:30.000Z,STD2
2024-04-10T00:17:10.000Z,STD3
2024-04-10T00:18:49.000Z,STD3
2024-04-10T00:20:28.000Z,STD3
2024-04-10T00:26:08.000Z,STD4
2024-04-10T00:27:48.000Z,STD4
2024-04-10T00:29:28.000Z,STD4
2024-04-10T00:35:08.000Z,ATM
2024-04-10T00:36:48.000Z,ATM
2024-04-10T00:38:28.000Z,ATM
2024-04-10T00:40:08.000Z,ATM
2024-04-10T00:41:48.000Z,ATM
2024-04-10T00:46:53.000Z,EQU
2024-04-10T00:48:35.000Z,EQU-DRAIN
2024-04-10T00:50:37.000Z,EQU
2024-04-10T00:52:20.000Z,EQU
2024-04-10T00:54:03.000Z,EQU
2024-04-10T00:55:45.000Z,EQU
2024-04-10T00:57:28.000Z,EQU
2024-04-10T00:59:10.000Z,EQU
2024-04-10T01:00:52.000Z,EQU
2024-04-10T01:02:34.000Z,EQU
2024-04-10T01:04:17.000Z,EQU
2024-04-10T01:05:59.000Z,EQU
2024-04-10T01:07:41.000Z,EQU
2024-04-10T01:09:24.000Z,EQU
2024-04-10T01:11:06.000Z,EQU
2024-04-10T01:12:48.000Z,EQU
2024-04-10T01:14:31.000Z,EQU
2024-04-10T01:16:13.000Z,EQU
2024-04-10T01:17:55.000Z,EQU
2024-04-10T01:19:37.000Z,EQU
2024-04-10T01:21:20.000Z,EQU
2024-04-10T01:23:03.000Z,EQU
2024-04-10T01:24:46.000Z,EQU
2024-04-10T01:26:28.000Z,EQU
2024-04-10T01:28:10.000Z,EQU
2024-04-10T01:29:53.000Z,EQU
2024-04-10T01:31:35.000Z,EQU
2024-04-10T01:33:17.000Z,EQU
2024-04-10T01:35:00.000Z,EQU
2024-04-10T01:36:42.000Z,EQU
2024-04-10T01:38:24.000Z,EQU
2024-04-10T01:40:06.000Z,EQU
2024-04-10T01:41:49.000Z,EQU
2024-04-10T01:43:31.000Z,EQU
2024-04-10T01:45:13.000Z,EQU
2024-04-10T01:46:56.000Z,EQU
2024-04-10T01:48:38.000Z,EQU-DRAIN
2024-04-10T01:50:41.000Z,EQU
2024-04-10T01:52:24.000Z,EQU
2024-04-10T01:54:06.000Z,EQU
2024-04-10T01:55:48.000Z,EQU
2024-04-10T01:57:31.000Z,EQU
2024-04-10T01:59:13.000Z,EQU
2024-04-10T02:00:55.000Z,EQU
2024-04-10T02:02:38.000Z,EQU
2024-04-10T02:04:20.000Z,EQU
2024-04-10T02:06:02.000Z,EQU
2024-04-10T02:07:44.000Z,EQU
2024-04-10T02:09:27.000Z,EQU
2024-04-10T02:11:09.000Z,EQU
2024-04-10T02:12:51.000Z,EQU
2024-04-10T02:14:34.000Z,EQU
2024-04-10T02:16:16.000Z,EQU
2024-04-10T02:17:58.000Z,EQU
2024-04-10T02:19:41.000Z,EQU
2024-04-10T02:21:24.000Z,EQU
2024-04-10T02:23:07.000Z,EQU
2024-04-10T02:24:49.000Z,EQU
2024-04-10T02:26:31.000Z,EQU
2024-04-10T02:28:13.000Z,EQU
2024-04-10T02:29:56.000Z,EQU
2024-04-10T02:31:38.000Z,EQU
2024-04-10T02:33:20.000Z,EQU
2024-04-10T02:35:03.000Z,EQU
2024-04-10T02:36:45.000Z,EQU
2024-04-10T02:38:27.000Z,EQU
2024-04-10T02:40:10.000Z,EQU
2024-04-10T02:41:52.000Z,EQU
2024-04-10T02:43:34.000Z,EQU
2024-04-10T02:45:16.000Z,EQU
2024-04-10T02:46:59.000Z,EQU
2024-04-10T02:48:41.000Z,EQU-DRAIN
2024-04-10T02:50:43.000Z,EQU
2024-04-10T02:52:25.000Z,EQU
2024-04-10T02:54:08.000Z,EQU
2024-04-10T02:55:50.000Z,EQU
2024-04-10T02:57:32.000Z,EQU
2024-04-10T02:59:15.000Z,EQU
2024-04-10T03:00:57.000Z,EQU
2024-04-10T03:02:39.000Z,EQU
2024-04-10T03:04:22.000Z,EQU
2024-04-10T03:06:04.000Z,EQU
2024-04-10T03:07:46.000Z,EQU
2024-04-10T03:09:28.000Z,EQU
2024-04-10T03:11:11.000Z,EQU
2024-04-10T03:12:53.000Z,EQU
2024-04-10T03:14:35.000Z,EQU
2024-04-10T03:16:18.000Z,EQU
2024-04-10T03:18:00.000Z,EQU
2024-04-10T03:19:42.000Z,EQU
2024-04-10T03:21:24.000Z,EQU
2024-04-10T03:23:07.000Z,EQU
2024-04-10T03:24:49.000Z,EQU
2024-04-10T03:26:32.000Z,EQU
2024-04-10T03:28:15.000Z,EQU
2024-04-10T03:29:57.000Z,EQU
2024-04-10T03:31:40.000Z,EQU
2024-04-10T03:33:22.000Z,EQU
2024-04-10T03:35:04.000Z,EQU
2024-04-10T03:36:47.000Z,EQU
2024-04-10T03:42:26.000Z,STD1
2024-04-10T03:44:05.000Z,STD1
2024-04-10T03:45:45.000Z,STD1
2024-04-10T03:51:25.000Z,STD2-DRAIN
2024-04-10T03:53:24.000Z,STD2
2024-04-10T03:55:03.000Z,STD2
2024-04-10T04:00:43.000Z,STD3
2024-04-10T04:02:22.000Z,STD3
2024-04-10T04:04:02.000Z,STD3
2024-04-10T04:09:43.000Z,STD4
2024-04-10T04:11:23.000Z,STD4
2024-04-10T04:13:03.000Z,STD4
2024-04-10T04:18:43.000Z,ATM
2024-04-10T04:20:23.000Z,ATM
2024-04-10T04:22:03.000Z,ATM
2024-04-10T04:23:43.000Z,ATM
2024-04-10T04:25:23.000Z,ATM
2024-04-10T04:30:28.000Z,EQU
2024-04-10T04:32:10.000Z,EQU
2024-04-10T04:33:53.000Z,EQU
2024-04-10T04:35:35.000Z,EQU
2024-04-10T04:37:17.000Z,EQU
2024-04-10T04:38:59.000Z,EQU
2024-04-10T04:40:42.000Z,EQU
2024-04-10T04:42:24.000Z,EQU
2024-04-10T04:44:06.000Z,EQU
2024-04-10T04:45:49.000Z,EQU
2024-04-10T04:47:31.000Z,EQU
2024-04-10T04:49:13.000Z,EQU-DRAIN
2024-04-10T04:51:15.000Z,EQU
2024-04-10T04:52:58.000Z,EQU
2024-04-10T04:54:40.000Z,EQU
2024-04-10T04:57:34.000Z,EQU
2024-04-10T04:59:17.000Z,EQU
2024-04-10T05:00:59.000Z,EQU
2024-04-10T05:02:41.000Z,EQU
2024-04-10T05:04:24.000Z,EQU
2024-04-10T05:06:06.000Z,EQU
2024-04-10T05:07:48.000Z,EQU
2024-04-10T05:09:30.000Z,EQU
2024-04-10T05:11:13.000Z,EQU
2024-04-10T05:12:56.000Z,EQU
2024-04-10T05:14:39.000Z,EQU
2024-04-10T05:16:21.000Z,EQU
2024-04-10T05:18:03.000Z,EQU
2024-04-10T05:19:46.000Z,EQU
2024-04-10T05:21:28.000Z,EQU
2024-04-10T05:23:10.000Z,EQU
2024-04-10T05:24:53.000Z,EQU
2024-04-10T05:26:35.000Z,EQU
2024-04-10T05:28:17.000Z,EQU
2024-04-10T05:29:59.000Z,EQU
2024-04-10T05:31:42.000Z,EQU
2024-04-10T05:33:24.000Z,EQU
2024-04-10T05:35:06.000Z,EQU
2024-04-10T05:36:49.000Z,EQU
2024-04-10T05:38:31.000Z,EQU
2024-04-10T05:40:14.000Z,EQU
2024-04-10T05:41:57.000Z,EQU
2024-04-10T05:43:39.000Z,EQU
2024-04-10T05:45:22.000Z,EQU
2024-04-10T05:47:04.000Z,EQU
2024-04-10T05:48:46.000Z,EQU-DRAIN
2024-04-10T05:50:48.000Z,EQU
2024-04-10T05:52:31.000Z,EQU
2024-04-10T05:54:13.000Z,EQU
2024-04-10T05:55:55.000Z,EQU
2024-04-10T05:57:37.000Z,EQU
2024-04-10T05:59:20.000Z,EQU
2024-04-10T06:01:02.000Z,EQU
2024-04-10T06:02:44.000Z,EQU
2024-04-10T06:04:27.000Z,EQU
2024-04-10T06:06:09.000Z,EQU
2024-04-10T06:07:51.000Z,EQU
2024-04-10T06:09:34.000Z,EQU
2024-04-10T06:11:17.000Z,EQU
2024-04-10T06:12:59.000Z,EQU
2024-04-10T06:14:42.000Z,EQU
2024-04-10T06:16:24.000Z,EQU
2024-04-10T06:18:06.000Z,EQU
2024-04-10T06:19:49.000Z,EQU
2024-04-10T06:21:31.000Z,EQU
2024-04-10T06:23:13.000Z,EQU
2024-04-10T06:24:56.000Z,EQU
2024-04-10T06:26:38.000Z,EQU
2024-04-10T06:28:20.000Z,EQU
2024-04-10T06:30:02.000Z,EQU
2024-04-10T06:31:45.000Z,EQU
2024-04-10T06:33:27.000Z,EQU
2024-04-10T06:35:09.000Z,EQU
2024-04-10T06:36:52.000Z,EQU
2024-04-10T06:38:34.000Z,EQU
2024-04-10T06:40:16.000Z,EQU
2024-04-10T06:41:58.000Z,EQU
2024-04-10T06:43:41.000Z,EQU
2024-04-10T06:45:23.000Z,EQU
2024-04-10T06:47:05.000Z,EQU
2024-04-10T06:48:48.000Z,EQU-DRAIN
2024-04-10T06:50:50.000Z,EQU
2024-04-10T06:52:32.000Z,EQU
2024-04-10T06:54:15.000Z,EQU
2024-04-10T06:55:58.000Z,EQU
2024-04-10T06:57:40.000Z,EQU
2024-04-10T06:59:23.000Z,EQU
2024-04-10T07:01:05.000Z,EQU
2024-04-10T07:02:47.000Z,EQU
2024-04-10T07:04:29.000Z,EQU
2024-04-10T07:06:12.000Z,EQU
2024-04-10T07:07:54.000Z,EQU
2024-04-10T07:09:36.000Z,EQU
2024-04-10T07:11:19.000Z,EQU
2024-04-10T07:13:01.000Z,EQU
2024-04-10T07:14:43.000Z,EQU
2024-04-10T07:16:26.000Z,EQU
2024-04-10T07:18:08.000Z,EQU
2024-04-10T07:19:50.000Z,EQU
2024-04-10T07:21:32.000Z,EQU
2024-04-10T07:27:12.000Z,STD1
2024-04-10T07:28:51.000Z,STD1
2024-04-10T07:30:31.000Z,STD1
2024-04-10T07:36:11.000Z,STD2
2024-04-10T07:37:50.000Z,STD2
2024-04-10T07:39:30.000Z,STD2
2024-04-10T07:45:09.000Z,STD3
2024-04-10T07:46:48.000Z,STD3
2024-04-10T07:48:28.000Z,STD3-DRAIN
2024-04-10T07:54:29.000Z,STD4
2024-04-10T07:56:09.000Z,STD4
2024-04-10T07:57:48.000Z,STD4
2024-04-10T08:03:28.000Z,ATM
2024-04-10T08:05:07.000Z,ATM
2024-04-10T08:06:47.000Z,ATM
2024-04-10T08:08:27.000Z,ATM
2024-04-10T08:10:07.000Z,ATM
2024-04-10T08:15:13.000Z,EQU
2024-04-10T08:16:55.000Z,EQU
2024-04-10T08:18:37.000Z,EQU
2024-04-10T08:20:19.000Z,EQU
2024-04-10T08:22:02.000Z,EQU
2024-04-10T08:23:44.000Z,EQU
2024-04-10T08:25:26.000Z,EQU
2024-04-10T08:27:08.000Z,EQU
2024-04-10T08:28:51.000Z,EQU
2024-04-10T08:30:33.000Z,EQU
2024-04-10T08:32:15.000Z,EQU
2024-04-10T08:33:58.000Z,EQU
2024-04-10T08:35:40.000Z,EQU
2024-04-10T08:37:22.000Z,EQU
2024-04-10T08:39:05.000Z,EQU
2024-04-10T08:40:47.000Z,EQU
2024-04-10T08:42:29.000Z,EQU
2024-04-10T08:44:11.000Z,EQU
2024-04-10T08:45:54.000Z,EQU
2024-04-10T08:47:36.000Z,EQU
2024-04-10T08:49:18.000Z,EQU-DRAIN
2024-04-10T08:51:20.000Z,EQU
2024-04-10T08:53:03.000Z,EQU
2024-04-10T08:54:45.000Z,EQU
2024-04-10T08:56:27.000Z,EQU
2024-04-10T08:58:10.000Z,EQU
2024-04-10T08:59:52.000Z,EQU
2024-04-10T09:01:34.000Z,EQU
2024-04-10T09:03:17.000Z,EQU
2024-04-10T09:04:59.000Z,EQU
2024-04-10T09:06:41.000Z,EQU
2024-04-10T09:08:23.000Z,EQU
2024-04-10T09:10:06.000Z,EQU
2024-04-10T09:11:48.000Z,EQU
2024-04-10T09:13:30.000Z,EQU
2024-04-10T09:15:13.000Z,EQU
2024-04-10T09:16:55.000Z,EQU
2024-04-10T09:18:37.000Z,EQU
2024-04-10T09:20:20.000Z,EQU
2024-04-10T09:22:02.000Z,EQU
2024-04-10T09:23:44.000Z,EQU
2024-04-10T09:25:27.000Z,EQU
2024-04-10T09:27:10.000Z,EQU
2024-04-10T09:28:52.000Z,EQU
2024-04-10T09:30:35.000Z,EQU
2024-04-10T09:32:17.000Z,EQU
2024-04-10T09:33:59.000Z,EQU
2024-04-10T09:35:42.000Z,EQU
2024-04-10T09:37:24.000Z,EQU
2024-04-10T09:39:06.000Z,EQU
2024-04-10T09:40:49.000Z,EQU
2024-04-10T09:42:31.000Z,EQU
2024-04-10T09:44:13.000Z,EQU
2024-04-10T09:45:55.000Z,EQU
2024-04-10T09:47:38.000Z,EQU
2024-04-10T09:49:20.000Z,EQU-DRAIN
2024-04-10T09:51:22.000Z,EQU
2024-04-10T09:53:04.000Z,EQU
2024-04-10T09:54:47.000Z,EQU
2024-04-10T09:56:30.000Z,EQU
2024-04-10T09:58:13.000Z,EQU
2024-04-10T09:59:55.000Z,EQU
2024-04-10T10:01:37.000Z,EQU
2024-04-10T10:03:20.000Z,EQU
2024-04-10T10:05:02.000Z,EQU
2024-04-10T10:06:44.000Z,EQU
2024-04-10T10:08:26.000Z,EQU
2024-04-10T10:10:09.000Z,EQU
2024-04-10T10:11:51.000Z,EQU
2024-04-10T10:13:33.000Z,EQU
2024-04-10T10:15:16.000Z,EQU
2024-04-10T10:16:58.000Z,EQU
2024-04-10T10:18:40.000Z,EQU
2024-04-10T10:20:23.000Z,EQU
2024-04-10T10:22:05.000Z,EQU
2024-04-10T10:23:48.000Z,EQU
2024-04-10T10:25:31.000Z,EQU
2024-04-10T10:27:13.000Z,EQU
2024-04-10T10:28:55.000Z,EQU
2024-04-10T10:30:38.000Z,EQU
2024-04-10T10:32:20.000Z,EQU
2024-04-10T10:34:02.000Z,EQU
2024-04-10T10:35:45.000Z,EQU
2024-04-10T10:37:27.000Z,EQU
2024-04-10T10:39:23.000Z,EQU
2024-04-10T10:41:06.000Z,EQU
2024-04-10T10:42:48.000Z,EQU
2024-04-10T10:44:30.000Z,EQU
2024-04-10T10:46:13.000Z,EQU
2024-04-10T10:47:55.000Z,EQU
2024-04-10T10:49:37.000Z,EQU-DRAIN
2024-04-10T10:51:39.000Z,EQU
2024-04-10T10:53:22.000Z,EQU
2024-04-10T10:55:04.000Z,EQU
2024-04-10T10:56:46.000Z,EQU
2024-04-10T10:58:29.000Z,EQU
2024-04-10T11:00:11.000Z,EQU
2024-04-10T11:01:53.000Z,EQU
2024-04-10T11:03:35.000Z,EQU
2024-04-10T11:05:18.000Z,EQU
2024-04-10T11:10:57.000Z,STD1
2024-04-10T11:12:37.000Z,STD1
2024-04-10T11:14:17.000Z,STD1
2024-04-10T11:19:56.000Z,STD2
2024-04-10T11:21:35.000Z,STD2
2024-04-10T11:23:15.000Z,STD2
2024-04-10T11:28:55.000Z,STD3
2024-04-10T11:30:34.000Z,STD3
2024-04-10T11:32:14.000Z,STD3
2024-04-10T11:37:54.000Z,STD4
2024-04-10T11:39:33.000Z,STD4
2024-04-10T11:41:13.000Z,STD4
2024-04-10T11:46:56.000Z,STD1z
2024-04-10T11:52:39.000Z,STD4s-DRAIN
2024-04-10T11:58:39.000Z,STD1
2024-04-10T12:00:19.000Z,STD1
2024-04-10T12:01:59.000Z,STD1
2024-04-10T12:07:39.000Z,STD2
2024-04-10T12:09:19.000Z,STD2
2024-04-10T12:10:59.000Z,STD2
2024-04-10T12:16:40.000Z,STD3
2024-04-10T12:18:20.000Z,STD3
2024-04-10T12:20:00.000Z,STD3
2024-04-10T12:25:40.000Z,STD4
2024-04-10T12:27:18.000Z,STD4
2024-04-10T12:28:58.000Z,STD4
2024-04-10T12:34:38.000Z,ATM
2024-04-10T12:36:18.000Z,ATM
2024-04-10T12:37:58.000Z,ATM
2024-04-10T12:39:38.000Z,ATM
2024-04-10T12:41:17.000Z,ATM
2024-04-10T12:46:23.000Z,EQU
2024-04-10T12:48:05.000Z,EQU
2024-04-10T12:49:47.000Z,EQU-DRAIN
2024-04-10T12:51:49.000Z,EQU
2024-04-10T12:53:31.000Z,EQU
2024-04-10T12:55:14.000Z,EQU
2024-04-10T12:56:56.000Z,EQU
2024-04-10T12:58:38.000Z,EQU
2024-04-10T13:00:20.000Z,EQU
2024-04-10T13:02:03.000Z,EQU
2024-04-10T13:03:45.000Z,EQU
2024-04-10T13:05:27.000Z,EQU
2024-04-10T13:07:10.000Z,EQU
2024-04-10T13:08:53.000Z,EQU
2024-04-10T13:10:36.000Z,EQU
2024-04-10T13:12:18.000Z,EQU
2024-04-10T13:14:00.000Z,EQU
2024-04-10T13:15:43.000Z,EQU
2024-04-10T13:17:25.000Z,EQU
2024-04-10T13:19:07.000Z,EQU
2024-04-10T13:20:49.000Z,EQU
2024-04-10T13:22:32.000Z,EQU
2024-04-10T13:24:14.000Z,EQU
2024-04-10T13:25:56.000Z,EQU
2024-04-10T13:27:39.000Z,EQU
2024-04-10T13:29:21.000Z,EQU
2024-04-10T13:31:03.000Z,EQU
2024-04-10T13:32:46.000Z,EQU
2024-04-10T13:34:28.000Z,EQU
2024-04-10T13:36:11.000Z,EQU
2024-04-10T13:37:54.000Z,EQU
2024-04-10T13:39:36.000Z,EQU
2024-04-10T13:41:18.000Z,EQU
2024-04-10T13:43:01.000Z,EQU
2024-04-10T13:44:43.000Z,EQU
2024-04-10T13:46:25.000Z,EQU
2024-04-10T13:48:08.000Z,EQU
2024-04-10T13:49:50.000Z,EQU-DRAIN
2024-04-10T13:51:52.000Z,EQU
2024-04-10T13:53:34.000Z,EQU
2024-04-10T13:55:17.000Z,EQU
2024-04-10T13:56:59.000Z,EQU
2024-04-10T13:58:41.000Z,EQU
2024-04-10T14:00:24.000Z,EQU
2024-04-10T14:02:06.000Z,EQU
2024-04-10T14:03:48.000Z,EQU
2024-04-10T14:05:31.000Z,EQU
2024-04-10T14:07:14.000Z,EQU
2024-04-10T14:08:56.000Z,EQU
2024-04-10T14:10:39.000Z,EQU
2024-04-10T14:12:21.000Z,EQU
2024-04-10T14:14:03.000Z,EQU
2024-04-10T14:15:46.000Z,EQU
2024-04-10T14:17:28.000Z,EQU
2024-04-10T14:19:10.000Z,EQU
2024-04-10T14:20:53.000Z,EQU
2024-04-10T14:22:35.000Z,EQU
2024-04-10T14:24:17.000Z,EQU
2024-04-10T14:25:59.000Z,EQU
2024-04-10T14:27:42.000Z,EQU
2024-04-10T14:29:24.000Z,EQU
2024-04-10T14:31:06.000Z,EQU
2024-04-10T14:32:49.000Z,EQU
2024-04-10T14:34:31.000Z,EQU
2024-04-10T14:36:15.000Z,EQU
2024-04-10T14:37:57.000Z,EQU
2024-04-10T14:39:39.000Z,EQU
2024-04-10T14:41:21.000Z,EQU
2024-04-10T14:43:04.000Z,EQU
2024-04-10T14:44:46.000Z,EQU
2024-04-10T14:46:28.000Z,EQU
2024-04-10T14:48:11.000Z,EQU
2024-04-10T14:49:53.000Z,EQU-DRAIN
2024-04-10T14:51:55.000Z,EQU
2024-04-10T14:53:37.000Z,EQU
2024-04-10T14:55:20.000Z,EQU
2024-04-10T14:57:02.000Z,EQU
2024-04-10T14:58:44.000Z,EQU
2024-04-10T15:00:27.000Z,EQU
2024-04-10T15:02:09.000Z,EQU
2024-04-10T15:03:52.000Z,EQU
2024-04-10T15:05:35.000Z,EQU
2024-04-10T15:07:17.000Z,EQU
2024-04-10T15:08:59.000Z,EQU
2024-04-10T15:10:42.000Z,EQU
2024-04-10T15:12:24.000Z,EQU
2024-04-10T15:14:06.000Z,EQU
2024-04-10T15:15:49.000Z,EQU
2024-04-10T15:17:31.000Z,EQU
2024-04-10T15:19:13.000Z,EQU
2024-04-10T15:20:56.000Z,EQU
2024-04-10T15:22:38.000Z,EQU
2024-04-10T15:24:20.000Z,EQU
2024-04-10T15:26:02.000Z,EQU
2024-04-10T15:27:45.000Z,EQU
2024-04-10T15:29:27.000Z,EQU
2024-04-10T15:31:09.000Z,EQU
2024-04-10T15:32:52.000Z,EQU
2024-04-10T15:34:35.000Z,EQU
2024-04-10T15:36:18.000Z,EQU
2024-04-10T15:41:57.000Z,STD1
2024-04-10T15:43:36.000Z,STD1
2024-04-10T15:45:16.000Z,STD1
2024-04-10T15:50:56.000Z,STD2-DRAIN
2024-04-10T15:52:55.000Z,STD2
2024-04-10T15:54:35.000Z,STD2
2024-04-10T16:00:14.000Z,STD3
2024-04-10T16:01:53.000Z,STD3
2024-04-10T16:03:33.000Z,STD3
2024-04-10T16:09:13.000Z,STD4
2024-04-10T16:10:53.000Z,STD4
2024-04-10T16:12:33.000Z,STD4
2024-04-10T16:18:12.000Z,ATM
2024-04-10T16:19:51.000Z,ATM
2024-04-10T16:21:31.000Z,ATM
2024-04-10T16:23:11.000Z,ATM
2024-04-10T16:24:51.000Z,ATM
2024-04-10T16:29:56.000Z,EQU
2024-04-10T16:31:38.000Z,EQU
2024-04-10T16:33:21.000Z,EQU
2024-04-10T16:35:03.000Z,EQU
2024-04-10T16:36:45.000Z,EQU
2024-04-10T16:38:28.000Z,EQU
2024-04-10T16:40:10.000Z,EQU
2024-04-10T16:41:52.000Z,EQU
2024-04-10T16:43:34.000Z,EQU
2024-04-10T16:45:17.000Z,EQU
2024-04-10T16:46:59.000Z,EQU
2024-04-10T16:48:41.000Z,EQU
2024-04-10T16:50:24.000Z,EQU-DRAIN
2024-04-10T16:52:26.000Z,EQU
2024-04-10T16:54:08.000Z,EQU
2024-04-10T16:55:50.000Z,EQU
2024-04-10T16:57:33.000Z,EQU
2024-04-10T16:59:15.000Z,EQU
2024-04-10T17:00:57.000Z,EQU
2024-04-10T17:02:40.000Z,EQU
2024-04-10T17:04:22.000Z,EQU
2024-04-10T17:06:04.000Z,EQU
2024-04-10T17:07:46.000Z,EQU
2024-04-10T17:09:29.000Z,EQU
2024-04-10T17:11:11.000Z,EQU
2024-04-10T17:12:54.000Z,EQU
2024-04-10T17:14:36.000Z,EQU
2024-04-10T17:16:18.000Z,EQU
2024-04-10T17:18:00.000Z,EQU
2024-04-10T17:19:43.000Z,EQU
2024-04-10T17:21:25.000Z,EQU
2024-04-10T17:23:07.000Z,EQU
2024-04-10T17:24:49.000Z,EQU
2024-04-10T17:26:32.000Z,EQU
2024-04-10T17:28:14.000Z,EQU
2024-04-10T17:29:56.000Z,EQU
2024-04-10T17:31:39.000Z,EQU
2024-04-10T17:33:21.000Z,EQU
2024-04-10T17:35:03.000Z,EQU
2024-04-10T17:36:46.000Z,EQU
2024-04-10T17:38:28.000Z,EQU
2024-04-10T17:40:10.000Z,EQU
2024-04-10T17:41:52.000Z,EQU
2024-04-10T17:43:35.000Z,EQU
2024-04-10T17:45:17.000Z,EQU
2024-04-10T17:46:59.000Z,EQU
2024-04-10T17:48:42.000Z,EQU
2024-04-10T17:50:24.000Z,EQU-DRAIN
2024-04-10T17:52:26.000Z,EQU
2024-04-10T17:54:08.000Z,EQU
2024-04-10T17:55:51.000Z,EQU
2024-04-10T17:57:33.000Z,EQU
2024-04-10T17:59:15.000Z,EQU
2024-04-10T18:00:58.000Z,EQU
2024-04-10T18:02:40.000Z,EQU
2024-04-10T18:04:22.000Z,EQU
2024-04-10T18:06:04.000Z,EQU
2024-04-10T18:07:47.000Z,EQU
2024-04-10T18:09:29.000Z,EQU
2024-04-10T18:11:11.000Z,EQU
2024-04-10T18:12:54.000Z,EQU
2024-04-10T18:14:36.000Z,EQU
2024-04-10T18:16:18.000Z,EQU
2024-04-10T18:18:01.000Z,EQU
2024-04-10T18:19:43.000Z,EQU
2024-04-10T18:21:25.000Z,EQU
2024-04-10T18:23:07.000Z,EQU
2024-04-10T18:24:50.000Z,EQU
2024-04-10T18:26:32.000Z,EQU
2024-04-10T18:28:15.000Z,EQU
2024-04-10T18:29:57.000Z,EQU
2024-04-10T18:31:39.000Z,EQU
2024-04-10T18:33:21.000Z,EQU
2024-04-10T18:35:04.000Z,EQU
2024-04-10T18:36:46.000Z,EQU
2024-04-10T18:38:28.000Z,EQU
2024-04-10T18:40:10.000Z,EQU
2024-04-10T18:41:53.000Z,EQU
2024-04-10T18:43:35.000Z,EQU
2024-04-10T18:45:17.000Z,EQU
2024-04-10T18:47:00.000Z,EQU
2024-04-10T18:48:42.000Z,EQU
2024-04-10T18:50:24.000Z,EQU-DRAIN
2024-04-10T18:52:26.000Z,EQU
2024-04-10T18:54:09.000Z,EQU
2024-04-10T18:55:51.000Z,EQU
2024-04-10T18:57:33.000Z,EQU
2024-04-10T18:59:15.000Z,EQU
2024-04-10T19:00:58.000Z,EQU
2024-04-10T19:02:40.000Z,EQU
2024-04-10T19:04:22.000Z,EQU
2024-04-10T19:06:05.000Z,EQU
2024-04-10T19:07:48.000Z,EQU
2024-04-10T19:09:31.000Z,EQU
2024-04-10T19:11:13.000Z,EQU
2024-04-10T19:12:55.000Z,EQU
2024-04-10T19:14:38.000Z,EQU
2024-04-10T19:16:20.000Z,EQU
2024-04-10T19:18:02.000Z,EQU
2024-04-10T19:19:44.000Z,EQU
2024-04-10T19:25:24.000Z,STD1
2024-04-10T19:27:03.000Z,STD1
2024-04-10T19:28:43.000Z,STD1
2024-04-10T19:34:23.000Z,STD2
2024-04-10T19:36:02.000Z,STD2
2024-04-10T19:37:42.000Z,STD2
2024-04-10T19:43:22.000Z,STD3
2024-04-10T19:45:00.000Z,STD3
2024-04-10T19:46:40.000Z,STD3
2024-04-10T19:52:20.000Z,STD4-DRAIN
2024-04-10T19:54:20.000Z,STD4
2024-04-10T19:55:59.000Z,STD4
2024-04-10T20:01:39.000Z,ATM
2024-04-10T20:03:18.000Z,ATM
2024-04-10T20:04:58.000Z,ATM
2024-04-10T20:06:38.000Z,ATM
2024-04-10T20:08:18.000Z,ATM
2024-04-10T20:13:23.000Z,EQU
2024-04-10T20:15:05.000Z,EQU
2024-04-10T20:16:48.000Z,EQU
2024-04-10T20:18:30.000Z,EQU
2024-04-10T20:20:12.000Z,EQU
2024-04-10T20:21:54.000Z,EQU
2024-04-10T20:23:37.000Z,EQU
2024-04-10T20:25:19.000Z,EQU
2024-04-10T20:27:01.000Z,EQU
2024-04-10T20:28:44.000Z,EQU
2024-04-10T20:30:27.000Z,EQU
2024-04-10T20:32:10.000Z,EQU
2024-04-10T20:33:52.000Z,EQU
2024-04-10T20:35:34.000Z,EQU
2024-04-10T20:37:17.000Z,EQU
2024-04-10T20:38:59.000Z,EQU
2024-04-10T20:40:41.000Z,EQU
2024-04-10T20:42:23.000Z,EQU
2024-04-10T20:44:06.000Z,EQU
2024-04-10T20:45:48.000Z,EQU
2024-04-10T20:47:30.000Z,EQU
2024-04-10T20:49:13.000Z,EQU
2024-04-10T20:50:55.000Z,EQU-DRAIN
2024-04-10T20:52:57.000Z,EQU
2024-04-10T20:54:39.000Z,EQU
2024-04-10T20:56:22.000Z,EQU
2024-04-10T20:58:04.000Z,EQU
2024-04-10T20:59:46.000Z,EQU
2024-04-10T21:01:29.000Z,EQU
2024-04-10T21:03:11.000Z,EQU
2024-04-10T21:04:53.000Z,EQU
2024-04-10T21:06:35.000Z,EQU
2024-04-10T21:08:18.000Z,EQU
2024-04-10T21:10:00.000Z,EQU
2024-04-10T21:11:42.000Z,EQU
2024-04-10T21:13:25.000Z,EQU
2024-04-10T21:15:07.000Z,EQU
2024-04-10T21:16:49.000Z,EQU
2024-04-10T21:18:32.000Z,EQU
2024-04-10T21:20:14.000Z,EQU
2024-04-10T21:21:56.000Z,EQU
2024-04-10T21:23:38.000Z,EQU
2024-04-10T21:25:21.000Z,EQU
2024-04-10T21:27:03.000Z,EQU
2024-04-10T21:28:45.000Z,EQU
2024-04-10T21:30:28.000Z,EQU
2024-04-10T21:32:10.000Z,EQU
2024-04-10T21:33:52.000Z,EQU
2024-04-10T21:35:35.000Z,EQU
2024-04-10T21:37:17.000Z,EQU
2024-04-10T21:39:01.000Z,EQU
2024-04-10T21:40:43.000Z,EQU
2024-04-10T21:42:25.000Z,EQU
2024-04-10T21:44:08.000Z,EQU
2024-04-10T21:45:50.000Z,EQU
2024-04-10T21:47:32.000Z,EQU
2024-04-10T21:49:14.000Z,EQU
2024-04-10T21:50:57.000Z,EQU-DRAIN
2024-04-10T21:52:59.000Z,EQU
2024-04-10T21:54:41.000Z,EQU
2024-04-10T21:56:23.000Z,EQU
2024-04-10T21:58:06.000Z,EQU
2024-04-10T21:59:48.000Z,EQU
2024-04-10T22:01:30.000Z,EQU
2024-04-10T22:03:12.000Z,EQU
2024-04-10T22:04:55.000Z,EQU
2024-04-10T22:06:37.000Z,EQU
2024-04-10T22:08:19.000Z,EQU
2024-04-10T22:10:02.000Z,EQU
2024-04-10T22:11:44.000Z,EQU
2024-04-10T22:13:26.000Z,EQU
2024-04-10T22:15:09.000Z,EQU
2024-04-10T22:16:51.000Z,EQU
2024-04-10T22:18:33.000Z,EQU
2024-04-10T22:20:15.000Z,EQU
2024-04-10T22:21:58.000Z,EQU
2024-04-10T22:23:40.000Z,EQU
2024-04-10T22:25:22.000Z,EQU
2024-04-10T22:27:05.000Z,EQU
2024-04-10T22:28:47.000Z,EQU
2024-04-10T22:30:29.000Z,EQU
2024-04-10T22:32:12.000Z,EQU
2024-04-10T22:33:54.000Z,EQU
2024-04-10T22:35:36.000Z,EQU
2024-04-10T22:37:18.000Z,EQU
2024-04-10T22:39:01.000Z,EQU
2024-04-10T22:40:43.000Z,EQU
2024-04-10T22:42:25.000Z,EQU
2024-04-10T22:44:08.000Z,EQU
2024-04-10T22:45:51.000Z,EQU
2024-04-10T22:47:34.000Z,EQU
2024-04-10T22:49:16.000Z,EQU
2024-04-10T22:50:58.000Z,EQU-DRAIN
2024-04-10T22:53:00.000Z,EQU
2024-04-10T22:54:43.000Z,EQU
2024-04-10T22:56:25.000Z,EQU
2024-04-10T22:58:07.000Z,EQU
2024-04-10T22:59:50.000Z,EQU
2024-04-10T23:01:32.000Z,EQU
2024-04-10T23:03:14.000Z,EQU
2024-04-10T23:08:53.000Z,STD1
2024-04-10T23:10:32.000Z,STD1
2024-04-10T23:12:12.000Z,STD1
2024-04-10T23:17:52.000Z,STD2
2024-04-10T23:19:31.000Z,STD2
2024-04-10T23:21:11.000Z,STD2
2024-04-10T23:26:51.000Z,STD3
2024-04-10T23:28:30.000Z,STD3
2024-04-10T23:30:10.000Z,STD3
2024-04-10T23:35:50.000Z,STD4
2024-04-10T23:37:29.000Z,STD4
2024-04-10T23:39:09.000Z,STD4
2024-04-10T23:44:53.000Z,STD1z
2024-04-10T23:50:36.000Z,STD4s-DRAIN
2024-04-10T23:56:36.000Z,STD1
2024-04-10T23:58:15.000Z,STD1
2024-04-10T23:59:55.000Z,STD1
2024-04-11T00:05:35.000Z,STD2
2024-04-11T00:07:14.000Z,STD2
2024-04-11T00:08:54.000Z,STD2
2024-04-11T00:14:34.000Z,STD3
2024-04-11T00:16:13.000Z,STD3
2024-04-11T00:17:53.000Z,STD3
2024-04-11T00:23:33.000Z,STD4
2024-04-11T00:25:12.000Z,STD4
2024-04-11T00:26:52.000Z,STD4
2024-04-11T00:32:32.000Z,ATM
2024-04-11T00:34:11.000Z,ATM
2024-04-11T00:35:51.000Z,ATM
2024-04-11T00:37:31.000Z,ATM
2024-04-11T00:39:11.000Z,ATM
2024-04-11T00:44:16.000Z,EQU
2024-04-11T00:45:58.000Z,EQU
2024-04-11T00:47:40.000Z,EQU
2024-04-11T00:49:23.000Z,EQU
2024-04-11T00:51:05.000Z,EQU-DRAIN
2024-04-11T00:53:07.000Z,EQU
2024-04-11T00:54:49.000Z,EQU
2024-04-11T00:56:32.000Z,EQU
2024-04-11T00:58:14.000Z,EQU
2024-04-11T00:59:56.000Z,EQU
2024-04-11T01:01:39.000Z,EQU
2024-04-11T01:03:21.000Z,EQU
2024-04-11T01:05:03.000Z,EQU
2024-04-11T01:06:45.000Z,EQU
2024-04-11T01:08:28.000Z,EQU
2024-04-11T01:10:10.000Z,EQU
2024-04-11T01:11:52.000Z,EQU
2024-04-11T01:13:35.000Z,EQU
2024-04-11T01:15:17.000Z,EQU
2024-04-11T01:16:59.000Z,EQU
2024-04-11T01:18:42.000Z,EQU
2024-04-11T01:20:24.000Z,EQU
2024-04-11T01:22:06.000Z,EQU
2024-04-11T01:23:48.000Z,EQU
2024-04-11T01:25:31.000Z,EQU
2024-04-11T01:27:13.000Z,EQU
2024-04-11T01:28:55.000Z,EQU
2024-04-11T01:30:38.000Z,EQU
2024-04-11T01:32:21.000Z,EQU
2024-04-11T01:34:04.000Z,EQU
2024-04-11T01:35:46.000Z,EQU
2024-04-11T01:37:28.000Z,EQU
2024-04-11T01:39:11.000Z,EQU
2024-04-11T01:40:53.000Z,EQU
2024-04-11T01:42:35.000Z,EQU
2024-04-11T01:44:17.000Z,EQU
2024-04-11T01:46:00.000Z,EQU
2024-04-11T01:47:42.000Z,EQU
2024-04-11T01:49:24.000Z,EQU
2024-04-11T01:51:07.000Z,EQU-DRAIN
2024-04-11T01:53:09.000Z,EQU
2024-04-11T01:54:51.000Z,EQU
2024-04-11T01:56:33.000Z,EQU
2024-04-11T01:58:16.000Z,EQU
2024-04-11T01:59:58.000Z,EQU
2024-04-11T02:01:40.000Z,EQU
2024-04-11T02:03:23.000Z,EQU
2024-04-11T02:05:05.000Z,EQU
2024-04-11T02:06:47.000Z,EQU
2024-04-11T02:08:29.000Z,EQU
2024-04-11T02:10:12.000Z,EQU
2024-04-11T02:11:54.000Z,EQU
2024-04-11T02:13:36.000Z,EQU
2024-04-11T02:15:19.000Z,EQU
2024-04-11T02:17:01.000Z,EQU
2024-04-11T02:18:43.000Z,EQU
2024-04-11T02:20:26.000Z,EQU
2024-04-11T02:22:08.000Z,EQU
2024-04-11T02:23:50.000Z,EQU
2024-04-11T02:25:32.000Z,EQU
2024-04-11T02:27:15.000Z,EQU
2024-04-11T02:28:57.000Z,EQU
2024-04-11T02:30:39.000Z,EQU
2024-04-11T02:32:22.000Z,EQU
2024-04-11T02:34:04.000Z,EQU
2024-04-11T02:35:46.000Z,EQU
2024-04-11T02:37:29.000Z,EQU
2024-04-11T02:39:11.000Z,EQU
2024-04-11T02:40:55.000Z,EQU
2024-04-11T02:42:37.000Z,EQU
2024-04-11T02:44:19.000Z,EQU
2024-04-11T02:46:01.000Z,EQU
2024-04-11T02:47:44.000Z,EQU
2024-04-11T02:49:26.000Z,EQU
2024-04-11T02:51:08.000Z,EQU-DRAIN
2024-04-11T02:53:10.000Z,EQU
2024-04-11T02:54:53.000Z,EQU
2024-04-11T02:56:35.000Z,EQU
2024-04-11T02:58:17.000Z,EQU
2024-04-11T03:00:00.000Z,EQU
2024-04-11T03:01:42.000Z,EQU
2024-04-11T03:03:24.000Z,EQU
2024-04-11T03:05:06.000Z,EQU
2024-04-11T03:06:49.000Z,EQU
2024-04-11T03:08:31.000Z,EQU
2024-04-11T03:10:13.000Z,EQU
2024-04-11T03:11:56.000Z,EQU
2024-04-11T03:13:38.000Z,EQU
2024-04-11T03:15:20.000Z,EQU
2024-04-11T03:17:03.000Z,EQU
2024-04-11T03:18:45.000Z,EQU
2024-04-11T03:20:27.000Z,EQU
2024-04-11T03:22:09.000Z,EQU
2024-04-11T03:23:52.000Z,EQU
2024-04-11T03:25:34.000Z,EQU
2024-04-11T03:27:16.000Z,EQU
2024-04-11T03:28:59.000Z,EQU
2024-04-11T03:30:41.000Z,EQU
2024-04-11T03:32:23.000Z,EQU
2024-04-11T03:34:06.000Z,EQU
2024-04-11T03:39:45.000Z,STD1
2024-04-11T03:41:24.000Z,STD1
2024-04-11T03:43:04.000Z,STD1
2024-04-11T03:48:44.000Z,STD2
2024-04-11T03:50:23.000Z,STD2-DRAIN
2024-04-11T03:52:23.000Z,STD2
2024-04-11T03:58:02.000Z,STD3
2024-04-11T03:59:41.000Z,STD3
2024-04-11T04:01:21.000Z,STD3
2024-04-11T04:07:01.000Z,STD4
2024-04-11T04:08:41.000Z,STD4
2024-04-11T04:10:20.000Z,STD4
2024-04-11T04:16:01.000Z,ATM
2024-04-11T04:17:41.000Z,ATM
2024-04-11T04:19:21.000Z,ATM
2024-04-11T04:21:01.000Z,ATM
2024-04-11T04:22:41.000Z,ATM
2024-04-11T04:27:46.000Z,EQU
2024-04-11T04:29:28.000Z,EQU
2024-04-11T04:31:10.000Z,EQU
2024-04-11T04:32:53.000Z,EQU
2024-04-11T04:34:36.000Z,EQU
2024-04-11T04:36:18.000Z,EQU
2024-04-11T04:38:01.000Z,EQU
2024-04-11T04:39:43.000Z,EQU
2024-04-11T04:41:25.000Z,EQU
2024-04-11T04:43:07.000Z,EQU
2024-04-11T04:44:50.000Z,EQU
2024-04-11T04:46:32.000Z,EQU
2024-04-11T04:48:14.000Z,EQU
2024-04-11T04:49:57.000Z,EQU
2024-04-11T04:51:39.000Z,EQU-DRAIN
2024-04-11T04:53:41.000Z,EQU
2024-04-11T04:55:23.000Z,EQU
2024-04-11T04:57:06.000Z,EQU
2024-04-11T04:58:48.000Z,EQU
2024-04-11T05:00:30.000Z,EQU
2024-04-11T05:02:13.000Z,EQU
2024-04-11T05:03:55.000Z,EQU
2024-04-11T05:05:37.000Z,EQU
2024-04-11T05:07:19.000Z,EQU
2024-04-11T05:09:02.000Z,EQU
2024-04-11T05:10:44.000Z,EQU
2024-04-11T05:12:26.000Z,EQU
2024-04-11T05:14:09.000Z,EQU
2024-04-11T05:15:51.000Z,EQU
2024-04-11T05:17:34.000Z,EQU
2024-04-11T05:19:16.000Z,EQU
2024-04-11T05:20:58.000Z,EQU
2024-04-11T05:22:40.000Z,EQU
2024-04-11T05:24:22.000Z,EQU
2024-04-11T05:26:05.000Z,EQU
2024-04-11T05:27:47.000Z,EQU
2024-04-11T05:29:29.000Z,EQU
2024-04-11T05:31:12.000Z,EQU
2024-04-11T05:32:54.000Z,EQU
2024-04-11T05:34:36.000Z,EQU
2024-04-11T05:36:19.000Z,EQU
2024-04-11T05:38:01.000Z,EQU
2024-04-11T05:39:43.000Z,EQU
2024-04-11T05:41:25.000Z,EQU
2024-04-11T05:43:08.000Z,EQU
2024-04-11T05:44:50.000Z,EQU
2024-04-11T05:46:32.000Z,EQU
2024-04-11T05:48:15.000Z,EQU
2024-04-11T05:49:57.000Z,EQU
2024-04-11T05:51:39.000Z,EQU-DRAIN
2024-04-11T05:53:41.000Z,EQU
2024-04-11T05:55:24.000Z,EQU
2024-04-11T05:57:07.000Z,EQU
2024-04-11T05:58:50.000Z,EQU
2024-04-11T06:00:32.000Z,EQU
2024-04-11T06:02:14.000Z,EQU
2024-04-11T06:03:57.000Z,EQU
2024-04-11T06:05:39.000Z,EQU
2024-04-11T06:07:21.000Z,EQU
2024-04-11T06:09:03.000Z,EQU
2024-04-11T06:10:46.000Z,EQU
2024-04-11T06:12:28.000Z,EQU
2024-04-11T06:14:10.000Z,EQU
2024-04-11T06:15:53.000Z,EQU
2024-04-11T06:17:35.000Z,EQU
2024-04-11T06:19:17.000Z,EQU
2024-04-11T06:21:00.000Z,EQU
2024-04-11T06:22:42.000Z,EQU
2024-04-11T06:24:25.000Z,EQU
2024-04-11T06:26:06.000Z,EQU
2024-04-11T06:27:49.000Z,EQU
2024-04-11T06:29:31.000Z,EQU
2024-04-11T06:31:13.000Z,EQU
2024-04-11T06:32:56.000Z,EQU
2024-04-11T06:34:38.000Z,EQU
2024-04-11T06:36:20.000Z,EQU
2024-04-11T06:38:03.000Z,EQU
2024-04-11T06:39:45.000Z,EQU
2024-04-11T06:41:27.000Z,EQU
2024-04-11T06:43:09.000Z,EQU
2024-04-11T06:44:52.000Z,EQU
2024-04-11T06:46:34.000Z,EQU
2024-04-11T06:48:16.000Z,EQU
2024-04-11T06:49:59.000Z,EQU
2024-04-11T06:51:41.000Z,EQU-DRAIN
2024-04-11T06:53:43.000Z,EQU
2024-04-11T06:55:25.000Z,EQU
2024-04-11T06:57:08.000Z,EQU
2024-04-11T06:58:50.000Z,EQU
2024-04-11T07:00:32.000Z,EQU
2024-04-11T07:02:15.000Z,EQU
2024-04-11T07:03:58.000Z,EQU
2024-04-11T07:05:40.000Z,EQU
2024-04-11T07:07:23.000Z,EQU
2024-04-11T07:09:05.000Z,EQU
2024-04-11T07:10:47.000Z,EQU
2024-04-11T07:12:30.000Z,EQU
2024-04-11T07:14:12.000Z,EQU
2024-04-11T07:15:54.000Z,EQU
2024-04-11T07:17:37.000Z,EQU
2024-04-11T07:23:16.000Z,STD1
2024-04-11T07:25:04.000Z,STD1
2024-04-11T07:26:43.000Z,STD1
2024-04-11T07:32:23.000Z,STD2
2024-04-11T07:34:02.000Z,STD2
2024-04-11T07:35:42.000Z,STD2
2024-04-11T07:41:22.000Z,STD3
2024-04-11T07:43:01.000Z,STD3
2024-04-11T07:44:41.000Z,STD3
2024-04-11T07:50:21.000Z,STD4
2024-04-11T07:52:00.000Z,STD4-DRAIN
2024-04-11T07:54:00.000Z,STD4
2024-04-11T07:59:40.000Z,ATM
2024-04-11T08:01:18.000Z,ATM
2024-04-11T08:02:58.000Z,ATM
2024-04-11T08:04:38.000Z,ATM
2024-04-11T08:06:18.000Z,ATM
2024-04-11T08:11:24.000Z,EQU
2024-04-11T08:13:06.000Z,EQU
2024-04-11T08:14:48.000Z,EQU
2024-04-11T08:16:30.000Z,EQU
2024-04-11T08:18:13.000Z,EQU
2024-04-11T08:19:55.000Z,EQU
2024-04-11T08:21:37.000Z,EQU
2024-04-11T08:23:20.000Z,EQU
2024-04-11T08:25:02.000Z,EQU
2024-04-11T08:26:44.000Z,EQU
2024-04-11T08:28:26.000Z,EQU
2024-04-11T08:30:09.000Z,EQU
2024-04-11T08:31:51.000Z,EQU
2024-04-11T08:33:33.000Z,EQU
2024-04-11T08:35:16.000Z,EQU
2024-04-11T08:36:59.000Z,EQU
2024-04-11T08:38:42.000Z,EQU
2024-04-11T08:40:24.000Z,EQU
2024-04-11T08:42:06.000Z,EQU
2024-04-11T08:43:49.000Z,EQU
2024-04-11T08:45:31.000Z,EQU
2024-04-11T08:47:13.000Z,EQU
2024-04-11T08:48:55.000Z,EQU
2024-04-11T08:50:38.000Z,EQU
2024-04-11T08:52:20.000Z,EQU-DRAIN
2024-04-11T08:54:22.000Z,EQU
2024-04-11T08:56:04.000Z,EQU
2024-04-11T08:57:47.000Z,EQU
2024-04-11T08:59:29.000Z,EQU
2024-04-11T09:01:11.000Z,EQU
2024-04-11T09:02:54.000Z,EQU
2024-04-11T09:04:36.000Z,EQU
2024-04-11T09:06:18.000Z,EQU
2024-04-11T09:08:01.000Z,EQU
2024-04-11T09:09:43.000Z,EQU
2024-04-11T09:11:25.000Z,EQU
2024-04-11T09:13:07.000Z,EQU
2024-04-11T09:14:50.000Z,EQU
2024-04-11T09:16:32.000Z,EQU
2024-04-11T09:18:14.000Z,EQU
2024-04-11T09:19:57.000Z,EQU
2024-04-11T09:21:39.000Z,EQU
2024-04-11T09:23:21.000Z,EQU
2024-04-11T09:25:04.000Z,EQU
2024-04-11T09:26:46.000Z,EQU
2024-04-11T09:28:28.000Z,EQU
2024-04-11T09:30:10.000Z,EQU
2024-04-11T09:31:53.000Z,EQU
2024-04-11T09:33:35.000Z,EQU
2024-04-11T09:35:17.000Z,EQU
2024-04-11T09:37:00.000Z,EQU
2024-04-11T09:38:42.000Z,EQU
2024-04-11T09:40:24.000Z,EQU
2024-04-11T09:42:07.000Z,EQU
2024-04-11T09:43:49.000Z,EQU
2024-04-11T09:45:31.000Z,EQU
2024-04-11T09:47:13.000Z,EQU
2024-04-11T09:48:56.000Z,EQU
2024-04-11T09:50:38.000Z,EQU
2024-04-11T09:52:20.000Z,EQU-DRAIN
2024-04-11T09:54:22.000Z,EQU
2024-04-11T09:56:05.000Z,EQU
2024-04-11T09:57:47.000Z,EQU
2024-04-11T09:59:29.000Z,EQU
2024-04-11T10:01:12.000Z,EQU
2024-04-11T10:02:54.000Z,EQU
2024-04-11T10:04:36.000Z,EQU
2024-04-11T10:06:18.000Z,EQU
2024-04-11T10:08:01.000Z,EQU
2024-04-11T10:09:43.000Z,EQU
2024-04-11T10:11:25.000Z,EQU
2024-04-11T10:13:08.000Z,EQU
2024-04-11T10:14:50.000Z,EQU
2024-04-11T10:16:32.000Z,EQU
2024-04-11T10:18:15.000Z,EQU
2024-04-11T10:19:57.000Z,EQU
2024-04-11T10:21:39.000Z,EQU
2024-04-11T10:23:21.000Z,EQU
2024-04-11T10:25:04.000Z,EQU
2024-04-11T10:26:46.000Z,EQU
2024-04-11T10:28:28.000Z,EQU
2024-04-11T10:30:11.000Z,EQU
2024-04-11T10:31:53.000Z,EQU
2024-04-11T10:33:35.000Z,EQU
2024-04-11T10:35:18.000Z,EQU
2024-04-11T10:37:01.000Z,EQU
2024-04-11T10:38:44.000Z,EQU
2024-04-11T10:40:26.000Z,EQU
2024-04-11T10:42:08.000Z,EQU
2024-04-11T10:43:50.000Z,EQU
2024-04-11T10:45:33.000Z,EQU
2024-04-11T10:47:15.000Z,EQU
2024-04-11T10:48:57.000Z,EQU
2024-04-11T10:50:40.000Z,EQU
2024-04-11T10:52:22.000Z,EQU-DRAIN
2024-04-11T10:54:24.000Z,EQU
2024-04-11T10:56:06.000Z,EQU
2024-04-11T10:57:49.000Z,EQU
2024-04-11T10:59:31.000Z,EQU
2024-04-11T11:01:13.000Z,EQU
2024-04-11T11:06:52.000Z,STD1
2024-04-11T11:08:31.000Z,STD1
2024-04-11T11:10:11.000Z,STD1
2024-04-11T11:15:51.000Z,STD2
2024-04-11T11:17:30.000Z,STD2
2024-04-11T11:19:10.000Z,STD2
2024-04-11T11:24:50.000Z,STD3
2024-04-11T11:26:29.000Z,STD3
2024-04-11T11:28:09.000Z,STD3
2024-04-11T11:33:49.000Z,STD4
2024-04-11T11:35:28.000Z,STD4
2024-04-11T11:37:08.000Z,STD4
2024-04-11T11:42:52.000Z,STD1z
2024-04-11T11:48:35.000Z,STD4s
2024-04-11T11:54:14.000Z,STD1-DRAIN
2024-04-11T11:56:14.000Z,STD1
2024-04-11T11:57:53.000Z,STD1
2024-04-11T12:03:33.000Z,STD2
2024-04-11T12:05:12.000Z,STD2
2024-04-11T12:06:52.000Z,STD2
2024-04-11T12:12:32.000Z,STD3
2024-04-11T12:14:11.000Z,STD3
2024-04-11T12:15:51.000Z,STD3
2024-04-11T12:21:31.000Z,STD4
2024-04-11T12:23:10.000Z,STD4
2024-04-11T12:24:50.000Z,STD4
2024-04-11T12:30:30.000Z,ATM
2024-04-11T12:32:10.000Z,ATM
2024-04-11T12:33:50.000Z,ATM
2024-04-11T12:35:30.000Z,ATM
2024-04-11T12:37:10.000Z,ATM
2024-04-11T12:42:15.000Z,EQU
2024-04-11T12:43:57.000Z,EQU
2024-04-11T12:45:40.000Z,EQU
2024-04-11T12:47:23.000Z,EQU
2024-04-11T12:49:05.000Z,EQU
2024-04-11T12:50:48.000Z,EQU
2024-04-11T12:52:30.000Z,EQU-DRAIN
2024-04-11T12:54:32.000Z,EQU
2024-04-11T12:56:14.000Z,EQU
2024-04-11T12:57:57.000Z,EQU
2024-04-11T12:59:39.000Z,EQU
2024-04-11T13:01:21.000Z,EQU
2024-04-11T13:03:04.000Z,EQU
2024-04-11T13:04:46.000Z,EQU
2024-04-11T13:06:28.000Z,EQU
2024-04-11T13:08:10.000Z,EQU
2024-04-11T13:09:53.000Z,EQU
2024-04-11T13:11:35.000Z,EQU
2024-04-11T13:13:17.000Z,EQU
2024-04-11T13:15:00.000Z,EQU
2024-04-11T13:16:42.000Z,EQU
2024-04-11T13:18:24.000Z,EQU
2024-04-11T13:20:07.000Z,EQU
2024-04-11T13:21:49.000Z,EQU
2024-04-11T13:23:31.000Z,EQU
2024-04-11T13:25:13.000Z,EQU
2024-04-11T13:26:56.000Z,EQU
2024-04-11T13:28:38.000Z,EQU
2024-04-11T13:30:21.000Z,EQU
2024-04-11T13:32:03.000Z,EQU
2024-04-11T13:33:45.000Z,EQU
2024-04-11T13:35:27.000Z,EQU
2024-04-11T13:37:10.000Z,EQU
2024-04-11T13:38:52.000Z,EQU
2024-04-11T13:40:34.000Z,EQU
2024-04-11T13:42:16.000Z,EQU
2024-04-11T13:43:59.000Z,EQU
2024-04-11T13:45:41.000Z,EQU
2024-04-11T13:47:23.000Z,EQU
2024-04-11T13:49:06.000Z,EQU
2024-04-11T13:50:48.000Z,EQU
2024-04-11T13:52:30.000Z,EQU-DRAIN
2024-04-11T13:54:32.000Z,EQU
2024-04-11T13:56:15.000Z,EQU
2024-04-11T13:57:57.000Z,EQU
2024-04-11T13:59:39.000Z,EQU
2024-04-11T14:01:22.000Z,EQU
2024-04-11T14:03:04.000Z,EQU
2024-04-11T14:04:46.000Z,EQU
2024-04-11T14:06:28.000Z,EQU
2024-04-11T14:08:11.000Z,EQU
2024-04-11T14:09:54.000Z,EQU
2024-04-11T14:11:37.000Z,EQU
2024-04-11T14:13:19.000Z,EQU
2024-04-11T14:15:01.000Z,EQU
2024-04-11T14:16:44.000Z,EQU
2024-04-11T14:18:26.000Z,EQU
2024-04-11T14:20:08.000Z,EQU
2024-04-11T14:21:51.000Z,EQU
2024-04-11T14:23:33.000Z,EQU
2024-04-11T14:25:15.000Z,EQU
2024-04-11T14:26:57.000Z,EQU
2024-04-11T14:28:40.000Z,EQU
2024-04-11T14:30:22.000Z,EQU
2024-04-11T14:32:04.000Z,EQU
2024-04-11T14:33:47.000Z,EQU
2024-04-11T14:35:29.000Z,EQU
2024-04-11T14:37:12.000Z,EQU
2024-04-11T14:38:54.000Z,EQU
2024-04-11T14:40:36.000Z,EQU
2024-04-11T14:42:18.000Z,EQU
2024-04-11T14:44:00.000Z,EQU
2024-04-11T14:45:43.000Z,EQU
2024-04-11T14:47:25.000Z,EQU
2024-04-11T14:49:07.000Z,EQU
2024-04-11T14:50:50.000Z,EQU
2024-04-11T14:52:32.000Z,EQU-DRAIN
2024-04-11T14:54:34.000Z,EQU
2024-04-11T14:56:16.000Z,EQU
2024-04-11T14:57:59.000Z,EQU
2024-04-11T14:59:41.000Z,EQU
2024-04-11T15:01:23.000Z,EQU
2024-04-11T15:03:06.000Z,EQU
2024-04-11T15:04:48.000Z,EQU
2024-04-11T15:06:30.000Z,EQU
2024-04-11T15:08:12.000Z,EQU
2024-04-11T15:09:55.000Z,EQU
2024-04-11T15:11:37.000Z,EQU
2024-04-11T15:13:19.000Z,EQU
2024-04-11T15:15:02.000Z,EQU
2024-04-11T15:16:45.000Z,EQU
2024-04-11T15:18:28.000Z,EQU
2024-04-11T15:20:10.000Z,EQU
2024-04-11T15:21:52.000Z,EQU
2024-04-11T15:23:34.000Z,EQU
2024-04-11T15:25:17.000Z,EQU
2024-04-11T15:26:59.000Z,EQU
2024-04-11T15:28:41.000Z,EQU
2024-04-11T15:30:24.000Z,EQU
2024-04-11T15:32:06.000Z,EQU
2024-04-11T15:37:45.000Z,STD1
2024-04-11T15:39:24.000Z,STD1
2024-04-11T15:41:04.000Z,STD1
2024-04-11T15:46:44.000Z,STD2
2024-04-11T15:48:23.000Z,STD2
2024-04-11T15:50:03.000Z,STD2
2024-04-11T15:55:43.000Z,STD3-DRAIN
2024-04-11T15:57:43.000Z,STD3
2024-04-11T15:59:22.000Z,STD3
2024-04-11T16:05:02.000Z,STD4
2024-04-11T16:06:41.000Z,STD4
2024-04-11T16:08:21.000Z,STD4
2024-04-11T16:14:01.000Z,ATM
2024-04-11T16:15:41.000Z,ATM
2024-04-11T16:17:21.000Z,ATM
2024-04-11T16:19:01.000Z,ATM
2024-04-11T16:20:41.000Z,ATM
2024-04-11T16:25:46.000Z,EQU
2024-04-11T16:27:28.000Z,EQU
2024-04-11T16:29:11.000Z,EQU
2024-04-11T16:30:53.000Z,EQU
2024-04-11T16:32:35.000Z,EQU
2024-04-11T16:34:17.000Z,EQU
2024-04-11T16:36:00.000Z,EQU
2024-04-11T16:37:42.000Z,EQU
2024-04-11T16:39:24.000Z,EQU
2024-04-11T16:41:07.000Z,EQU
2024-04-11T16:42:49.000Z,EQU
2024-04-11T16:44:31.000Z,EQU
2024-04-11T16:46:14.000Z,EQU
2024-04-11T16:47:56.000Z,EQU
2024-04-11T16:49:38.000Z,EQU
2024-04-11T16:51:20.000Z,EQU
2024-04-11T16:53:03.000Z,EQU-DRAIN
2024-04-11T16:55:05.000Z,EQU
2024-04-11T16:56:47.000Z,EQU
2024-04-11T16:58:29.000Z,EQU
2024-04-11T17:00:12.000Z,EQU
2024-04-11T17:01:54.000Z,EQU
2024-04-11T17:03:36.000Z,EQU
2024-04-11T17:05:19.000Z,EQU
2024-04-11T17:07:01.000Z,EQU
2024-04-11T17:08:43.000Z,EQU
2024-04-11T17:10:26.000Z,EQU
2024-04-11T17:12:08.000Z,EQU
2024-04-11T17:13:50.000Z,EQU
2024-04-11T17:15:32.000Z,EQU
2024-04-11T17:17:15.000Z,EQU
2024-04-11T17:18:57.000Z,EQU
2024-04-11T17:20:39.000Z,EQU
2024-04-11T17:22:22.000Z,EQU
2024-04-11T17:24:04.000Z,EQU
2024-04-11T17:25:46.000Z,EQU
2024-04-11T17:27:29.000Z,EQU
2024-04-11T17:29:11.000Z,EQU
2024-04-11T17:30:53.000Z,EQU
2024-04-11T17:32:35.000Z,EQU
2024-04-11T17:34:18.000Z,EQU
2024-04-11T17:36:00.000Z,EQU
2024-04-11T17:37:42.000Z,EQU
2024-04-11T17:39:25.000Z,EQU
2024-04-11T17:41:07.000Z,EQU
2024-04-11T17:42:49.000Z,EQU
2024-04-11T17:44:32.000Z,EQU
2024-04-11T17:46:14.000Z,EQU
2024-04-11T17:47:58.000Z,EQU
2024-04-11T17:49:40.000Z,EQU
2024-04-11T17:51:22.000Z,EQU
2024-04-11T17:53:05.000Z,EQU-DRAIN
2024-04-11T17:55:07.000Z,EQU
2024-04-11T17:56:49.000Z,EQU
2024-04-11T17:58:31.000Z,EQU
2024-04-11T18:00:13.000Z,EQU
2024-04-11T18:01:56.000Z,EQU
2024-04-11T18:03:38.000Z,EQU
2024-04-11T18:05:20.000Z,EQU
2024-04-11T18:07:03.000Z,EQU
2024-04-11T18:08:45.000Z,EQU
2024-04-11T18:10:27.000Z,EQU
2024-04-11T18:12:10.000Z,EQU
2024-04-11T18:13:52.000Z,EQU
2024-04-11T18:15:34.000Z,EQU
2024-04-11T18:17:16.000Z,EQU
2024-04-11T18:18:59.000Z,EQU
2024-04-11T18:20:41.000Z,EQU
2024-04-11T18:22:23.000Z,EQU
2024-04-11T18:24:06.000Z,EQU
2024-04-11T18:25:48.000Z,EQU
2024-04-11T18:27:30.000Z,EQU
2024-04-11T18:29:12.000Z,EQU
2024-04-11T18:30:55.000Z,EQU
2024-04-11T18:32:37.000Z,EQU
2024-04-11T18:34:19.000Z,EQU
2024-04-11T18:36:02.000Z,EQU
2024-04-11T18:37:44.000Z,EQU
2024-04-11T18:39:26.000Z,EQU
2024-04-11T18:41:09.000Z,EQU
2024-04-11T18:42:51.000Z,EQU
2024-04-11T18:44:33.000Z,EQU
2024-04-11T18:46:16.000Z,EQU
2024-04-11T18:47:58.000Z,EQU
2024-04-11T18:49:40.000Z,EQU
2024-04-11T18:51:22.000Z,EQU
2024-04-11T18:53:05.000Z,EQU-DRAIN
2024-04-11T18:55:07.000Z,EQU
2024-04-11T18:56:49.000Z,EQU
2024-04-11T18:58:31.000Z,EQU
2024-04-11T19:00:14.000Z,EQU
2024-04-11T19:01:56.000Z,EQU
2024-04-11T19:03:38.000Z,EQU
2024-04-11T19:06:37.000Z,GO TO SLEEP
2024-04-11T19:12:14.000Z,STD1
2024-04-11T19:17:54.000Z,STD2
2024-04-11T19:23:34.000Z,STD3
2024-04-11T19:29:13.000Z,STD4
