-- This SQL is built on a database export from a known working dataset.
-- It consists of a sequence of FLUSH, MEASUREMENTS, ZERO
-- There is no pre-zero

-- Instrument
INSERT INTO `instrument` VALUES (124,1,'Contros','IT-FOS-PALOMA','48MB',1,0,NULL,'{"depth":"0","latitude":"0.0","postFlushingTime":"0","preFlushingTime":"0","longitude":"0.0","sensorGroups":[{"name":"Default","members":["p_NDIR","p_in","Zero","Flush","Runtime","Signal_raw","Signal_ref","T_gas","TEMP","SAL"]}],"diagnosticQC":{}}','2024-02-01 15:01:57','2024-02-01 16:01:57');

-- Instrument Variables
INSERT INTO `instrument_variables` VALUES (124,6,'{"zero_flush":"0.00","zero_mode":"Continuous"}','2024-02-01 15:01:57','2024-02-01 16:01:57');

-- File Definition
INSERT INTO `file_definition` VALUES (190,124,'CONTROS',';',0,2,NULL,2,22,'{"valueColumn":-1,"hemisphereColumn":-1,"format":-1}','{"valueColumn":-1,"hemisphereColumn":-1,"format":-1}','{"assignments":{"0":{"assignmentIndex":0,"column":-1,"properties":{}},"2":{"assignmentIndex":2,"column":0,"properties":{"formatString":"yyyy-MM-dd"}},"1":{"assignmentIndex":1,"column":-1,"properties":{}},"13":{"assignmentIndex":13,"column":-1,"properties":{}},"4":{"assignmentIndex":4,"column":-1,"properties":{}},"5":{"assignmentIndex":5,"column":-1,"properties":{}},"3":{"assignmentIndex":3,"column":-1,"properties":{}},"6":{"assignmentIndex":6,"column":-1,"properties":{}},"7":{"assignmentIndex":7,"column":-1,"properties":{}},"8":{"assignmentIndex":8,"column":1,"properties":{"formatString":"HH:mm:ss"}},"9":{"assignmentIndex":9,"column":-1,"properties":{}},"10":{"assignmentIndex":10,"column":-1,"properties":{}},"11":{"assignmentIndex":11,"column":-1,"properties":{}},"12":{"assignmentIndex":12,"column":-1,"properties":{}}},"fileHasHeader":true}','TimeDataFile','2024-02-01 15:01:57','2024-02-01 16:01:57'),
  (191,124,'TSG','	',0,0,NULL,1,33,'{"valueColumn":-1,"hemisphereColumn":-1,"format":-1}','{"valueColumn":-1,"hemisphereColumn":-1,"format":-1}','{"assignments":{"0":{"assignmentIndex":0,"column":1,"properties":{"formatString":"yyyy-MM-dd HH:mm:ss"}},"2":{"assignmentIndex":2,"column":-1,"properties":{}},"1":{"assignmentIndex":1,"column":-1,"properties":{}},"13":{"assignmentIndex":13,"column":-1,"properties":{}},"4":{"assignmentIndex":4,"column":-1,"properties":{}},"5":{"assignmentIndex":5,"column":-1,"properties":{}},"3":{"assignmentIndex":3,"column":-1,"properties":{}},"6":{"assignmentIndex":6,"column":-1,"properties":{}},"7":{"assignmentIndex":7,"column":-1,"properties":{}},"8":{"assignmentIndex":8,"column":-1,"properties":{}},"9":{"assignmentIndex":9,"column":-1,"properties":{}},"10":{"assignmentIndex":10,"column":-1,"properties":{}},"11":{"assignmentIndex":11,"column":-1,"properties":{}},"12":{"assignmentIndex":12,"column":-1,"properties":{}}},"fileHasHeader":false}','TimeDataFile','2024-02-01 15:01:57','2024-02-01 16:01:57');

-- File columns
INSERT INTO `file_column` VALUES (1549,191,3,1,1,'TEMP',0,'','2024-02-01 15:01:57','2024-02-01 16:01:57'),(1550,191,6,1,2,'SAL',0,'','2024-02-01 15:01:57','2024-02-01 16:01:57'),(1551,190,20,1,38,'T_gas',0,'','2024-02-01 15:01:57','2024-02-01 16:01:57'),(1552,190,4,1,40,'p_NDIR',0,'','2024-02-01 15:01:57','2024-02-01 16:01:57'),(1553,190,5,1,41,'p_in',0,'','2024-02-01 15:01:57','2024-02-01 16:01:57'),(1554,190,12,1,33,'Signal_raw',0,'','2024-02-01 15:01:57','2024-02-01 16:01:57'),(1555,190,13,1,34,'Signal_ref',0,'','2024-02-01 15:01:57','2024-02-01 16:01:57'),(1556,190,8,1,35,'Zero',0,'','2024-02-01 15:01:57','2024-02-01 16:01:57'),(1557,190,9,1,36,'Flush',0,'','2024-02-01 15:01:57','2024-02-01 16:01:57'),(1558,190,11,1,37,'Runtime',0,'','2024-02-01 15:01:57','2024-02-01 16:01:57');

-- Dataset
INSERT INTO `dataset` VALUES (2765,124,'48MB20230608',1686247205000,1686269473000,0,0,0,0,100,0,1706801066806,'{"_INSTRUMENT":{"depth":"0","latitude":"0.0","postFlushingTime":"0","preFlushingTime":"0","longitude":"0.0"},"CONTROS pCO₂":{"zero_flush":"0.00","zero_mode":"Continuous","contros.zeros":"{\"2610031.0\":0.8080710618068504,\"2612251.0\":0.8072996197776119}"},"_DATASET":{"ProcessingVersion":"v19.2.14"},"__SENSOR_OFFSETS":{}}',NULL,'{}','',1706804666807,0,'2024-02-01 15:09:12','2024-02-01 16:24:26');

-- Coordinates
INSERT INTO `coordinates` (id, dataset_id, date) VALUES
(1,2765,1686247205000),
(2,2765,1686249005000),
(3,2765,1686250805000),
(4,2765,1686252605000),
(5,2765,1686254405000),
(6,2765,1686256205000),
(7,2765,1686258005000),
(8,2765,1686259805000),
(9,2765,1686261605000),
(10,2765,1686263405000),
(11,2765,1686265205000),
(12,2765,1686267005000),
(13,2765,1686268213000),
(14,2765,1686268273000),
(15,2765,1686268333000),
(16,2765,1686268393000),
(17,2765,1686268453000),
(18,2765,1686268513000),
(19,2765,1686268573000),
(20,2765,1686268633000),
(21,2765,1686268693000),
(22,2765,1686268753000),
(23,2765,1686268805000),
(24,2765,1686268813000),
(25,2765,1686268873000),
(26,2765,1686268933000),
(27,2765,1686268993000),
(28,2765,1686269053000),
(29,2765,1686269113000),
(30,2765,1686269173000),
(31,2765,1686269233000),
(32,2765,1686269293000),
(33,2765,1686269353000),
(34,2765,1686269363000),
(35,2765,1686269373000),
(36,2765,1686269383000),
(37,2765,1686269393000),
(38,2765,1686269403000),
(39,2765,1686269413000),
(40,2765,1686269423000),
(41,2765,1686269433000),
(42,2765,1686269443000),
(43,2765,1686269453000),
(44,2765,1686269463000),
(45,2765,1686269473000),
(46,2765,1686270605000);

-- Sensor values
INSERT INTO `sensor_values` VALUES
(2075823102,1,1549,'19.4772',NULL,-2,''),
(2075823103,1,1550,'37.934',NULL,-2,''),
(2075823280,2,1549,'19.2075',NULL,-2,''),
(2075823281,2,1550,'38.048',NULL,-2,''),
(2075823282,3,1549,'19.0905',NULL,-2,''),
(2075823283,3,1550,'37.933',NULL,-2,''),
(2075823284,4,1549,'19.6279',NULL,-2,''),
(2075823285,4,1550,'37.992',NULL,-2,''),
(2075823286,5,1549,'19.7274',NULL,-2,''),
(2075823287,5,1550,'38.014',NULL,-2,''),
(2075823288,6,1549,'19.8798',NULL,-2,''),
(2075823289,6,1550,'37.938',NULL,-2,''),
(2075823290,7,1549,'19.8771',NULL,-2,''),
(2075823291,7,1550,'37.946',NULL,-2,''),
(2075823292,8,1549,'20.195',NULL,-2,''),
(2075823293,8,1550,'37.77',NULL,-2,''),
(2075823294,9,1549,'19.9382',NULL,-2,''),
(2075823295,9,1550,'37.809',NULL,-2,''),
(2075823296,10,1549,'19.8758',NULL,-2,''),
(2075823297,10,1550,'37.853',NULL,-2,''),
(2075823298,11,1549,'20.0332',NULL,-2,''),
(2075823299,11,1550,'37.813',NULL,-2,''),
(2075823300,12,1549,'20.5172',NULL,-2,''),
(2075823301,12,1550,'37.802',NULL,-2,''),
(2075823302,13,1551,'27.138',NULL,-2,''),
(2075823303,13,1552,'1096.53',NULL,-2,''),
(2075823304,13,1553,'1084.52',NULL,-2,''),
(2075823305,13,1554,'12751.0',NULL,-2,''),
(2075823306,13,1555,'17030.0',NULL,-2,''),
(2075823307,13,1556,'0.0',NULL,-2,''),
(2075823308,13,1557,'0.0',NULL,-2,''),
(2075823309,13,1558,'2611046.0',NULL,-2,''),
(2075823310,14,1551,'27.337',NULL,-2,''),
(2075823311,14,1552,'1096.38',NULL,-2,''),
(2075823312,14,1553,'1084.38',NULL,-2,''),
(2075823313,14,1554,'12742.0',NULL,-2,''),
(2075823314,14,1555,'17027.0',NULL,-2,''),
(2075823315,14,1556,'0.0',NULL,-2,''),
(2075823316,14,1557,'0.0',NULL,-2,''),
(2075823317,14,1558,'2611106.0',NULL,-2,''),
(2075823318,15,1551,'27.515',NULL,-2,''),
(2075823319,15,1552,'1096.17',NULL,-2,''),
(2075823320,15,1553,'1084.17',NULL,-2,''),
(2075823321,15,1554,'12737.0',NULL,-2,''),
(2075823322,15,1555,'17028.0',NULL,-2,''),
(2075823323,15,1556,'0.0',NULL,-2,''),
(2075823324,15,1557,'0.0',NULL,-2,''),
(2075823325,15,1558,'2611166.0',NULL,-2,''),
(2075823326,16,1551,'27.68',NULL,-2,''),
(2075823327,16,1552,'1095.63',NULL,-2,''),
(2075823328,16,1553,'1083.67',NULL,-2,''),
(2075823329,16,1554,'12737.0',NULL,-2,''),
(2075823330,16,1555,'17026.0',NULL,-2,''),
(2075823331,16,1556,'0.0',NULL,-2,''),
(2075823332,16,1557,'0.0',NULL,-2,''),
(2075823333,16,1558,'2611226.0',NULL,-2,''),
(2075823334,17,1551,'27.82',NULL,-2,''),
(2075823335,17,1552,'1095.24',NULL,-2,''),
(2075823336,17,1553,'1083.26',NULL,-2,''),
(2075823337,17,1554,'12738.0',NULL,-2,''),
(2075823338,17,1555,'17024.0',NULL,-2,''),
(2075823339,17,1556,'0.0',NULL,-2,''),
(2075823340,17,1557,'0.0',NULL,-2,''),
(2075823341,17,1558,'2611286.0',NULL,-2,''),
(2075823342,18,1551,'27.938',NULL,-2,''),
(2075823343,18,1552,'1094.76',NULL,-2,''),
(2075823344,18,1553,'1082.84',NULL,-2,''),
(2075823345,18,1554,'12739.0',NULL,-2,''),
(2075823346,18,1555,'17023.0',NULL,-2,''),
(2075823347,18,1556,'0.0',NULL,-2,''),
(2075823348,18,1557,'0.0',NULL,-2,''),
(2075823349,18,1558,'2611346.0',NULL,-2,''),
(2075823350,19,1551,'28.055',NULL,-2,''),
(2075823351,19,1552,'1094.5',NULL,-2,''),
(2075823352,19,1553,'1082.64',NULL,-2,''),
(2075823353,19,1554,'12740.0',NULL,-2,''),
(2075823354,19,1555,'17022.0',NULL,-2,''),
(2075823355,19,1556,'0.0',NULL,-2,''),
(2075823356,19,1557,'0.0',NULL,-2,''),
(2075823357,19,1558,'2611406.0',NULL,-2,''),
(2075823358,20,1551,'28.154',NULL,-2,''),
(2075823359,20,1552,'1094.53',NULL,-2,''),
(2075823360,20,1553,'1082.66',NULL,-2,''),
(2075823361,20,1554,'12737.0',NULL,-2,''),
(2075823362,20,1555,'17023.0',NULL,-2,''),
(2075823363,20,1556,'0.0',NULL,-2,''),
(2075823364,20,1557,'0.0',NULL,-2,''),
(2075823365,20,1558,'2611466.0',NULL,-2,''),
(2075823366,21,1551,'28.242',NULL,-2,''),
(2075823367,21,1552,'1094.49',NULL,-2,''),
(2075823368,21,1553,'1082.63',NULL,-2,''),
(2075823369,21,1554,'12732.0',NULL,-2,''),
(2075823370,21,1555,'17021.0',NULL,-2,''),
(2075823371,21,1556,'0.0',NULL,-2,''),
(2075823372,21,1557,'0.0',NULL,-2,''),
(2075823373,21,1558,'2611526.0',NULL,-2,''),
(2075823374,22,1551,'28.334',NULL,-2,''),
(2075823375,22,1552,'1094.44',NULL,-2,''),
(2075823376,22,1553,'1082.57',NULL,-2,''),
(2075823377,22,1554,'12728.0',NULL,-2,''),
(2075823378,22,1555,'17021.0',NULL,-2,''),
(2075823379,22,1556,'0.0',NULL,-2,''),
(2075823380,22,1557,'0.0',NULL,-2,''),
(2075823381,22,1558,'2611586.0',NULL,-2,''),
(2075823382,23,1549,'20.2378',NULL,-2,''),
(2075823383,23,1550,'37.961',NULL,-2,''),
(2075823384,24,1551,'28.416',NULL,-2,''),
(2075823385,24,1552,'1094.21',NULL,-2,''),
(2075823386,24,1553,'1082.31',NULL,-2,''),
(2075823387,24,1554,'12727.0',NULL,-2,''),
(2075823388,24,1555,'17019.0',NULL,-2,''),
(2075823389,24,1556,'0.0',NULL,-2,''),
(2075823390,24,1557,'0.0',NULL,-2,''),
(2075823391,24,1558,'2611646.0',NULL,-2,''),
(2075823392,25,1551,'28.486',NULL,-2,''),
(2075823393,25,1552,'1094.2',NULL,-2,''),
(2075823394,25,1553,'1082.25',NULL,-2,''),
(2075823395,25,1554,'12724.0',NULL,-2,''),
(2075823396,25,1555,'17018.0',NULL,-2,''),
(2075823397,25,1556,'0.0',NULL,-2,''),
(2075823398,25,1557,'0.0',NULL,-2,''),
(2075823399,25,1558,'2611706.0',NULL,-2,''),
(2075823400,26,1551,'28.561',NULL,-2,''),
(2075823401,26,1552,'1093.92',NULL,-2,''),
(2075823402,26,1553,'1082.03',NULL,-2,''),
(2075823403,26,1554,'12723.0',NULL,-2,''),
(2075823404,26,1555,'17017.0',NULL,-2,''),
(2075823405,26,1556,'0.0',NULL,-2,''),
(2075823406,26,1557,'0.0',NULL,-2,''),
(2075823407,26,1558,'2611766.0',NULL,-2,''),
(2075823408,27,1551,'28.619',NULL,-2,''),
(2075823409,27,1552,'1093.71',NULL,-2,''),
(2075823410,27,1553,'1081.82',NULL,-2,''),
(2075823411,27,1554,'12723.0',NULL,-2,''),
(2075823412,27,1555,'17018.0',NULL,-2,''),
(2075823413,27,1556,'0.0',NULL,-2,''),
(2075823414,27,1557,'0.0',NULL,-2,''),
(2075823415,27,1558,'2611826.0',NULL,-2,''),
(2075823416,28,1551,'28.687',NULL,-2,''),
(2075823417,28,1552,'1093.62',NULL,-2,''),
(2075823418,28,1553,'1081.72',NULL,-2,''),
(2075823419,28,1554,'12720.0',NULL,-2,''),
(2075823420,28,1555,'17016.0',NULL,-2,''),
(2075823421,28,1556,'0.0',NULL,-2,''),
(2075823422,28,1557,'0.0',NULL,-2,''),
(2075823423,28,1558,'2611886.0',NULL,-2,''),
(2075823424,29,1551,'28.758',NULL,-2,''),
(2075823425,29,1552,'1093.43',NULL,-2,''),
(2075823426,29,1553,'1081.56',NULL,-2,''),
(2075823427,29,1554,'12720.0',NULL,-2,''),
(2075823428,29,1555,'17016.0',NULL,-2,''),
(2075823429,29,1556,'0.0',NULL,-2,''),
(2075823430,29,1557,'0.0',NULL,-2,''),
(2075823431,29,1558,'2611946.0',NULL,-2,''),
(2075823432,30,1551,'28.819',NULL,-2,''),
(2075823433,30,1552,'1093.07',NULL,-2,''),
(2075823434,30,1553,'1081.24',NULL,-2,''),
(2075823435,30,1554,'12720.0',NULL,-2,''),
(2075823436,30,1555,'17015.0',NULL,-2,''),
(2075823437,30,1556,'0.0',NULL,-2,''),
(2075823438,30,1557,'0.0',NULL,-2,''),
(2075823439,30,1558,'2612006.0',NULL,-2,''),
(2075823440,31,1551,'28.88',NULL,-2,''),
(2075823441,31,1552,'1092.71',NULL,-2,''),
(2075823442,31,1553,'1080.9',NULL,-2,''),
(2075823443,31,1554,'12721.0',NULL,-2,''),
(2075823444,31,1555,'17015.0',NULL,-2,''),
(2075823445,31,1556,'0.0',NULL,-2,''),
(2075823446,31,1557,'0.0',NULL,-2,''),
(2075823447,31,1558,'2612066.0',NULL,-2,''),
(2075823448,32,1551,'28.935',NULL,-2,''),
(2075823449,32,1552,'1092.32',NULL,-2,''),
(2075823450,32,1553,'1080.5',NULL,-2,''),
(2075823451,32,1554,'12722.0',NULL,-2,''),
(2075823452,32,1555,'17014.0',NULL,-2,''),
(2075823453,32,1556,'0.0',NULL,-2,''),
(2075823454,32,1557,'0.0',NULL,-2,''),
(2075823455,32,1558,'2612126.0',NULL,-2,''),
(2075823456,33,1551,'28.99',NULL,-2,''),
(2075823457,33,1552,'1091.81',NULL,-2,''),
(2075823458,33,1553,'1080.0',NULL,-2,''),
(2075823459,33,1554,'12725.0',NULL,-2,''),
(2075823460,33,1555,'17014.0',NULL,-2,''),
(2075823461,33,1556,'0.0',NULL,-2,''),
(2075823462,33,1557,'0.0',NULL,-2,''),
(2075823463,33,1558,'2612186.0',NULL,-2,''),
(2075823464,34,1551,'29.069',NULL,-2,''),
(2075823465,34,1552,'1082.35',NULL,-2,''),
(2075823466,34,1553,'1080.27',NULL,-2,''),
(2075823467,34,1554,'13091.0',NULL,-2,''),
(2075823468,34,1555,'17011.0',NULL,-2,''),
(2075823469,34,1556,'1.0',NULL,-2,''),
(2075823470,34,1557,'0.0',NULL,-2,''),
(2075823471,34,1558,'2612196.0',NULL,-2,''),
(2075823472,35,1551,'29.131',NULL,-2,''),
(2075823473,35,1552,'1081.98',NULL,-2,''),
(2075823474,35,1553,'1080.22',NULL,-2,''),
(2075823475,35,1554,'13578.0',NULL,-2,''),
(2075823476,35,1555,'17008.0',NULL,-2,''),
(2075823477,35,1556,'1.0',NULL,-2,''),
(2075823478,35,1557,'0.0',NULL,-2,''),
(2075823479,35,1558,'2612206.0',NULL,-2,''),
(2075823480,36,1551,'29.175',NULL,-2,''),
(2075823481,36,1552,'1082.08',NULL,-2,''),
(2075823482,36,1553,'1080.21',NULL,-2,''),
(2075823483,36,1554,'13808.0',NULL,-2,''),
(2075823484,36,1555,'17007.0',NULL,-2,''),
(2075823485,36,1556,'1.0',NULL,-2,''),
(2075823486,36,1557,'0.0',NULL,-2,''),
(2075823487,36,1558,'2612216.0',NULL,-2,''),
(2075823488,37,1551,'29.209',NULL,-2,''),
(2075823489,37,1552,'1082.15',NULL,-2,''),
(2075823490,37,1553,'1080.16',NULL,-2,''),
(2075823491,37,1554,'13809.0',NULL,-2,''),
(2075823492,37,1555,'17006.0',NULL,-2,''),
(2075823493,37,1556,'1.0',NULL,-2,''),
(2075823494,37,1557,'0.0',NULL,-2,''),
(2075823495,37,1558,'2612226.0',NULL,-2,''),
(2075823496,38,1551,'29.233',NULL,-2,''),
(2075823497,38,1552,'1082.05',NULL,-2,''),
(2075823498,38,1553,'1080.07',NULL,-2,''),
(2075823499,38,1554,'13809.0',NULL,-2,''),
(2075823500,38,1555,'17007.0',NULL,-2,''),
(2075823501,38,1556,'1.0',NULL,-2,''),
(2075823502,38,1557,'0.0',NULL,-2,''),
(2075823503,38,1558,'2612236.0',NULL,-2,''),
(2075823504,39,1551,'29.273',NULL,-2,''),
(2075823505,39,1552,'1082.03',NULL,-2,''),
(2075823506,39,1553,'1080.01',NULL,-2,''),
(2075823507,39,1554,'13809.0',NULL,-2,''),
(2075823508,39,1555,'17007.0',NULL,-2,''),
(2075823509,39,1556,'1.0',NULL,-2,''),
(2075823510,39,1557,'0.0',NULL,-2,''),
(2075823511,39,1558,'2612246.0',NULL,-2,''),
(2075823512,40,1551,'29.297',NULL,-2,''),
(2075823513,40,1552,'1082.04',NULL,-2,''),
(2075823514,40,1553,'1079.93',NULL,-2,''),
(2075823515,40,1554,'13809.0',NULL,-2,''),
(2075823516,40,1555,'17007.0',NULL,-2,''),
(2075823517,40,1556,'1.0',NULL,-2,''),
(2075823518,40,1557,'0.0',NULL,-2,''),
(2075823519,40,1558,'2612256.0',NULL,-2,''),
(2075823520,41,1551,'29.319',NULL,-2,''),
(2075823521,41,1552,'1082.25',NULL,-2,''),
(2075823522,41,1553,'1079.8',NULL,-2,''),
(2075823523,41,1554,'13810.0',NULL,-2,''),
(2075823524,41,1555,'17007.0',NULL,-2,''),
(2075823525,41,1556,'1.0',NULL,-2,''),
(2075823526,41,1557,'0.0',NULL,-2,''),
(2075823527,41,1558,'2612266.0',NULL,-2,''),
(2075823528,42,1551,'29.345',NULL,-2,''),
(2075823529,42,1552,'1082.4',NULL,-2,''),
(2075823530,42,1553,'1079.61',NULL,-2,''),
(2075823531,42,1554,'13810.0',NULL,-2,''),
(2075823532,42,1555,'17009.0',NULL,-2,''),
(2075823533,42,1556,'1.0',NULL,-2,''),
(2075823534,42,1557,'0.0',NULL,-2,''),
(2075823535,42,1558,'2612276.0',NULL,-2,''),
(2075823536,43,1551,'29.365',NULL,-2,''),
(2075823537,43,1552,'1082.36',NULL,-2,''),
(2075823538,43,1553,'1079.5',NULL,-2,''),
(2075823539,43,1554,'13809.0',NULL,-2,''),
(2075823540,43,1555,'17007.0',NULL,-2,''),
(2075823541,43,1556,'1.0',NULL,-2,''),
(2075823542,43,1557,'0.0',NULL,-2,''),
(2075823543,43,1558,'2612286.0',NULL,-2,''),
(2075823544,44,1551,'29.389',NULL,-2,''),
(2075823545,44,1552,'1082.5',NULL,-2,''),
(2075823546,44,1553,'1079.44',NULL,-2,''),
(2075823547,44,1554,'13809.0',NULL,-2,''),
(2075823548,44,1555,'17006.0',NULL,-2,''),
(2075823549,44,1556,'1.0',NULL,-2,''),
(2075823550,44,1557,'0.0',NULL,-2,''),
(2075823551,44,1558,'2612296.0',NULL,-2,''),
(2075823552,45,1551,'29.405',NULL,-2,''),
(2075823553,45,1552,'1082.6',NULL,-2,''),
(2075823554,45,1553,'1079.36',NULL,-2,''),
(2075823555,45,1554,'13809.0',NULL,-2,''),
(2075823556,45,1555,'17006.0',NULL,-2,''),
(2075823557,45,1556,'1.0',NULL,-2,''),
(2075823558,45,1557,'0.0',NULL,-2,''),
(2075823559,45,1558,'2612306.0',NULL,-2,''),
(2075823560,46,1549,'20.3891',NULL,-2,''),
(2075823561,46,1550,'37.898',NULL,-2,'');

-- Measurements
INSERT INTO `measurements` VALUES
(189596835,26,'{"1":{"svids":[2075823382,2075823560],"suppids":[],"memberCount":2,"value":20.24855911111111,"flag":2,"qcComments":[],"type":"I","props":{}},"33":{"svids":[2075823403],"suppids":[],"memberCount":1,"value":12723.0,"flag":-2,"qcComments":[],"type":"M","props":{}},"2":{"svids":[2075823383,2075823561],"suppids":[],"memberCount":2,"value":37.95652,"flag":2,"qcComments":[],"type":"I","props":{}},"34":{"svids":[2075823404],"suppids":[],"memberCount":1,"value":17017.0,"flag":-2,"qcComments":[],"type":"M","props":{}},"35":{"svids":[2075823405],"suppids":[],"memberCount":1,"value":0.0,"flag":-2,"qcComments":[],"type":"M","props":{}},"36":{"svids":[2075823406],"suppids":[],"memberCount":1,"value":0.0,"flag":-2,"qcComments":[],"type":"M","props":{}},"37":{"svids":[2075823407],"suppids":[],"memberCount":1,"value":2611766.0,"flag":-2,"qcComments":[],"type":"M","props":{}},"38":{"svids":[2075823400],"suppids":[],"memberCount":1,"value":28.561,"flag":-2,"qcComments":[],"type":"M","props":{}},"40":{"svids":[2075823401],"suppids":[],"memberCount":1,"value":1093.92,"flag":-2,"qcComments":[],"type":"M","props":{}},"41":{"svids":[2075823402],"suppids":[],"memberCount":1,"value":1082.03,"flag":-2,"qcComments":[],"type":"M","props":{}}}'),
(189596836,25,'{"1":{"svids":[2075823382,2075823560],"suppids":[],"memberCount":2,"value":20.243515777777777,"flag":2,"qcComments":[],"type":"I","props":{}},"33":{"svids":[2075823395],"suppids":[],"memberCount":1,"value":12724.0,"flag":-2,"qcComments":[],"type":"M","props":{}},"2":{"svids":[2075823383,2075823561],"suppids":[],"memberCount":2,"value":37.95862,"flag":2,"qcComments":[],"type":"I","props":{}},"34":{"svids":[2075823396],"suppids":[],"memberCount":1,"value":17018.0,"flag":-2,"qcComments":[],"type":"M","props":{}},"35":{"svids":[2075823397],"suppids":[],"memberCount":1,"value":0.0,"flag":-2,"qcComments":[],"type":"M","props":{}},"36":{"svids":[2075823398],"suppids":[],"memberCount":1,"value":0.0,"flag":-2,"qcComments":[],"type":"M","props":{}},"37":{"svids":[2075823399],"suppids":[],"memberCount":1,"value":2611706.0,"flag":-2,"qcComments":[],"type":"M","props":{}},"38":{"svids":[2075823392],"suppids":[],"memberCount":1,"value":28.486,"flag":-2,"qcComments":[],"type":"M","props":{}},"40":{"svids":[2075823393],"suppids":[],"memberCount":1,"value":1094.2,"flag":-2,"qcComments":[],"type":"M","props":{}},"41":{"svids":[2075823394],"suppids":[],"memberCount":1,"value":1082.25,"flag":-2,"qcComments":[],"type":"M","props":{}}}'),
(189596837,35,'{"1":{"svids":[2075823382,2075823560],"suppids":[],"memberCount":2,"value":20.285543555555556,"flag":2,"qcComments":[],"type":"I","props":{}},"33":{"svids":[2075823475],"suppids":[],"memberCount":1,"value":13578.0,"flag":-2,"qcComments":[],"type":"M","props":{}},"2":{"svids":[2075823383,2075823561],"suppids":[],"memberCount":2,"value":37.94112,"flag":2,"qcComments":[],"type":"I","props":{}},"34":{"svids":[2075823476],"suppids":[],"memberCount":1,"value":17008.0,"flag":-2,"qcComments":[],"type":"M","props":{}},"35":{"svids":[2075823477],"suppids":[],"memberCount":1,"value":1.0,"flag":-2,"qcComments":[],"type":"M","props":{}},"36":{"svids":[2075823478],"suppids":[],"memberCount":1,"value":0.0,"flag":-2,"qcComments":[],"type":"M","props":{}},"37":{"svids":[2075823479],"suppids":[],"memberCount":1,"value":2612206.0,"flag":-2,"qcComments":[],"type":"M","props":{}},"38":{"svids":[2075823472],"suppids":[],"memberCount":1,"value":29.131,"flag":-2,"qcComments":[],"type":"M","props":{}},"40":{"svids":[2075823473],"suppids":[],"memberCount":1,"value":1081.98,"flag":-2,"qcComments":[],"type":"M","props":{}},"41":{"svids":[2075823474],"suppids":[],"memberCount":1,"value":1080.22,"flag":-2,"qcComments":[],"type":"M","props":{}}}'),
(189596838,14,'{"1":{"svids":[2075823300,2075823382],"suppids":[],"memberCount":2,"value":20.32037822222222,"flag":2,"qcComments":[],"type":"I","props":{}},"33":{"svids":[2075823313],"suppids":[],"memberCount":1,"value":12742.0,"flag":-2,"qcComments":[],"type":"M","props":{}},"2":{"svids":[2075823301,2075823383],"suppids":[],"memberCount":2,"value":37.914006666666666,"flag":2,"qcComments":[],"type":"I","props":{}},"34":{"svids":[2075823314],"suppids":[],"memberCount":1,"value":17027.0,"flag":-2,"qcComments":[],"type":"M","props":{}},"35":{"svids":[2075823315],"suppids":[],"memberCount":1,"value":0.0,"flag":-2,"qcComments":[],"type":"M","props":{}},"36":{"svids":[2075823316],"suppids":[],"memberCount":1,"value":0.0,"flag":-2,"qcComments":[],"type":"M","props":{}},"37":{"svids":[2075823317],"suppids":[],"memberCount":1,"value":2611106.0,"flag":-2,"qcComments":[],"type":"M","props":{}},"38":{"svids":[2075823310],"suppids":[],"memberCount":1,"value":27.337,"flag":-2,"qcComments":[],"type":"M","props":{}},"40":{"svids":[2075823311],"suppids":[],"memberCount":1,"value":1096.38,"flag":-2,"qcComments":[],"type":"M","props":{}},"41":{"svids":[2075823312],"suppids":[],"memberCount":1,"value":1084.38,"flag":-2,"qcComments":[],"type":"M","props":{}}}'),
(189596839,45,'{"1":{"svids":[2075823382,2075823560],"suppids":[],"memberCount":2,"value":20.29394911111111,"flag":2,"qcComments":[],"type":"I","props":{}},"33":{"svids":[2075823555],"suppids":[],"memberCount":1,"value":13809.0,"flag":-2,"qcComments":[],"type":"M","props":{}},"2":{"svids":[2075823383,2075823561],"suppids":[],"memberCount":2,"value":37.93762,"flag":2,"qcComments":[],"type":"I","props":{}},"34":{"svids":[2075823556],"suppids":[],"memberCount":1,"value":17006.0,"flag":-2,"qcComments":[],"type":"M","props":{}},"35":{"svids":[2075823557],"suppids":[],"memberCount":1,"value":1.0,"flag":-2,"qcComments":[],"type":"M","props":{}},"36":{"svids":[2075823558],"suppids":[],"memberCount":1,"value":0.0,"flag":-2,"qcComments":[],"type":"M","props":{}},"37":{"svids":[2075823559],"suppids":[],"memberCount":1,"value":2612306.0,"flag":-2,"qcComments":[],"type":"M","props":{}},"38":{"svids":[2075823552],"suppids":[],"memberCount":1,"value":29.405,"flag":-2,"qcComments":[],"type":"M","props":{}},"40":{"svids":[2075823553],"suppids":[],"memberCount":1,"value":1082.6,"flag":-2,"qcComments":[],"type":"M","props":{}},"41":{"svids":[2075823554],"suppids":[],"memberCount":1,"value":1079.36,"flag":-2,"qcComments":[],"type":"M","props":{}}}'),
(189596840,17,'{"1":{"svids":[2075823300,2075823382],"suppids":[],"memberCount":2,"value":20.29243822222222,"flag":2,"qcComments":[],"type":"I","props":{}},"33":{"svids":[2075823337],"suppids":[],"memberCount":1,"value":12738.0,"flag":-2,"qcComments":[],"type":"M","props":{}},"2":{"svids":[2075823301,2075823383],"suppids":[],"memberCount":2,"value":37.92990666666667,"flag":2,"qcComments":[],"type":"I","props":{}},"34":{"svids":[2075823338],"suppids":[],"memberCount":1,"value":17024.0,"flag":-2,"qcComments":[],"type":"M","props":{}},"35":{"svids":[2075823339],"suppids":[],"memberCount":1,"value":0.0,"flag":-2,"qcComments":[],"type":"M","props":{}},"36":{"svids":[2075823340],"suppids":[],"memberCount":1,"value":0.0,"flag":-2,"qcComments":[],"type":"M","props":{}},"37":{"svids":[2075823341],"suppids":[],"memberCount":1,"value":2611286.0,"flag":-2,"qcComments":[],"type":"M","props":{}},"38":{"svids":[2075823334],"suppids":[],"memberCount":1,"value":27.82,"flag":-2,"qcComments":[],"type":"M","props":{}},"40":{"svids":[2075823335],"suppids":[],"memberCount":1,"value":1095.24,"flag":-2,"qcComments":[],"type":"M","props":{}},"41":{"svids":[2075823336],"suppids":[],"memberCount":1,"value":1083.26,"flag":-2,"qcComments":[],"type":"M","props":{}}}'),
(189596841,44,'{"1":{"svids":[2075823382,2075823560],"suppids":[],"memberCount":2,"value":20.293108555555555,"flag":2,"qcComments":[],"type":"I","props":{}},"33":{"svids":[2075823547],"suppids":[],"memberCount":1,"value":13809.0,"flag":-2,"qcComments":[],"type":"M","props":{}},"2":{"svids":[2075823383,2075823561],"suppids":[],"memberCount":2,"value":37.93797,"flag":2,"qcComments":[],"type":"I","props":{}},"34":{"svids":[2075823548],"suppids":[],"memberCount":1,"value":17006.0,"flag":-2,"qcComments":[],"type":"M","props":{}},"35":{"svids":[2075823549],"suppids":[],"memberCount":1,"value":1.0,"flag":-2,"qcComments":[],"type":"M","props":{}},"36":{"svids":[2075823550],"suppids":[],"memberCount":1,"value":0.0,"flag":-2,"qcComments":[],"type":"M","props":{}},"37":{"svids":[2075823551],"suppids":[],"memberCount":1,"value":2612296.0,"flag":-2,"qcComments":[],"type":"M","props":{}},"38":{"svids":[2075823544],"suppids":[],"memberCount":1,"value":29.389,"flag":-2,"qcComments":[],"type":"M","props":{}},"40":{"svids":[2075823545],"suppids":[],"memberCount":1,"value":1082.5,"flag":-2,"qcComments":[],"type":"M","props":{}},"41":{"svids":[2075823546],"suppids":[],"memberCount":1,"value":1079.44,"flag":-2,"qcComments":[],"type":"M","props":{}}}'),
(189596842,20,'{"1":{"svids":[2075823300,2075823382],"suppids":[],"memberCount":2,"value":20.26449822222222,"flag":2,"qcComments":[],"type":"I","props":{}},"33":{"svids":[2075823361],"suppids":[],"memberCount":1,"value":12737.0,"flag":-2,"qcComments":[],"type":"M","props":{}},"2":{"svids":[2075823301,2075823383],"suppids":[],"memberCount":2,"value":37.94580666666667,"flag":2,"qcComments":[],"type":"I","props":{}},"34":{"svids":[2075823362],"suppids":[],"memberCount":1,"value":17023.0,"flag":-2,"qcComments":[],"type":"M","props":{}},"35":{"svids":[2075823363],"suppids":[],"memberCount":1,"value":0.0,"flag":-2,"qcComments":[],"type":"M","props":{}},"36":{"svids":[2075823364],"suppids":[],"memberCount":1,"value":0.0,"flag":-2,"qcComments":[],"type":"M","props":{}},"37":{"svids":[2075823365],"suppids":[],"memberCount":1,"value":2611466.0,"flag":-2,"qcComments":[],"type":"M","props":{}},"38":{"svids":[2075823358],"suppids":[],"memberCount":1,"value":28.154,"flag":-2,"qcComments":[],"type":"M","props":{}},"40":{"svids":[2075823359],"suppids":[],"memberCount":1,"value":1094.53,"flag":-2,"qcComments":[],"type":"M","props":{}},"41":{"svids":[2075823360],"suppids":[],"memberCount":1,"value":1082.66,"flag":-2,"qcComments":[],"type":"M","props":{}}}'),
(189596843,21,'{"1":{"svids":[2075823300,2075823382],"suppids":[],"memberCount":2,"value":20.255184888888888,"flag":2,"qcComments":[],"type":"I","props":{}},"33":{"svids":[2075823369],"suppids":[],"memberCount":1,"value":12732.0,"flag":-2,"qcComments":[],"type":"M","props":{}},"2":{"svids":[2075823301,2075823383],"suppids":[],"memberCount":2,"value":37.95110666666667,"flag":2,"qcComments":[],"type":"I","props":{}},"34":{"svids":[2075823370],"suppids":[],"memberCount":1,"value":17021.0,"flag":-2,"qcComments":[],"type":"M","props":{}},"35":{"svids":[2075823371],"suppids":[],"memberCount":1,"value":0.0,"flag":-2,"qcComments":[],"type":"M","props":{}},"36":{"svids":[2075823372],"suppids":[],"memberCount":1,"value":0.0,"flag":-2,"qcComments":[],"type":"M","props":{}},"37":{"svids":[2075823373],"suppids":[],"memberCount":1,"value":2611526.0,"flag":-2,"qcComments":[],"type":"M","props":{}},"38":{"svids":[2075823366],"suppids":[],"memberCount":1,"value":28.242,"flag":-2,"qcComments":[],"type":"M","props":{}},"40":{"svids":[2075823367],"suppids":[],"memberCount":1,"value":1094.49,"flag":-2,"qcComments":[],"type":"M","props":{}},"41":{"svids":[2075823368],"suppids":[],"memberCount":1,"value":1082.63,"flag":-2,"qcComments":[],"type":"M","props":{}}}'),
(189596844,32,'{"1":{"svids":[2075823382,2075823560],"suppids":[],"memberCount":2,"value":20.278819111111112,"flag":2,"qcComments":[],"type":"I","props":{}},"33":{"svids":[2075823451],"suppids":[],"memberCount":1,"value":12722.0,"flag":-2,"qcComments":[],"type":"M","props":{}},"2":{"svids":[2075823383,2075823561],"suppids":[],"memberCount":2,"value":37.94392,"flag":2,"qcComments":[],"type":"I","props":{}},"34":{"svids":[2075823452],"suppids":[],"memberCount":1,"value":17014.0,"flag":-2,"qcComments":[],"type":"M","props":{}},"35":{"svids":[2075823453],"suppids":[],"memberCount":1,"value":0.0,"flag":-2,"qcComments":[],"type":"M","props":{}},"36":{"svids":[2075823454],"suppids":[],"memberCount":1,"value":0.0,"flag":-2,"qcComments":[],"type":"M","props":{}},"37":{"svids":[2075823455],"suppids":[],"memberCount":1,"value":2612126.0,"flag":-2,"qcComments":[],"type":"M","props":{}},"38":{"svids":[2075823448],"suppids":[],"memberCount":1,"value":28.935,"flag":-2,"qcComments":[],"type":"M","props":{}},"40":{"svids":[2075823449],"suppids":[],"memberCount":1,"value":1092.32,"flag":-2,"qcComments":[],"type":"M","props":{}},"41":{"svids":[2075823450],"suppids":[],"memberCount":1,"value":1080.5,"flag":-2,"qcComments":[],"type":"M","props":{}}}'),
(189596845,40,'{"1":{"svids":[2075823382,2075823560],"suppids":[],"memberCount":2,"value":20.289746333333333,"flag":2,"qcComments":[],"type":"I","props":{}},"33":{"svids":[2075823515],"suppids":[],"memberCount":1,"value":13809.0,"flag":-2,"qcComments":[],"type":"M","props":{}},"2":{"svids":[2075823383,2075823561],"suppids":[],"memberCount":2,"value":37.93937,"flag":2,"qcComments":[],"type":"I","props":{}},"34":{"svids":[2075823516],"suppids":[],"memberCount":1,"value":17007.0,"flag":-2,"qcComments":[],"type":"M","props":{}},"35":{"svids":[2075823517],"suppids":[],"memberCount":1,"value":1.0,"flag":-2,"qcComments":[],"type":"M","props":{}},"36":{"svids":[2075823518],"suppids":[],"memberCount":1,"value":0.0,"flag":-2,"qcComments":[],"type":"M","props":{}},"37":{"svids":[2075823519],"suppids":[],"memberCount":1,"value":2612256.0,"flag":-2,"qcComments":[],"type":"M","props":{}},"38":{"svids":[2075823512],"suppids":[],"memberCount":1,"value":29.297,"flag":-2,"qcComments":[],"type":"M","props":{}},"40":{"svids":[2075823513],"suppids":[],"memberCount":1,"value":1082.04,"flag":-2,"qcComments":[],"type":"M","props":{}},"41":{"svids":[2075823514],"suppids":[],"memberCount":1,"value":1079.93,"flag":-2,"qcComments":[],"type":"M","props":{}}}'),
(189596846,41,'{"1":{"svids":[2075823382,2075823560],"suppids":[],"memberCount":2,"value":20.29058688888889,"flag":2,"qcComments":[],"type":"I","props":{}},"33":{"svids":[2075823523],"suppids":[],"memberCount":1,"value":13810.0,"flag":-2,"qcComments":[],"type":"M","props":{}},"2":{"svids":[2075823383,2075823561],"suppids":[],"memberCount":2,"value":37.93902,"flag":2,"qcComments":[],"type":"I","props":{}},"34":{"svids":[2075823524],"suppids":[],"memberCount":1,"value":17007.0,"flag":-2,"qcComments":[],"type":"M","props":{}},"35":{"svids":[2075823525],"suppids":[],"memberCount":1,"value":1.0,"flag":-2,"qcComments":[],"type":"M","props":{}},"36":{"svids":[2075823526],"suppids":[],"memberCount":1,"value":0.0,"flag":-2,"qcComments":[],"type":"M","props":{}},"37":{"svids":[2075823527],"suppids":[],"memberCount":1,"value":2612266.0,"flag":-2,"qcComments":[],"type":"M","props":{}},"38":{"svids":[2075823520],"suppids":[],"memberCount":1,"value":29.319,"flag":-2,"qcComments":[],"type":"M","props":{}},"40":{"svids":[2075823521],"suppids":[],"memberCount":1,"value":1082.25,"flag":-2,"qcComments":[],"type":"M","props":{}},"41":{"svids":[2075823522],"suppids":[],"memberCount":1,"value":1079.8,"flag":-2,"qcComments":[],"type":"M","props":{}}}'),
(189596847,13,'{"1":{"svids":[2075823300,2075823382],"suppids":[],"memberCount":2,"value":20.329691555555552,"flag":2,"qcComments":[],"type":"I","props":{}},"33":{"svids":[2075823305],"suppids":[],"memberCount":1,"value":12751.0,"flag":-2,"qcComments":[],"type":"M","props":{}},"2":{"svids":[2075823301,2075823383],"suppids":[],"memberCount":2,"value":37.90870666666667,"flag":2,"qcComments":[],"type":"I","props":{}},"34":{"svids":[2075823306],"suppids":[],"memberCount":1,"value":17030.0,"flag":-2,"qcComments":[],"type":"M","props":{}},"35":{"svids":[2075823307],"suppids":[],"memberCount":1,"value":0.0,"flag":-2,"qcComments":[],"type":"M","props":{}},"36":{"svids":[2075823308],"suppids":[],"memberCount":1,"value":0.0,"flag":-2,"qcComments":[],"type":"M","props":{}},"37":{"svids":[2075823309],"suppids":[],"memberCount":1,"value":2611046.0,"flag":-2,"qcComments":[],"type":"M","props":{}},"38":{"svids":[2075823302],"suppids":[],"memberCount":1,"value":27.138,"flag":-2,"qcComments":[],"type":"M","props":{}},"40":{"svids":[2075823303],"suppids":[],"memberCount":1,"value":1096.53,"flag":-2,"qcComments":[],"type":"M","props":{}},"41":{"svids":[2075823304],"suppids":[],"memberCount":1,"value":1084.52,"flag":-2,"qcComments":[],"type":"M","props":{}}}'),
(189596848,22,'{"1":{"svids":[2075823300,2075823382],"suppids":[],"memberCount":2,"value":20.245871555555553,"flag":2,"qcComments":[],"type":"I","props":{}},"33":{"svids":[2075823377],"suppids":[],"memberCount":1,"value":12728.0,"flag":-2,"qcComments":[],"type":"M","props":{}},"2":{"svids":[2075823301,2075823383],"suppids":[],"memberCount":2,"value":37.956406666666666,"flag":2,"qcComments":[],"type":"I","props":{}},"34":{"svids":[2075823378],"suppids":[],"memberCount":1,"value":17021.0,"flag":-2,"qcComments":[],"type":"M","props":{}},"35":{"svids":[2075823379],"suppids":[],"memberCount":1,"value":0.0,"flag":-2,"qcComments":[],"type":"M","props":{}},"36":{"svids":[2075823380],"suppids":[],"memberCount":1,"value":0.0,"flag":-2,"qcComments":[],"type":"M","props":{}},"37":{"svids":[2075823381],"suppids":[],"memberCount":1,"value":2611586.0,"flag":-2,"qcComments":[],"type":"M","props":{}},"38":{"svids":[2075823374],"suppids":[],"memberCount":1,"value":28.334,"flag":-2,"qcComments":[],"type":"M","props":{}},"40":{"svids":[2075823375],"suppids":[],"memberCount":1,"value":1094.44,"flag":-2,"qcComments":[],"type":"M","props":{}},"41":{"svids":[2075823376],"suppids":[],"memberCount":1,"value":1082.57,"flag":-2,"qcComments":[],"type":"M","props":{}}}'),
(189596849,31,'{"1":{"svids":[2075823382,2075823560],"suppids":[],"memberCount":2,"value":20.273775777777775,"flag":2,"qcComments":[],"type":"I","props":{}},"33":{"svids":[2075823443],"suppids":[],"memberCount":1,"value":12721.0,"flag":-2,"qcComments":[],"type":"M","props":{}},"2":{"svids":[2075823383,2075823561],"suppids":[],"memberCount":2,"value":37.94602,"flag":2,"qcComments":[],"type":"I","props":{}},"34":{"svids":[2075823444],"suppids":[],"memberCount":1,"value":17015.0,"flag":-2,"qcComments":[],"type":"M","props":{}},"35":{"svids":[2075823445],"suppids":[],"memberCount":1,"value":0.0,"flag":-2,"qcComments":[],"type":"M","props":{}},"36":{"svids":[2075823446],"suppids":[],"memberCount":1,"value":0.0,"flag":-2,"qcComments":[],"type":"M","props":{}},"37":{"svids":[2075823447],"suppids":[],"memberCount":1,"value":2612066.0,"flag":-2,"qcComments":[],"type":"M","props":{}},"38":{"svids":[2075823440],"suppids":[],"memberCount":1,"value":28.88,"flag":-2,"qcComments":[],"type":"M","props":{}},"40":{"svids":[2075823441],"suppids":[],"memberCount":1,"value":1092.71,"flag":-2,"qcComments":[],"type":"M","props":{}},"41":{"svids":[2075823442],"suppids":[],"memberCount":1,"value":1080.9,"flag":-2,"qcComments":[],"type":"M","props":{}}}'),
(189596850,39,'{"1":{"svids":[2075823382,2075823560],"suppids":[],"memberCount":2,"value":20.288905777777778,"flag":2,"qcComments":[],"type":"I","props":{}},"33":{"svids":[2075823507],"suppids":[],"memberCount":1,"value":13809.0,"flag":-2,"qcComments":[],"type":"M","props":{}},"2":{"svids":[2075823383,2075823561],"suppids":[],"memberCount":2,"value":37.93972,"flag":2,"qcComments":[],"type":"I","props":{}},"34":{"svids":[2075823508],"suppids":[],"memberCount":1,"value":17007.0,"flag":-2,"qcComments":[],"type":"M","props":{}},"35":{"svids":[2075823509],"suppids":[],"memberCount":1,"value":1.0,"flag":-2,"qcComments":[],"type":"M","props":{}},"36":{"svids":[2075823510],"suppids":[],"memberCount":1,"value":0.0,"flag":-2,"qcComments":[],"type":"M","props":{}},"37":{"svids":[2075823511],"suppids":[],"memberCount":1,"value":2612246.0,"flag":-2,"qcComments":[],"type":"M","props":{}},"38":{"svids":[2075823504],"suppids":[],"memberCount":1,"value":29.273,"flag":-2,"qcComments":[],"type":"M","props":{}},"40":{"svids":[2075823505],"suppids":[],"memberCount":1,"value":1082.03,"flag":-2,"qcComments":[],"type":"M","props":{}},"41":{"svids":[2075823506],"suppids":[],"memberCount":1,"value":1080.01,"flag":-2,"qcComments":[],"type":"M","props":{}}}'),
(189596851,34,'{"1":{"svids":[2075823382,2075823560],"suppids":[],"memberCount":2,"value":20.284703,"flag":2,"qcComments":[],"type":"I","props":{}},"33":{"svids":[2075823467],"suppids":[],"memberCount":1,"value":13091.0,"flag":-2,"qcComments":[],"type":"M","props":{}},"2":{"svids":[2075823383,2075823561],"suppids":[],"memberCount":2,"value":37.94147,"flag":2,"qcComments":[],"type":"I","props":{}},"34":{"svids":[2075823468],"suppids":[],"memberCount":1,"value":17011.0,"flag":-2,"qcComments":[],"type":"M","props":{}},"35":{"svids":[2075823469],"suppids":[],"memberCount":1,"value":1.0,"flag":-2,"qcComments":[],"type":"M","props":{}},"36":{"svids":[2075823470],"suppids":[],"memberCount":1,"value":0.0,"flag":-2,"qcComments":[],"type":"M","props":{}},"37":{"svids":[2075823471],"suppids":[],"memberCount":1,"value":2612196.0,"flag":-2,"qcComments":[],"type":"M","props":{}},"38":{"svids":[2075823464],"suppids":[],"memberCount":1,"value":29.069,"flag":-2,"qcComments":[],"type":"M","props":{}},"40":{"svids":[2075823465],"suppids":[],"memberCount":1,"value":1082.35,"flag":-2,"qcComments":[],"type":"M","props":{}},"41":{"svids":[2075823466],"suppids":[],"memberCount":1,"value":1080.27,"flag":-2,"qcComments":[],"type":"M","props":{}}}'),
(189596852,15,'{"1":{"svids":[2075823300,2075823382],"suppids":[],"memberCount":2,"value":20.311064888888886,"flag":2,"qcComments":[],"type":"I","props":{}},"33":{"svids":[2075823321],"suppids":[],"memberCount":1,"value":12737.0,"flag":-2,"qcComments":[],"type":"M","props":{}},"2":{"svids":[2075823301,2075823383],"suppids":[],"memberCount":2,"value":37.919306666666664,"flag":2,"qcComments":[],"type":"I","props":{}},"34":{"svids":[2075823322],"suppids":[],"memberCount":1,"value":17028.0,"flag":-2,"qcComments":[],"type":"M","props":{}},"35":{"svids":[2075823323],"suppids":[],"memberCount":1,"value":0.0,"flag":-2,"qcComments":[],"type":"M","props":{}},"36":{"svids":[2075823324],"suppids":[],"memberCount":1,"value":0.0,"flag":-2,"qcComments":[],"type":"M","props":{}},"37":{"svids":[2075823325],"suppids":[],"memberCount":1,"value":2611166.0,"flag":-2,"qcComments":[],"type":"M","props":{}},"38":{"svids":[2075823318],"suppids":[],"memberCount":1,"value":27.515,"flag":-2,"qcComments":[],"type":"M","props":{}},"40":{"svids":[2075823319],"suppids":[],"memberCount":1,"value":1096.17,"flag":-2,"qcComments":[],"type":"M","props":{}},"41":{"svids":[2075823320],"suppids":[],"memberCount":1,"value":1084.17,"flag":-2,"qcComments":[],"type":"M","props":{}}}'),
(189596853,18,'{"1":{"svids":[2075823300,2075823382],"suppids":[],"memberCount":2,"value":20.28312488888889,"flag":2,"qcComments":[],"type":"I","props":{}},"33":{"svids":[2075823345],"suppids":[],"memberCount":1,"value":12739.0,"flag":-2,"qcComments":[],"type":"M","props":{}},"2":{"svids":[2075823301,2075823383],"suppids":[],"memberCount":2,"value":37.935206666666666,"flag":2,"qcComments":[],"type":"I","props":{}},"34":{"svids":[2075823346],"suppids":[],"memberCount":1,"value":17023.0,"flag":-2,"qcComments":[],"type":"M","props":{}},"35":{"svids":[2075823347],"suppids":[],"memberCount":1,"value":0.0,"flag":-2,"qcComments":[],"type":"M","props":{}},"36":{"svids":[2075823348],"suppids":[],"memberCount":1,"value":0.0,"flag":-2,"qcComments":[],"type":"M","props":{}},"37":{"svids":[2075823349],"suppids":[],"memberCount":1,"value":2611346.0,"flag":-2,"qcComments":[],"type":"M","props":{}},"38":{"svids":[2075823342],"suppids":[],"memberCount":1,"value":27.938,"flag":-2,"qcComments":[],"type":"M","props":{}},"40":{"svids":[2075823343],"suppids":[],"memberCount":1,"value":1094.76,"flag":-2,"qcComments":[],"type":"M","props":{}},"41":{"svids":[2075823344],"suppids":[],"memberCount":1,"value":1082.84,"flag":-2,"qcComments":[],"type":"M","props":{}}}'),
(189596854,38,'{"1":{"svids":[2075823382,2075823560],"suppids":[],"memberCount":2,"value":20.288065222222222,"flag":2,"qcComments":[],"type":"I","props":{}},"33":{"svids":[2075823499],"suppids":[],"memberCount":1,"value":13809.0,"flag":-2,"qcComments":[],"type":"M","props":{}},"2":{"svids":[2075823383,2075823561],"suppids":[],"memberCount":2,"value":37.94007,"flag":2,"qcComments":[],"type":"I","props":{}},"34":{"svids":[2075823500],"suppids":[],"memberCount":1,"value":17007.0,"flag":-2,"qcComments":[],"type":"M","props":{}},"35":{"svids":[2075823501],"suppids":[],"memberCount":1,"value":1.0,"flag":-2,"qcComments":[],"type":"M","props":{}},"36":{"svids":[2075823502],"suppids":[],"memberCount":1,"value":0.0,"flag":-2,"qcComments":[],"type":"M","props":{}},"37":{"svids":[2075823503],"suppids":[],"memberCount":1,"value":2612236.0,"flag":-2,"qcComments":[],"type":"M","props":{}},"38":{"svids":[2075823496],"suppids":[],"memberCount":1,"value":29.233,"flag":-2,"qcComments":[],"type":"M","props":{}},"40":{"svids":[2075823497],"suppids":[],"memberCount":1,"value":1082.05,"flag":-2,"qcComments":[],"type":"M","props":{}},"41":{"svids":[2075823498],"suppids":[],"memberCount":1,"value":1080.07,"flag":-2,"qcComments":[],"type":"M","props":{}}}'),
(189596855,19,'{"1":{"svids":[2075823300,2075823382],"suppids":[],"memberCount":2,"value":20.273811555555554,"flag":2,"qcComments":[],"type":"I","props":{}},"33":{"svids":[2075823353],"suppids":[],"memberCount":1,"value":12740.0,"flag":-2,"qcComments":[],"type":"M","props":{}},"2":{"svids":[2075823301,2075823383],"suppids":[],"memberCount":2,"value":37.940506666666664,"flag":2,"qcComments":[],"type":"I","props":{}},"34":{"svids":[2075823354],"suppids":[],"memberCount":1,"value":17022.0,"flag":-2,"qcComments":[],"type":"M","props":{}},"35":{"svids":[2075823355],"suppids":[],"memberCount":1,"value":0.0,"flag":-2,"qcComments":[],"type":"M","props":{}},"36":{"svids":[2075823356],"suppids":[],"memberCount":1,"value":0.0,"flag":-2,"qcComments":[],"type":"M","props":{}},"37":{"svids":[2075823357],"suppids":[],"memberCount":1,"value":2611406.0,"flag":-2,"qcComments":[],"type":"M","props":{}},"38":{"svids":[2075823350],"suppids":[],"memberCount":1,"value":28.055,"flag":-2,"qcComments":[],"type":"M","props":{}},"40":{"svids":[2075823351],"suppids":[],"memberCount":1,"value":1094.5,"flag":-2,"qcComments":[],"type":"M","props":{}},"41":{"svids":[2075823352],"suppids":[],"memberCount":1,"value":1082.64,"flag":-2,"qcComments":[],"type":"M","props":{}}}'),
(189596856,27,'{"1":{"svids":[2075823382,2075823560],"suppids":[],"memberCount":2,"value":20.253602444444443,"flag":2,"qcComments":[],"type":"I","props":{}},"33":{"svids":[2075823411],"suppids":[],"memberCount":1,"value":12723.0,"flag":-2,"qcComments":[],"type":"M","props":{}},"2":{"svids":[2075823383,2075823561],"suppids":[],"memberCount":2,"value":37.95442,"flag":2,"qcComments":[],"type":"I","props":{}},"34":{"svids":[2075823412],"suppids":[],"memberCount":1,"value":17018.0,"flag":-2,"qcComments":[],"type":"M","props":{}},"35":{"svids":[2075823413],"suppids":[],"memberCount":1,"value":0.0,"flag":-2,"qcComments":[],"type":"M","props":{}},"36":{"svids":[2075823414],"suppids":[],"memberCount":1,"value":0.0,"flag":-2,"qcComments":[],"type":"M","props":{}},"37":{"svids":[2075823415],"suppids":[],"memberCount":1,"value":2611826.0,"flag":-2,"qcComments":[],"type":"M","props":{}},"38":{"svids":[2075823408],"suppids":[],"memberCount":1,"value":28.619,"flag":-2,"qcComments":[],"type":"M","props":{}},"40":{"svids":[2075823409],"suppids":[],"memberCount":1,"value":1093.71,"flag":-2,"qcComments":[],"type":"M","props":{}},"41":{"svids":[2075823410],"suppids":[],"memberCount":1,"value":1081.82,"flag":-2,"qcComments":[],"type":"M","props":{}}}'),
(189596857,30,'{"1":{"svids":[2075823382,2075823560],"suppids":[],"memberCount":2,"value":20.268732444444442,"flag":2,"qcComments":[],"type":"I","props":{}},"33":{"svids":[2075823435],"suppids":[],"memberCount":1,"value":12720.0,"flag":-2,"qcComments":[],"type":"M","props":{}},"2":{"svids":[2075823383,2075823561],"suppids":[],"memberCount":2,"value":37.94812,"flag":2,"qcComments":[],"type":"I","props":{}},"34":{"svids":[2075823436],"suppids":[],"memberCount":1,"value":17015.0,"flag":-2,"qcComments":[],"type":"M","props":{}},"35":{"svids":[2075823437],"suppids":[],"memberCount":1,"value":0.0,"flag":-2,"qcComments":[],"type":"M","props":{}},"36":{"svids":[2075823438],"suppids":[],"memberCount":1,"value":0.0,"flag":-2,"qcComments":[],"type":"M","props":{}},"37":{"svids":[2075823439],"suppids":[],"memberCount":1,"value":2612006.0,"flag":-2,"qcComments":[],"type":"M","props":{}},"38":{"svids":[2075823432],"suppids":[],"memberCount":1,"value":28.819,"flag":-2,"qcComments":[],"type":"M","props":{}},"40":{"svids":[2075823433],"suppids":[],"memberCount":1,"value":1093.07,"flag":-2,"qcComments":[],"type":"M","props":{}},"41":{"svids":[2075823434],"suppids":[],"memberCount":1,"value":1081.24,"flag":-2,"qcComments":[],"type":"M","props":{}}}'),
(189596858,33,'{"1":{"svids":[2075823382,2075823560],"suppids":[],"memberCount":2,"value":20.283862444444445,"flag":2,"qcComments":[],"type":"I","props":{}},"33":{"svids":[2075823459],"suppids":[],"memberCount":1,"value":12725.0,"flag":-2,"qcComments":[],"type":"M","props":{}},"2":{"svids":[2075823383,2075823561],"suppids":[],"memberCount":2,"value":37.94182,"flag":2,"qcComments":[],"type":"I","props":{}},"34":{"svids":[2075823460],"suppids":[],"memberCount":1,"value":17014.0,"flag":-2,"qcComments":[],"type":"M","props":{}},"35":{"svids":[2075823461],"suppids":[],"memberCount":1,"value":0.0,"flag":-2,"qcComments":[],"type":"M","props":{}},"36":{"svids":[2075823462],"suppids":[],"memberCount":1,"value":0.0,"flag":-2,"qcComments":[],"type":"M","props":{}},"37":{"svids":[2075823463],"suppids":[],"memberCount":1,"value":2612186.0,"flag":-2,"qcComments":[],"type":"M","props":{}},"38":{"svids":[2075823456],"suppids":[],"memberCount":1,"value":28.99,"flag":-2,"qcComments":[],"type":"M","props":{}},"40":{"svids":[2075823457],"suppids":[],"memberCount":1,"value":1091.81,"flag":-2,"qcComments":[],"type":"M","props":{}},"41":{"svids":[2075823458],"suppids":[],"memberCount":1,"value":1080.0,"flag":-2,"qcComments":[],"type":"M","props":{}}}'),
(189596859,24,'{"1":{"svids":[2075823382,2075823560],"suppids":[],"memberCount":2,"value":20.238472444444444,"flag":2,"qcComments":[],"type":"I","props":{}},"33":{"svids":[2075823387],"suppids":[],"memberCount":1,"value":12727.0,"flag":-2,"qcComments":[],"type":"M","props":{}},"2":{"svids":[2075823383,2075823561],"suppids":[],"memberCount":2,"value":37.96072,"flag":2,"qcComments":[],"type":"I","props":{}},"34":{"svids":[2075823388],"suppids":[],"memberCount":1,"value":17019.0,"flag":-2,"qcComments":[],"type":"M","props":{}},"35":{"svids":[2075823389],"suppids":[],"memberCount":1,"value":0.0,"flag":-2,"qcComments":[],"type":"M","props":{}},"36":{"svids":[2075823390],"suppids":[],"memberCount":1,"value":0.0,"flag":-2,"qcComments":[],"type":"M","props":{}},"37":{"svids":[2075823391],"suppids":[],"memberCount":1,"value":2611646.0,"flag":-2,"qcComments":[],"type":"M","props":{}},"38":{"svids":[2075823384],"suppids":[],"memberCount":1,"value":28.416,"flag":-2,"qcComments":[],"type":"M","props":{}},"40":{"svids":[2075823385],"suppids":[],"memberCount":1,"value":1094.21,"flag":-2,"qcComments":[],"type":"M","props":{}},"41":{"svids":[2075823386],"suppids":[],"memberCount":1,"value":1082.31,"flag":-2,"qcComments":[],"type":"M","props":{}}}'),
(189596860,42,'{"1":{"svids":[2075823382,2075823560],"suppids":[],"memberCount":2,"value":20.291427444444444,"flag":2,"qcComments":[],"type":"I","props":{}},"33":{"svids":[2075823531],"suppids":[],"memberCount":1,"value":13810.0,"flag":-2,"qcComments":[],"type":"M","props":{}},"2":{"svids":[2075823383,2075823561],"suppids":[],"memberCount":2,"value":37.93867,"flag":2,"qcComments":[],"type":"I","props":{}},"34":{"svids":[2075823532],"suppids":[],"memberCount":1,"value":17009.0,"flag":-2,"qcComments":[],"type":"M","props":{}},"35":{"svids":[2075823533],"suppids":[],"memberCount":1,"value":1.0,"flag":-2,"qcComments":[],"type":"M","props":{}},"36":{"svids":[2075823534],"suppids":[],"memberCount":1,"value":0.0,"flag":-2,"qcComments":[],"type":"M","props":{}},"37":{"svids":[2075823535],"suppids":[],"memberCount":1,"value":2612276.0,"flag":-2,"qcComments":[],"type":"M","props":{}},"38":{"svids":[2075823528],"suppids":[],"memberCount":1,"value":29.345,"flag":-2,"qcComments":[],"type":"M","props":{}},"40":{"svids":[2075823529],"suppids":[],"memberCount":1,"value":1082.4,"flag":-2,"qcComments":[],"type":"M","props":{}},"41":{"svids":[2075823530],"suppids":[],"memberCount":1,"value":1079.61,"flag":-2,"qcComments":[],"type":"M","props":{}}}'),
(189596861,37,'{"1":{"svids":[2075823382,2075823560],"suppids":[],"memberCount":2,"value":20.287224666666667,"flag":2,"qcComments":[],"type":"I","props":{}},"33":{"svids":[2075823491],"suppids":[],"memberCount":1,"value":13809.0,"flag":-2,"qcComments":[],"type":"M","props":{}},"2":{"svids":[2075823383,2075823561],"suppids":[],"memberCount":2,"value":37.94042,"flag":2,"qcComments":[],"type":"I","props":{}},"34":{"svids":[2075823492],"suppids":[],"memberCount":1,"value":17006.0,"flag":-2,"qcComments":[],"type":"M","props":{}},"35":{"svids":[2075823493],"suppids":[],"memberCount":1,"value":1.0,"flag":-2,"qcComments":[],"type":"M","props":{}},"36":{"svids":[2075823494],"suppids":[],"memberCount":1,"value":0.0,"flag":-2,"qcComments":[],"type":"M","props":{}},"37":{"svids":[2075823495],"suppids":[],"memberCount":1,"value":2612226.0,"flag":-2,"qcComments":[],"type":"M","props":{}},"38":{"svids":[2075823488],"suppids":[],"memberCount":1,"value":29.209,"flag":-2,"qcComments":[],"type":"M","props":{}},"40":{"svids":[2075823489],"suppids":[],"memberCount":1,"value":1082.15,"flag":-2,"qcComments":[],"type":"M","props":{}},"41":{"svids":[2075823490],"suppids":[],"memberCount":1,"value":1080.16,"flag":-2,"qcComments":[],"type":"M","props":{}}}'),
(189596862,36,'{"1":{"svids":[2075823382,2075823560],"suppids":[],"memberCount":2,"value":20.28638411111111,"flag":2,"qcComments":[],"type":"I","props":{}},"33":{"svids":[2075823483],"suppids":[],"memberCount":1,"value":13808.0,"flag":-2,"qcComments":[],"type":"M","props":{}},"2":{"svids":[2075823383,2075823561],"suppids":[],"memberCount":2,"value":37.94077,"flag":2,"qcComments":[],"type":"I","props":{}},"34":{"svids":[2075823484],"suppids":[],"memberCount":1,"value":17007.0,"flag":-2,"qcComments":[],"type":"M","props":{}},"35":{"svids":[2075823485],"suppids":[],"memberCount":1,"value":1.0,"flag":-2,"qcComments":[],"type":"M","props":{}},"36":{"svids":[2075823486],"suppids":[],"memberCount":1,"value":0.0,"flag":-2,"qcComments":[],"type":"M","props":{}},"37":{"svids":[2075823487],"suppids":[],"memberCount":1,"value":2612216.0,"flag":-2,"qcComments":[],"type":"M","props":{}},"38":{"svids":[2075823480],"suppids":[],"memberCount":1,"value":29.175,"flag":-2,"qcComments":[],"type":"M","props":{}},"40":{"svids":[2075823481],"suppids":[],"memberCount":1,"value":1082.08,"flag":-2,"qcComments":[],"type":"M","props":{}},"41":{"svids":[2075823482],"suppids":[],"memberCount":1,"value":1080.21,"flag":-2,"qcComments":[],"type":"M","props":{}}}'),
(189596863,16,'{"1":{"svids":[2075823300,2075823382],"suppids":[],"memberCount":2,"value":20.301751555555555,"flag":2,"qcComments":[],"type":"I","props":{}},"33":{"svids":[2075823329],"suppids":[],"memberCount":1,"value":12737.0,"flag":-2,"qcComments":[],"type":"M","props":{}},"2":{"svids":[2075823301,2075823383],"suppids":[],"memberCount":2,"value":37.92460666666667,"flag":2,"qcComments":[],"type":"I","props":{}},"34":{"svids":[2075823330],"suppids":[],"memberCount":1,"value":17026.0,"flag":-2,"qcComments":[],"type":"M","props":{}},"35":{"svids":[2075823331],"suppids":[],"memberCount":1,"value":0.0,"flag":-2,"qcComments":[],"type":"M","props":{}},"36":{"svids":[2075823332],"suppids":[],"memberCount":1,"value":0.0,"flag":-2,"qcComments":[],"type":"M","props":{}},"37":{"svids":[2075823333],"suppids":[],"memberCount":1,"value":2611226.0,"flag":-2,"qcComments":[],"type":"M","props":{}},"38":{"svids":[2075823326],"suppids":[],"memberCount":1,"value":27.68,"flag":-2,"qcComments":[],"type":"M","props":{}},"40":{"svids":[2075823327],"suppids":[],"memberCount":1,"value":1095.63,"flag":-2,"qcComments":[],"type":"M","props":{}},"41":{"svids":[2075823328],"suppids":[],"memberCount":1,"value":1083.67,"flag":-2,"qcComments":[],"type":"M","props":{}}}'),
(189596864,28,'{"1":{"svids":[2075823382,2075823560],"suppids":[],"memberCount":2,"value":20.258645777777776,"flag":2,"qcComments":[],"type":"I","props":{}},"33":{"svids":[2075823419],"suppids":[],"memberCount":1,"value":12720.0,"flag":-2,"qcComments":[],"type":"M","props":{}},"2":{"svids":[2075823383,2075823561],"suppids":[],"memberCount":2,"value":37.95232,"flag":2,"qcComments":[],"type":"I","props":{}},"34":{"svids":[2075823420],"suppids":[],"memberCount":1,"value":17016.0,"flag":-2,"qcComments":[],"type":"M","props":{}},"35":{"svids":[2075823421],"suppids":[],"memberCount":1,"value":0.0,"flag":-2,"qcComments":[],"type":"M","props":{}},"36":{"svids":[2075823422],"suppids":[],"memberCount":1,"value":0.0,"flag":-2,"qcComments":[],"type":"M","props":{}},"37":{"svids":[2075823423],"suppids":[],"memberCount":1,"value":2611886.0,"flag":-2,"qcComments":[],"type":"M","props":{}},"38":{"svids":[2075823416],"suppids":[],"memberCount":1,"value":28.687,"flag":-2,"qcComments":[],"type":"M","props":{}},"40":{"svids":[2075823417],"suppids":[],"memberCount":1,"value":1093.62,"flag":-2,"qcComments":[],"type":"M","props":{}},"41":{"svids":[2075823418],"suppids":[],"memberCount":1,"value":1081.72,"flag":-2,"qcComments":[],"type":"M","props":{}}}'),
(189596865,43,'{"1":{"svids":[2075823382,2075823560],"suppids":[],"memberCount":2,"value":20.292268,"flag":2,"qcComments":[],"type":"I","props":{}},"33":{"svids":[2075823539],"suppids":[],"memberCount":1,"value":13809.0,"flag":-2,"qcComments":[],"type":"M","props":{}},"2":{"svids":[2075823383,2075823561],"suppids":[],"memberCount":2,"value":37.93832,"flag":2,"qcComments":[],"type":"I","props":{}},"34":{"svids":[2075823540],"suppids":[],"memberCount":1,"value":17007.0,"flag":-2,"qcComments":[],"type":"M","props":{}},"35":{"svids":[2075823541],"suppids":[],"memberCount":1,"value":1.0,"flag":-2,"qcComments":[],"type":"M","props":{}},"36":{"svids":[2075823542],"suppids":[],"memberCount":1,"value":0.0,"flag":-2,"qcComments":[],"type":"M","props":{}},"37":{"svids":[2075823543],"suppids":[],"memberCount":1,"value":2612286.0,"flag":-2,"qcComments":[],"type":"M","props":{}},"38":{"svids":[2075823536],"suppids":[],"memberCount":1,"value":29.365,"flag":-2,"qcComments":[],"type":"M","props":{}},"40":{"svids":[2075823537],"suppids":[],"memberCount":1,"value":1082.36,"flag":-2,"qcComments":[],"type":"M","props":{}},"41":{"svids":[2075823538],"suppids":[],"memberCount":1,"value":1079.5,"flag":-2,"qcComments":[],"type":"M","props":{}}}'),
(189596866,29,'{"1":{"svids":[2075823382,2075823560],"suppids":[],"memberCount":2,"value":20.26368911111111,"flag":2,"qcComments":[],"type":"I","props":{}},"33":{"svids":[2075823427],"suppids":[],"memberCount":1,"value":12720.0,"flag":-2,"qcComments":[],"type":"M","props":{}},"2":{"svids":[2075823383,2075823561],"suppids":[],"memberCount":2,"value":37.95022,"flag":2,"qcComments":[],"type":"I","props":{}},"34":{"svids":[2075823428],"suppids":[],"memberCount":1,"value":17016.0,"flag":-2,"qcComments":[],"type":"M","props":{}},"35":{"svids":[2075823429],"suppids":[],"memberCount":1,"value":0.0,"flag":-2,"qcComments":[],"type":"M","props":{}},"36":{"svids":[2075823430],"suppids":[],"memberCount":1,"value":0.0,"flag":-2,"qcComments":[],"type":"M","props":{}},"37":{"svids":[2075823431],"suppids":[],"memberCount":1,"value":2611946.0,"flag":-2,"qcComments":[],"type":"M","props":{}},"38":{"svids":[2075823424],"suppids":[],"memberCount":1,"value":28.758,"flag":-2,"qcComments":[],"type":"M","props":{}},"40":{"svids":[2075823425],"suppids":[],"memberCount":1,"value":1093.43,"flag":-2,"qcComments":[],"type":"M","props":{}},"41":{"svids":[2075823426],"suppids":[],"memberCount":1,"value":1081.56,"flag":-2,"qcComments":[],"type":"M","props":{}}}');

-- Measurement run types
INSERT INTO `measurement_run_types` VALUES (189596835,6,'__M'),(189596836,6,'__M'),(189596837,6,'__C'),(189596838,6,'__M'),(189596839,6,'__C'),(189596840,6,'__M'),(189596841,6,'__C'),(189596842,6,'__M'),(189596843,6,'__M'),(189596844,6,'__M'),(189596845,6,'__C'),(189596846,6,'__C'),(189596847,6,'__M'),(189596848,6,'__M'),(189596849,6,'__M'),(189596850,6,'__C'),(189596851,6,'__C'),(189596852,6,'__M'),(189596853,6,'__M'),(189596854,6,'__C'),(189596855,6,'__M'),(189596856,6,'__M'),(189596857,6,'__M'),(189596858,6,'__M'),(189596859,6,'__M'),(189596860,6,'__C'),(189596861,6,'__C'),(189596862,6,'__C'),(189596863,6,'__M'),(189596864,6,'__M'),(189596865,6,'__C'),(189596866,6,'__M');
