-- This SQL is built on a database export from a known working dataset.
-- It consists of a sequence of FLUSH, MEASUREMENTS, ZERO
-- There is no pre-zero

-- Instrument
INSERT INTO `instrument` VALUES (124,1,'Contros','IT-FOS-PALOMA','48MB',0,NULL,'{"depth":"0","latitude":"0.0","postFlushingTime":"0","preFlushingTime":"0","longitude":"0.0","sensorGroups":[{"name":"Default","members":["p_NDIR","p_in","Zero","Flush","Runtime","Signal_raw","Signal_ref","T_gas","TEMP","SAL"]}],"diagnosticQC":{}}','2024-02-01 15:01:57','2024-02-01 16:01:57');

-- Instrument Variables
INSERT INTO `instrument_variables` VALUES (124,6,'{"zero_flush":"0.00","zero_mode":"Continuous"}','2024-02-01 15:01:57','2024-02-01 16:01:57');

-- File Definition
INSERT INTO `file_definition` VALUES (190,124,'CONTROS',';',0,2,NULL,2,22,'{"valueColumn":-1,"hemisphereColumn":-1,"format":-1}','{"valueColumn":-1,"hemisphereColumn":-1,"format":-1}','{"assignments":{"0":{"assignmentIndex":0,"column":-1,"properties":{}},"2":{"assignmentIndex":2,"column":0,"properties":{"formatString":"yyyy-MM-dd"}},"1":{"assignmentIndex":1,"column":-1,"properties":{}},"13":{"assignmentIndex":13,"column":-1,"properties":{}},"4":{"assignmentIndex":4,"column":-1,"properties":{}},"5":{"assignmentIndex":5,"column":-1,"properties":{}},"3":{"assignmentIndex":3,"column":-1,"properties":{}},"6":{"assignmentIndex":6,"column":-1,"properties":{}},"7":{"assignmentIndex":7,"column":-1,"properties":{}},"8":{"assignmentIndex":8,"column":1,"properties":{"formatString":"HH:mm:ss"}},"9":{"assignmentIndex":9,"column":-1,"properties":{}},"10":{"assignmentIndex":10,"column":-1,"properties":{}},"11":{"assignmentIndex":11,"column":-1,"properties":{}},"12":{"assignmentIndex":12,"column":-1,"properties":{}}},"fileHasHeader":true}','2024-02-01 15:01:57','2024-02-01 16:01:57'),(191,124,'TSG','	',0,0,NULL,1,33,'{"valueColumn":-1,"hemisphereColumn":-1,"format":-1}','{"valueColumn":-1,"hemisphereColumn":-1,"format":-1}','{"assignments":{"0":{"assignmentIndex":0,"column":1,"properties":{"formatString":"yyyy-MM-dd HH:mm:ss"}},"2":{"assignmentIndex":2,"column":-1,"properties":{}},"1":{"assignmentIndex":1,"column":-1,"properties":{}},"13":{"assignmentIndex":13,"column":-1,"properties":{}},"4":{"assignmentIndex":4,"column":-1,"properties":{}},"5":{"assignmentIndex":5,"column":-1,"properties":{}},"3":{"assignmentIndex":3,"column":-1,"properties":{}},"6":{"assignmentIndex":6,"column":-1,"properties":{}},"7":{"assignmentIndex":7,"column":-1,"properties":{}},"8":{"assignmentIndex":8,"column":-1,"properties":{}},"9":{"assignmentIndex":9,"column":-1,"properties":{}},"10":{"assignmentIndex":10,"column":-1,"properties":{}},"11":{"assignmentIndex":11,"column":-1,"properties":{}},"12":{"assignmentIndex":12,"column":-1,"properties":{}}},"fileHasHeader":false}','2024-02-01 15:01:57','2024-02-01 16:01:57');

-- File columns
INSERT INTO `file_column` VALUES (1549,191,3,1,1,'TEMP',0,'','2024-02-01 15:01:57','2024-02-01 16:01:57'),(1550,191,6,1,2,'SAL',0,'','2024-02-01 15:01:57','2024-02-01 16:01:57'),(1551,190,20,1,38,'T_gas',0,'','2024-02-01 15:01:57','2024-02-01 16:01:57'),(1552,190,4,1,40,'p_NDIR',0,'','2024-02-01 15:01:57','2024-02-01 16:01:57'),(1553,190,5,1,41,'p_in',0,'','2024-02-01 15:01:57','2024-02-01 16:01:57'),(1554,190,12,1,33,'Signal_raw',0,'','2024-02-01 15:01:57','2024-02-01 16:01:57'),(1555,190,13,1,34,'Signal_ref',0,'','2024-02-01 15:01:57','2024-02-01 16:01:57'),(1556,190,8,1,35,'Zero',0,'','2024-02-01 15:01:57','2024-02-01 16:01:57'),(1557,190,9,1,36,'Flush',0,'','2024-02-01 15:01:57','2024-02-01 16:01:57'),(1558,190,11,1,37,'Runtime',0,'','2024-02-01 15:01:57','2024-02-01 16:01:57');

-- Dataset
INSERT INTO `dataset` VALUES (2765,124,'48MB20230608',1686247205000,1686269473000,0,0,0,0,100,0,1706801066806,'{"_INSTRUMENT":{"depth":"0","latitude":"0.0","postFlushingTime":"0","preFlushingTime":"0","longitude":"0.0"},"CONTROS pCO₂":{"zero_flush":"0.00","zero_mode":"Continuous","contros.zeros":"{\"2610031.0\":0.8080710618068504,\"2612251.0\":0.8072996197776119}"},"_DATASET":{"ProcessingVersion":"v19.2.14"},"__SENSOR_OFFSETS":{}}',NULL,'{}','',1706804666807,0,'2024-02-01 15:09:12','2024-02-01 16:24:26');


-- Sensor values
INSERT INTO `sensor_values` VALUES (2075823102,2765,1549,1686247205000,'19.4772',NULL,-2,''),(2075823103,2765,1550,1686247205000,'37.934',NULL,-2,''),(2075823280,2765,1549,1686249005000,'19.2075',NULL,-2,''),(2075823281,2765,1550,1686249005000,'38.048',NULL,-2,''),(2075823282,2765,1549,1686250805000,'19.0905',NULL,-2,''),(2075823283,2765,1550,1686250805000,'37.933',NULL,-2,''),(2075823284,2765,1549,1686252605000,'19.6279',NULL,-2,''),(2075823285,2765,1550,1686252605000,'37.992',NULL,-2,''),(2075823286,2765,1549,1686254405000,'19.7274',NULL,-2,''),(2075823287,2765,1550,1686254405000,'38.014',NULL,-2,''),(2075823288,2765,1549,1686256205000,'19.8798',NULL,-2,''),(2075823289,2765,1550,1686256205000,'37.938',NULL,-2,''),(2075823290,2765,1549,1686258005000,'19.8771',NULL,-2,''),(2075823291,2765,1550,1686258005000,'37.946',NULL,-2,''),(2075823292,2765,1549,1686259805000,'20.195',NULL,-2,''),(2075823293,2765,1550,1686259805000,'37.77',NULL,-2,''),(2075823294,2765,1549,1686261605000,'19.9382',NULL,-2,''),(2075823295,2765,1550,1686261605000,'37.809',NULL,-2,''),(2075823296,2765,1549,1686263405000,'19.8758',NULL,-2,''),(2075823297,2765,1550,1686263405000,'37.853',NULL,-2,''),(2075823298,2765,1549,1686265205000,'20.0332',NULL,-2,''),(2075823299,2765,1550,1686265205000,'37.813',NULL,-2,''),(2075823300,2765,1549,1686267005000,'20.5172',NULL,-2,''),(2075823301,2765,1550,1686267005000,'37.802',NULL,-2,''),(2075823302,2765,1551,1686268213000,'27.138',NULL,-2,''),(2075823303,2765,1552,1686268213000,'1096.53',NULL,-2,''),(2075823304,2765,1553,1686268213000,'1084.52',NULL,-2,''),(2075823305,2765,1554,1686268213000,'12751.0',NULL,-2,''),(2075823306,2765,1555,1686268213000,'17030.0',NULL,-2,''),(2075823307,2765,1556,1686268213000,'0.0',NULL,-2,''),(2075823308,2765,1557,1686268213000,'0.0',NULL,-2,''),(2075823309,2765,1558,1686268213000,'2611046.0',NULL,-2,''),(2075823310,2765,1551,1686268273000,'27.337',NULL,-2,''),(2075823311,2765,1552,1686268273000,'1096.38',NULL,-2,''),(2075823312,2765,1553,1686268273000,'1084.38',NULL,-2,''),(2075823313,2765,1554,1686268273000,'12742.0',NULL,-2,''),(2075823314,2765,1555,1686268273000,'17027.0',NULL,-2,''),(2075823315,2765,1556,1686268273000,'0.0',NULL,-2,''),(2075823316,2765,1557,1686268273000,'0.0',NULL,-2,''),(2075823317,2765,1558,1686268273000,'2611106.0',NULL,-2,''),(2075823318,2765,1551,1686268333000,'27.515',NULL,-2,''),(2075823319,2765,1552,1686268333000,'1096.17',NULL,-2,''),(2075823320,2765,1553,1686268333000,'1084.17',NULL,-2,''),(2075823321,2765,1554,1686268333000,'12737.0',NULL,-2,''),(2075823322,2765,1555,1686268333000,'17028.0',NULL,-2,''),(2075823323,2765,1556,1686268333000,'0.0',NULL,-2,''),(2075823324,2765,1557,1686268333000,'0.0',NULL,-2,''),(2075823325,2765,1558,1686268333000,'2611166.0',NULL,-2,''),(2075823326,2765,1551,1686268393000,'27.68',NULL,-2,''),(2075823327,2765,1552,1686268393000,'1095.63',NULL,-2,''),(2075823328,2765,1553,1686268393000,'1083.67',NULL,-2,''),(2075823329,2765,1554,1686268393000,'12737.0',NULL,-2,''),(2075823330,2765,1555,1686268393000,'17026.0',NULL,-2,''),(2075823331,2765,1556,1686268393000,'0.0',NULL,-2,''),(2075823332,2765,1557,1686268393000,'0.0',NULL,-2,''),(2075823333,2765,1558,1686268393000,'2611226.0',NULL,-2,''),(2075823334,2765,1551,1686268453000,'27.82',NULL,-2,''),(2075823335,2765,1552,1686268453000,'1095.24',NULL,-2,''),(2075823336,2765,1553,1686268453000,'1083.26',NULL,-2,''),(2075823337,2765,1554,1686268453000,'12738.0',NULL,-2,''),(2075823338,2765,1555,1686268453000,'17024.0',NULL,-2,''),(2075823339,2765,1556,1686268453000,'0.0',NULL,-2,''),(2075823340,2765,1557,1686268453000,'0.0',NULL,-2,''),(2075823341,2765,1558,1686268453000,'2611286.0',NULL,-2,''),(2075823342,2765,1551,1686268513000,'27.938',NULL,-2,''),(2075823343,2765,1552,1686268513000,'1094.76',NULL,-2,''),(2075823344,2765,1553,1686268513000,'1082.84',NULL,-2,''),(2075823345,2765,1554,1686268513000,'12739.0',NULL,-2,''),(2075823346,2765,1555,1686268513000,'17023.0',NULL,-2,''),(2075823347,2765,1556,1686268513000,'0.0',NULL,-2,''),(2075823348,2765,1557,1686268513000,'0.0',NULL,-2,''),(2075823349,2765,1558,1686268513000,'2611346.0',NULL,-2,''),(2075823350,2765,1551,1686268573000,'28.055',NULL,-2,''),(2075823351,2765,1552,1686268573000,'1094.5',NULL,-2,''),(2075823352,2765,1553,1686268573000,'1082.64',NULL,-2,''),(2075823353,2765,1554,1686268573000,'12740.0',NULL,-2,''),(2075823354,2765,1555,1686268573000,'17022.0',NULL,-2,''),(2075823355,2765,1556,1686268573000,'0.0',NULL,-2,''),(2075823356,2765,1557,1686268573000,'0.0',NULL,-2,''),(2075823357,2765,1558,1686268573000,'2611406.0',NULL,-2,''),(2075823358,2765,1551,1686268633000,'28.154',NULL,-2,''),(2075823359,2765,1552,1686268633000,'1094.53',NULL,-2,''),(2075823360,2765,1553,1686268633000,'1082.66',NULL,-2,''),(2075823361,2765,1554,1686268633000,'12737.0',NULL,-2,''),(2075823362,2765,1555,1686268633000,'17023.0',NULL,-2,''),(2075823363,2765,1556,1686268633000,'0.0',NULL,-2,''),(2075823364,2765,1557,1686268633000,'0.0',NULL,-2,''),(2075823365,2765,1558,1686268633000,'2611466.0',NULL,-2,''),(2075823366,2765,1551,1686268693000,'28.242',NULL,-2,''),(2075823367,2765,1552,1686268693000,'1094.49',NULL,-2,''),(2075823368,2765,1553,1686268693000,'1082.63',NULL,-2,''),(2075823369,2765,1554,1686268693000,'12732.0',NULL,-2,''),(2075823370,2765,1555,1686268693000,'17021.0',NULL,-2,''),(2075823371,2765,1556,1686268693000,'0.0',NULL,-2,''),(2075823372,2765,1557,1686268693000,'0.0',NULL,-2,''),(2075823373,2765,1558,1686268693000,'2611526.0',NULL,-2,''),(2075823374,2765,1551,1686268753000,'28.334',NULL,-2,''),(2075823375,2765,1552,1686268753000,'1094.44',NULL,-2,''),(2075823376,2765,1553,1686268753000,'1082.57',NULL,-2,''),(2075823377,2765,1554,1686268753000,'12728.0',NULL,-2,''),(2075823378,2765,1555,1686268753000,'17021.0',NULL,-2,''),(2075823379,2765,1556,1686268753000,'0.0',NULL,-2,''),(2075823380,2765,1557,1686268753000,'0.0',NULL,-2,''),(2075823381,2765,1558,1686268753000,'2611586.0',NULL,-2,''),(2075823382,2765,1549,1686268805000,'20.2378',NULL,-2,''),(2075823383,2765,1550,1686268805000,'37.961',NULL,-2,''),(2075823384,2765,1551,1686268813000,'28.416',NULL,-2,''),(2075823385,2765,1552,1686268813000,'1094.21',NULL,-2,''),(2075823386,2765,1553,1686268813000,'1082.31',NULL,-2,''),(2075823387,2765,1554,1686268813000,'12727.0',NULL,-2,''),(2075823388,2765,1555,1686268813000,'17019.0',NULL,-2,''),(2075823389,2765,1556,1686268813000,'0.0',NULL,-2,''),(2075823390,2765,1557,1686268813000,'0.0',NULL,-2,''),(2075823391,2765,1558,1686268813000,'2611646.0',NULL,-2,''),(2075823392,2765,1551,1686268873000,'28.486',NULL,-2,''),(2075823393,2765,1552,1686268873000,'1094.2',NULL,-2,''),(2075823394,2765,1553,1686268873000,'1082.25',NULL,-2,''),(2075823395,2765,1554,1686268873000,'12724.0',NULL,-2,''),(2075823396,2765,1555,1686268873000,'17018.0',NULL,-2,''),(2075823397,2765,1556,1686268873000,'0.0',NULL,-2,''),(2075823398,2765,1557,1686268873000,'0.0',NULL,-2,''),(2075823399,2765,1558,1686268873000,'2611706.0',NULL,-2,''),(2075823400,2765,1551,1686268933000,'28.561',NULL,-2,''),(2075823401,2765,1552,1686268933000,'1093.92',NULL,-2,''),(2075823402,2765,1553,1686268933000,'1082.03',NULL,-2,''),(2075823403,2765,1554,1686268933000,'12723.0',NULL,-2,''),(2075823404,2765,1555,1686268933000,'17017.0',NULL,-2,''),(2075823405,2765,1556,1686268933000,'0.0',NULL,-2,''),(2075823406,2765,1557,1686268933000,'0.0',NULL,-2,''),(2075823407,2765,1558,1686268933000,'2611766.0',NULL,-2,''),(2075823408,2765,1551,1686268993000,'28.619',NULL,-2,''),(2075823409,2765,1552,1686268993000,'1093.71',NULL,-2,''),(2075823410,2765,1553,1686268993000,'1081.82',NULL,-2,''),(2075823411,2765,1554,1686268993000,'12723.0',NULL,-2,''),(2075823412,2765,1555,1686268993000,'17018.0',NULL,-2,''),(2075823413,2765,1556,1686268993000,'0.0',NULL,-2,''),(2075823414,2765,1557,1686268993000,'0.0',NULL,-2,''),(2075823415,2765,1558,1686268993000,'2611826.0',NULL,-2,''),(2075823416,2765,1551,1686269053000,'28.687',NULL,-2,''),(2075823417,2765,1552,1686269053000,'1093.62',NULL,-2,''),(2075823418,2765,1553,1686269053000,'1081.72',NULL,-2,''),(2075823419,2765,1554,1686269053000,'12720.0',NULL,-2,''),(2075823420,2765,1555,1686269053000,'17016.0',NULL,-2,''),(2075823421,2765,1556,1686269053000,'0.0',NULL,-2,''),(2075823422,2765,1557,1686269053000,'0.0',NULL,-2,''),(2075823423,2765,1558,1686269053000,'2611886.0',NULL,-2,''),(2075823424,2765,1551,1686269113000,'28.758',NULL,-2,''),(2075823425,2765,1552,1686269113000,'1093.43',NULL,-2,''),(2075823426,2765,1553,1686269113000,'1081.56',NULL,-2,''),(2075823427,2765,1554,1686269113000,'12720.0',NULL,-2,''),(2075823428,2765,1555,1686269113000,'17016.0',NULL,-2,''),(2075823429,2765,1556,1686269113000,'0.0',NULL,-2,''),(2075823430,2765,1557,1686269113000,'0.0',NULL,-2,''),(2075823431,2765,1558,1686269113000,'2611946.0',NULL,-2,''),(2075823432,2765,1551,1686269173000,'28.819',NULL,-2,''),(2075823433,2765,1552,1686269173000,'1093.07',NULL,-2,''),(2075823434,2765,1553,1686269173000,'1081.24',NULL,-2,''),(2075823435,2765,1554,1686269173000,'12720.0',NULL,-2,''),(2075823436,2765,1555,1686269173000,'17015.0',NULL,-2,''),(2075823437,2765,1556,1686269173000,'0.0',NULL,-2,''),(2075823438,2765,1557,1686269173000,'0.0',NULL,-2,''),(2075823439,2765,1558,1686269173000,'2612006.0',NULL,-2,''),(2075823440,2765,1551,1686269233000,'28.88',NULL,-2,''),(2075823441,2765,1552,1686269233000,'1092.71',NULL,-2,''),(2075823442,2765,1553,1686269233000,'1080.9',NULL,-2,''),(2075823443,2765,1554,1686269233000,'12721.0',NULL,-2,''),(2075823444,2765,1555,1686269233000,'17015.0',NULL,-2,''),(2075823445,2765,1556,1686269233000,'0.0',NULL,-2,''),(2075823446,2765,1557,1686269233000,'0.0',NULL,-2,''),(2075823447,2765,1558,1686269233000,'2612066.0',NULL,-2,''),(2075823448,2765,1551,1686269293000,'28.935',NULL,-2,''),(2075823449,2765,1552,1686269293000,'1092.32',NULL,-2,''),(2075823450,2765,1553,1686269293000,'1080.5',NULL,-2,''),(2075823451,2765,1554,1686269293000,'12722.0',NULL,-2,''),(2075823452,2765,1555,1686269293000,'17014.0',NULL,-2,''),(2075823453,2765,1556,1686269293000,'0.0',NULL,-2,''),(2075823454,2765,1557,1686269293000,'0.0',NULL,-2,''),(2075823455,2765,1558,1686269293000,'2612126.0',NULL,-2,''),(2075823456,2765,1551,1686269353000,'28.99',NULL,-2,''),(2075823457,2765,1552,1686269353000,'1091.81',NULL,-2,''),(2075823458,2765,1553,1686269353000,'1080.0',NULL,-2,''),(2075823459,2765,1554,1686269353000,'12725.0',NULL,-2,''),(2075823460,2765,1555,1686269353000,'17014.0',NULL,-2,''),(2075823461,2765,1556,1686269353000,'0.0',NULL,-2,''),(2075823462,2765,1557,1686269353000,'0.0',NULL,-2,''),(2075823463,2765,1558,1686269353000,'2612186.0',NULL,-2,''),(2075823464,2765,1551,1686269363000,'29.069',NULL,-2,''),(2075823465,2765,1552,1686269363000,'1082.35',NULL,-2,''),(2075823466,2765,1553,1686269363000,'1080.27',NULL,-2,''),(2075823467,2765,1554,1686269363000,'13091.0',NULL,-2,''),(2075823468,2765,1555,1686269363000,'17011.0',NULL,-2,''),(2075823469,2765,1556,1686269363000,'1.0',NULL,-2,''),(2075823470,2765,1557,1686269363000,'0.0',NULL,-2,''),(2075823471,2765,1558,1686269363000,'2612196.0',NULL,-2,''),(2075823472,2765,1551,1686269373000,'29.131',NULL,-2,''),(2075823473,2765,1552,1686269373000,'1081.98',NULL,-2,''),(2075823474,2765,1553,1686269373000,'1080.22',NULL,-2,''),(2075823475,2765,1554,1686269373000,'13578.0',NULL,-2,''),(2075823476,2765,1555,1686269373000,'17008.0',NULL,-2,''),(2075823477,2765,1556,1686269373000,'1.0',NULL,-2,''),(2075823478,2765,1557,1686269373000,'0.0',NULL,-2,''),(2075823479,2765,1558,1686269373000,'2612206.0',NULL,-2,''),(2075823480,2765,1551,1686269383000,'29.175',NULL,-2,''),(2075823481,2765,1552,1686269383000,'1082.08',NULL,-2,''),(2075823482,2765,1553,1686269383000,'1080.21',NULL,-2,''),(2075823483,2765,1554,1686269383000,'13808.0',NULL,-2,''),(2075823484,2765,1555,1686269383000,'17007.0',NULL,-2,''),(2075823485,2765,1556,1686269383000,'1.0',NULL,-2,''),(2075823486,2765,1557,1686269383000,'0.0',NULL,-2,''),(2075823487,2765,1558,1686269383000,'2612216.0',NULL,-2,''),(2075823488,2765,1551,1686269393000,'29.209',NULL,-2,''),(2075823489,2765,1552,1686269393000,'1082.15',NULL,-2,''),(2075823490,2765,1553,1686269393000,'1080.16',NULL,-2,''),(2075823491,2765,1554,1686269393000,'13809.0',NULL,-2,''),(2075823492,2765,1555,1686269393000,'17006.0',NULL,-2,''),(2075823493,2765,1556,1686269393000,'1.0',NULL,-2,''),(2075823494,2765,1557,1686269393000,'0.0',NULL,-2,''),(2075823495,2765,1558,1686269393000,'2612226.0',NULL,-2,''),(2075823496,2765,1551,1686269403000,'29.233',NULL,-2,''),(2075823497,2765,1552,1686269403000,'1082.05',NULL,-2,''),(2075823498,2765,1553,1686269403000,'1080.07',NULL,-2,''),(2075823499,2765,1554,1686269403000,'13809.0',NULL,-2,''),(2075823500,2765,1555,1686269403000,'17007.0',NULL,-2,''),(2075823501,2765,1556,1686269403000,'1.0',NULL,-2,''),(2075823502,2765,1557,1686269403000,'0.0',NULL,-2,''),(2075823503,2765,1558,1686269403000,'2612236.0',NULL,-2,''),(2075823504,2765,1551,1686269413000,'29.273',NULL,-2,''),(2075823505,2765,1552,1686269413000,'1082.03',NULL,-2,''),(2075823506,2765,1553,1686269413000,'1080.01',NULL,-2,''),(2075823507,2765,1554,1686269413000,'13809.0',NULL,-2,''),(2075823508,2765,1555,1686269413000,'17007.0',NULL,-2,''),(2075823509,2765,1556,1686269413000,'1.0',NULL,-2,''),(2075823510,2765,1557,1686269413000,'0.0',NULL,-2,''),(2075823511,2765,1558,1686269413000,'2612246.0',NULL,-2,''),(2075823512,2765,1551,1686269423000,'29.297',NULL,-2,''),(2075823513,2765,1552,1686269423000,'1082.04',NULL,-2,''),(2075823514,2765,1553,1686269423000,'1079.93',NULL,-2,''),(2075823515,2765,1554,1686269423000,'13809.0',NULL,-2,''),(2075823516,2765,1555,1686269423000,'17007.0',NULL,-2,''),(2075823517,2765,1556,1686269423000,'1.0',NULL,-2,''),(2075823518,2765,1557,1686269423000,'0.0',NULL,-2,''),(2075823519,2765,1558,1686269423000,'2612256.0',NULL,-2,''),(2075823520,2765,1551,1686269433000,'29.319',NULL,-2,''),(2075823521,2765,1552,1686269433000,'1082.25',NULL,-2,''),(2075823522,2765,1553,1686269433000,'1079.8',NULL,-2,''),(2075823523,2765,1554,1686269433000,'13810.0',NULL,-2,''),(2075823524,2765,1555,1686269433000,'17007.0',NULL,-2,''),(2075823525,2765,1556,1686269433000,'1.0',NULL,-2,''),(2075823526,2765,1557,1686269433000,'0.0',NULL,-2,''),(2075823527,2765,1558,1686269433000,'2612266.0',NULL,-2,''),(2075823528,2765,1551,1686269443000,'29.345',NULL,-2,''),(2075823529,2765,1552,1686269443000,'1082.4',NULL,-2,''),(2075823530,2765,1553,1686269443000,'1079.61',NULL,-2,''),(2075823531,2765,1554,1686269443000,'13810.0',NULL,-2,''),(2075823532,2765,1555,1686269443000,'17009.0',NULL,-2,''),(2075823533,2765,1556,1686269443000,'1.0',NULL,-2,''),(2075823534,2765,1557,1686269443000,'0.0',NULL,-2,''),(2075823535,2765,1558,1686269443000,'2612276.0',NULL,-2,''),(2075823536,2765,1551,1686269453000,'29.365',NULL,-2,''),(2075823537,2765,1552,1686269453000,'1082.36',NULL,-2,''),(2075823538,2765,1553,1686269453000,'1079.5',NULL,-2,''),(2075823539,2765,1554,1686269453000,'13809.0',NULL,-2,''),(2075823540,2765,1555,1686269453000,'17007.0',NULL,-2,''),(2075823541,2765,1556,1686269453000,'1.0',NULL,-2,''),(2075823542,2765,1557,1686269453000,'0.0',NULL,-2,''),(2075823543,2765,1558,1686269453000,'2612286.0',NULL,-2,''),(2075823544,2765,1551,1686269463000,'29.389',NULL,-2,''),(2075823545,2765,1552,1686269463000,'1082.5',NULL,-2,''),(2075823546,2765,1553,1686269463000,'1079.44',NULL,-2,''),(2075823547,2765,1554,1686269463000,'13809.0',NULL,-2,''),(2075823548,2765,1555,1686269463000,'17006.0',NULL,-2,''),(2075823549,2765,1556,1686269463000,'1.0',NULL,-2,''),(2075823550,2765,1557,1686269463000,'0.0',NULL,-2,''),(2075823551,2765,1558,1686269463000,'2612296.0',NULL,-2,''),(2075823552,2765,1551,1686269473000,'29.405',NULL,-2,''),(2075823553,2765,1552,1686269473000,'1082.6',NULL,-2,''),(2075823554,2765,1553,1686269473000,'1079.36',NULL,-2,''),(2075823555,2765,1554,1686269473000,'13809.0',NULL,-2,''),(2075823556,2765,1555,1686269473000,'17006.0',NULL,-2,''),(2075823557,2765,1556,1686269473000,'1.0',NULL,-2,''),(2075823558,2765,1557,1686269473000,'0.0',NULL,-2,''),(2075823559,2765,1558,1686269473000,'2612306.0',NULL,-2,''),(2075823560,2765,1549,1686270605000,'20.3891',NULL,-2,''),(2075823561,2765,1550,1686270605000,'37.898',NULL,-2,'');

-- Measurements
INSERT INTO `measurements` VALUES (189596835,2765,1686268933000,'{"1":{"svids":[2075823382,2075823560],"suppids":[],"memberCount":2,"value":20.24855911111111,"flag":2,"qcComments":[],"type":"I","props":{}},"33":{"svids":[2075823403],"suppids":[],"memberCount":1,"value":12723.0,"flag":-2,"qcComments":[],"type":"M","props":{}},"2":{"svids":[2075823383,2075823561],"suppids":[],"memberCount":2,"value":37.95652,"flag":2,"qcComments":[],"type":"I","props":{}},"34":{"svids":[2075823404],"suppids":[],"memberCount":1,"value":17017.0,"flag":-2,"qcComments":[],"type":"M","props":{}},"35":{"svids":[2075823405],"suppids":[],"memberCount":1,"value":0.0,"flag":-2,"qcComments":[],"type":"M","props":{}},"36":{"svids":[2075823406],"suppids":[],"memberCount":1,"value":0.0,"flag":-2,"qcComments":[],"type":"M","props":{}},"37":{"svids":[2075823407],"suppids":[],"memberCount":1,"value":2611766.0,"flag":-2,"qcComments":[],"type":"M","props":{}},"38":{"svids":[2075823400],"suppids":[],"memberCount":1,"value":28.561,"flag":-2,"qcComments":[],"type":"M","props":{}},"40":{"svids":[2075823401],"suppids":[],"memberCount":1,"value":1093.92,"flag":-2,"qcComments":[],"type":"M","props":{}},"41":{"svids":[2075823402],"suppids":[],"memberCount":1,"value":1082.03,"flag":-2,"qcComments":[],"type":"M","props":{}}}'),(189596836,2765,1686268873000,'{"1":{"svids":[2075823382,2075823560],"suppids":[],"memberCount":2,"value":20.243515777777777,"flag":2,"qcComments":[],"type":"I","props":{}},"33":{"svids":[2075823395],"suppids":[],"memberCount":1,"value":12724.0,"flag":-2,"qcComments":[],"type":"M","props":{}},"2":{"svids":[2075823383,2075823561],"suppids":[],"memberCount":2,"value":37.95862,"flag":2,"qcComments":[],"type":"I","props":{}},"34":{"svids":[2075823396],"suppids":[],"memberCount":1,"value":17018.0,"flag":-2,"qcComments":[],"type":"M","props":{}},"35":{"svids":[2075823397],"suppids":[],"memberCount":1,"value":0.0,"flag":-2,"qcComments":[],"type":"M","props":{}},"36":{"svids":[2075823398],"suppids":[],"memberCount":1,"value":0.0,"flag":-2,"qcComments":[],"type":"M","props":{}},"37":{"svids":[2075823399],"suppids":[],"memberCount":1,"value":2611706.0,"flag":-2,"qcComments":[],"type":"M","props":{}},"38":{"svids":[2075823392],"suppids":[],"memberCount":1,"value":28.486,"flag":-2,"qcComments":[],"type":"M","props":{}},"40":{"svids":[2075823393],"suppids":[],"memberCount":1,"value":1094.2,"flag":-2,"qcComments":[],"type":"M","props":{}},"41":{"svids":[2075823394],"suppids":[],"memberCount":1,"value":1082.25,"flag":-2,"qcComments":[],"type":"M","props":{}}}'),(189596837,2765,1686269373000,'{"1":{"svids":[2075823382,2075823560],"suppids":[],"memberCount":2,"value":20.285543555555556,"flag":2,"qcComments":[],"type":"I","props":{}},"33":{"svids":[2075823475],"suppids":[],"memberCount":1,"value":13578.0,"flag":-2,"qcComments":[],"type":"M","props":{}},"2":{"svids":[2075823383,2075823561],"suppids":[],"memberCount":2,"value":37.94112,"flag":2,"qcComments":[],"type":"I","props":{}},"34":{"svids":[2075823476],"suppids":[],"memberCount":1,"value":17008.0,"flag":-2,"qcComments":[],"type":"M","props":{}},"35":{"svids":[2075823477],"suppids":[],"memberCount":1,"value":1.0,"flag":-2,"qcComments":[],"type":"M","props":{}},"36":{"svids":[2075823478],"suppids":[],"memberCount":1,"value":0.0,"flag":-2,"qcComments":[],"type":"M","props":{}},"37":{"svids":[2075823479],"suppids":[],"memberCount":1,"value":2612206.0,"flag":-2,"qcComments":[],"type":"M","props":{}},"38":{"svids":[2075823472],"suppids":[],"memberCount":1,"value":29.131,"flag":-2,"qcComments":[],"type":"M","props":{}},"40":{"svids":[2075823473],"suppids":[],"memberCount":1,"value":1081.98,"flag":-2,"qcComments":[],"type":"M","props":{}},"41":{"svids":[2075823474],"suppids":[],"memberCount":1,"value":1080.22,"flag":-2,"qcComments":[],"type":"M","props":{}}}'),(189596838,2765,1686268273000,'{"1":{"svids":[2075823300,2075823382],"suppids":[],"memberCount":2,"value":20.32037822222222,"flag":2,"qcComments":[],"type":"I","props":{}},"33":{"svids":[2075823313],"suppids":[],"memberCount":1,"value":12742.0,"flag":-2,"qcComments":[],"type":"M","props":{}},"2":{"svids":[2075823301,2075823383],"suppids":[],"memberCount":2,"value":37.914006666666666,"flag":2,"qcComments":[],"type":"I","props":{}},"34":{"svids":[2075823314],"suppids":[],"memberCount":1,"value":17027.0,"flag":-2,"qcComments":[],"type":"M","props":{}},"35":{"svids":[2075823315],"suppids":[],"memberCount":1,"value":0.0,"flag":-2,"qcComments":[],"type":"M","props":{}},"36":{"svids":[2075823316],"suppids":[],"memberCount":1,"value":0.0,"flag":-2,"qcComments":[],"type":"M","props":{}},"37":{"svids":[2075823317],"suppids":[],"memberCount":1,"value":2611106.0,"flag":-2,"qcComments":[],"type":"M","props":{}},"38":{"svids":[2075823310],"suppids":[],"memberCount":1,"value":27.337,"flag":-2,"qcComments":[],"type":"M","props":{}},"40":{"svids":[2075823311],"suppids":[],"memberCount":1,"value":1096.38,"flag":-2,"qcComments":[],"type":"M","props":{}},"41":{"svids":[2075823312],"suppids":[],"memberCount":1,"value":1084.38,"flag":-2,"qcComments":[],"type":"M","props":{}}}'),(189596839,2765,1686269473000,'{"1":{"svids":[2075823382,2075823560],"suppids":[],"memberCount":2,"value":20.29394911111111,"flag":2,"qcComments":[],"type":"I","props":{}},"33":{"svids":[2075823555],"suppids":[],"memberCount":1,"value":13809.0,"flag":-2,"qcComments":[],"type":"M","props":{}},"2":{"svids":[2075823383,2075823561],"suppids":[],"memberCount":2,"value":37.93762,"flag":2,"qcComments":[],"type":"I","props":{}},"34":{"svids":[2075823556],"suppids":[],"memberCount":1,"value":17006.0,"flag":-2,"qcComments":[],"type":"M","props":{}},"35":{"svids":[2075823557],"suppids":[],"memberCount":1,"value":1.0,"flag":-2,"qcComments":[],"type":"M","props":{}},"36":{"svids":[2075823558],"suppids":[],"memberCount":1,"value":0.0,"flag":-2,"qcComments":[],"type":"M","props":{}},"37":{"svids":[2075823559],"suppids":[],"memberCount":1,"value":2612306.0,"flag":-2,"qcComments":[],"type":"M","props":{}},"38":{"svids":[2075823552],"suppids":[],"memberCount":1,"value":29.405,"flag":-2,"qcComments":[],"type":"M","props":{}},"40":{"svids":[2075823553],"suppids":[],"memberCount":1,"value":1082.6,"flag":-2,"qcComments":[],"type":"M","props":{}},"41":{"svids":[2075823554],"suppids":[],"memberCount":1,"value":1079.36,"flag":-2,"qcComments":[],"type":"M","props":{}}}'),(189596840,2765,1686268453000,'{"1":{"svids":[2075823300,2075823382],"suppids":[],"memberCount":2,"value":20.29243822222222,"flag":2,"qcComments":[],"type":"I","props":{}},"33":{"svids":[2075823337],"suppids":[],"memberCount":1,"value":12738.0,"flag":-2,"qcComments":[],"type":"M","props":{}},"2":{"svids":[2075823301,2075823383],"suppids":[],"memberCount":2,"value":37.92990666666667,"flag":2,"qcComments":[],"type":"I","props":{}},"34":{"svids":[2075823338],"suppids":[],"memberCount":1,"value":17024.0,"flag":-2,"qcComments":[],"type":"M","props":{}},"35":{"svids":[2075823339],"suppids":[],"memberCount":1,"value":0.0,"flag":-2,"qcComments":[],"type":"M","props":{}},"36":{"svids":[2075823340],"suppids":[],"memberCount":1,"value":0.0,"flag":-2,"qcComments":[],"type":"M","props":{}},"37":{"svids":[2075823341],"suppids":[],"memberCount":1,"value":2611286.0,"flag":-2,"qcComments":[],"type":"M","props":{}},"38":{"svids":[2075823334],"suppids":[],"memberCount":1,"value":27.82,"flag":-2,"qcComments":[],"type":"M","props":{}},"40":{"svids":[2075823335],"suppids":[],"memberCount":1,"value":1095.24,"flag":-2,"qcComments":[],"type":"M","props":{}},"41":{"svids":[2075823336],"suppids":[],"memberCount":1,"value":1083.26,"flag":-2,"qcComments":[],"type":"M","props":{}}}'),(189596841,2765,1686269463000,'{"1":{"svids":[2075823382,2075823560],"suppids":[],"memberCount":2,"value":20.293108555555555,"flag":2,"qcComments":[],"type":"I","props":{}},"33":{"svids":[2075823547],"suppids":[],"memberCount":1,"value":13809.0,"flag":-2,"qcComments":[],"type":"M","props":{}},"2":{"svids":[2075823383,2075823561],"suppids":[],"memberCount":2,"value":37.93797,"flag":2,"qcComments":[],"type":"I","props":{}},"34":{"svids":[2075823548],"suppids":[],"memberCount":1,"value":17006.0,"flag":-2,"qcComments":[],"type":"M","props":{}},"35":{"svids":[2075823549],"suppids":[],"memberCount":1,"value":1.0,"flag":-2,"qcComments":[],"type":"M","props":{}},"36":{"svids":[2075823550],"suppids":[],"memberCount":1,"value":0.0,"flag":-2,"qcComments":[],"type":"M","props":{}},"37":{"svids":[2075823551],"suppids":[],"memberCount":1,"value":2612296.0,"flag":-2,"qcComments":[],"type":"M","props":{}},"38":{"svids":[2075823544],"suppids":[],"memberCount":1,"value":29.389,"flag":-2,"qcComments":[],"type":"M","props":{}},"40":{"svids":[2075823545],"suppids":[],"memberCount":1,"value":1082.5,"flag":-2,"qcComments":[],"type":"M","props":{}},"41":{"svids":[2075823546],"suppids":[],"memberCount":1,"value":1079.44,"flag":-2,"qcComments":[],"type":"M","props":{}}}'),(189596842,2765,1686268633000,'{"1":{"svids":[2075823300,2075823382],"suppids":[],"memberCount":2,"value":20.26449822222222,"flag":2,"qcComments":[],"type":"I","props":{}},"33":{"svids":[2075823361],"suppids":[],"memberCount":1,"value":12737.0,"flag":-2,"qcComments":[],"type":"M","props":{}},"2":{"svids":[2075823301,2075823383],"suppids":[],"memberCount":2,"value":37.94580666666667,"flag":2,"qcComments":[],"type":"I","props":{}},"34":{"svids":[2075823362],"suppids":[],"memberCount":1,"value":17023.0,"flag":-2,"qcComments":[],"type":"M","props":{}},"35":{"svids":[2075823363],"suppids":[],"memberCount":1,"value":0.0,"flag":-2,"qcComments":[],"type":"M","props":{}},"36":{"svids":[2075823364],"suppids":[],"memberCount":1,"value":0.0,"flag":-2,"qcComments":[],"type":"M","props":{}},"37":{"svids":[2075823365],"suppids":[],"memberCount":1,"value":2611466.0,"flag":-2,"qcComments":[],"type":"M","props":{}},"38":{"svids":[2075823358],"suppids":[],"memberCount":1,"value":28.154,"flag":-2,"qcComments":[],"type":"M","props":{}},"40":{"svids":[2075823359],"suppids":[],"memberCount":1,"value":1094.53,"flag":-2,"qcComments":[],"type":"M","props":{}},"41":{"svids":[2075823360],"suppids":[],"memberCount":1,"value":1082.66,"flag":-2,"qcComments":[],"type":"M","props":{}}}'),(189596843,2765,1686268693000,'{"1":{"svids":[2075823300,2075823382],"suppids":[],"memberCount":2,"value":20.255184888888888,"flag":2,"qcComments":[],"type":"I","props":{}},"33":{"svids":[2075823369],"suppids":[],"memberCount":1,"value":12732.0,"flag":-2,"qcComments":[],"type":"M","props":{}},"2":{"svids":[2075823301,2075823383],"suppids":[],"memberCount":2,"value":37.95110666666667,"flag":2,"qcComments":[],"type":"I","props":{}},"34":{"svids":[2075823370],"suppids":[],"memberCount":1,"value":17021.0,"flag":-2,"qcComments":[],"type":"M","props":{}},"35":{"svids":[2075823371],"suppids":[],"memberCount":1,"value":0.0,"flag":-2,"qcComments":[],"type":"M","props":{}},"36":{"svids":[2075823372],"suppids":[],"memberCount":1,"value":0.0,"flag":-2,"qcComments":[],"type":"M","props":{}},"37":{"svids":[2075823373],"suppids":[],"memberCount":1,"value":2611526.0,"flag":-2,"qcComments":[],"type":"M","props":{}},"38":{"svids":[2075823366],"suppids":[],"memberCount":1,"value":28.242,"flag":-2,"qcComments":[],"type":"M","props":{}},"40":{"svids":[2075823367],"suppids":[],"memberCount":1,"value":1094.49,"flag":-2,"qcComments":[],"type":"M","props":{}},"41":{"svids":[2075823368],"suppids":[],"memberCount":1,"value":1082.63,"flag":-2,"qcComments":[],"type":"M","props":{}}}'),(189596844,2765,1686269293000,'{"1":{"svids":[2075823382,2075823560],"suppids":[],"memberCount":2,"value":20.278819111111112,"flag":2,"qcComments":[],"type":"I","props":{}},"33":{"svids":[2075823451],"suppids":[],"memberCount":1,"value":12722.0,"flag":-2,"qcComments":[],"type":"M","props":{}},"2":{"svids":[2075823383,2075823561],"suppids":[],"memberCount":2,"value":37.94392,"flag":2,"qcComments":[],"type":"I","props":{}},"34":{"svids":[2075823452],"suppids":[],"memberCount":1,"value":17014.0,"flag":-2,"qcComments":[],"type":"M","props":{}},"35":{"svids":[2075823453],"suppids":[],"memberCount":1,"value":0.0,"flag":-2,"qcComments":[],"type":"M","props":{}},"36":{"svids":[2075823454],"suppids":[],"memberCount":1,"value":0.0,"flag":-2,"qcComments":[],"type":"M","props":{}},"37":{"svids":[2075823455],"suppids":[],"memberCount":1,"value":2612126.0,"flag":-2,"qcComments":[],"type":"M","props":{}},"38":{"svids":[2075823448],"suppids":[],"memberCount":1,"value":28.935,"flag":-2,"qcComments":[],"type":"M","props":{}},"40":{"svids":[2075823449],"suppids":[],"memberCount":1,"value":1092.32,"flag":-2,"qcComments":[],"type":"M","props":{}},"41":{"svids":[2075823450],"suppids":[],"memberCount":1,"value":1080.5,"flag":-2,"qcComments":[],"type":"M","props":{}}}'),(189596845,2765,1686269423000,'{"1":{"svids":[2075823382,2075823560],"suppids":[],"memberCount":2,"value":20.289746333333333,"flag":2,"qcComments":[],"type":"I","props":{}},"33":{"svids":[2075823515],"suppids":[],"memberCount":1,"value":13809.0,"flag":-2,"qcComments":[],"type":"M","props":{}},"2":{"svids":[2075823383,2075823561],"suppids":[],"memberCount":2,"value":37.93937,"flag":2,"qcComments":[],"type":"I","props":{}},"34":{"svids":[2075823516],"suppids":[],"memberCount":1,"value":17007.0,"flag":-2,"qcComments":[],"type":"M","props":{}},"35":{"svids":[2075823517],"suppids":[],"memberCount":1,"value":1.0,"flag":-2,"qcComments":[],"type":"M","props":{}},"36":{"svids":[2075823518],"suppids":[],"memberCount":1,"value":0.0,"flag":-2,"qcComments":[],"type":"M","props":{}},"37":{"svids":[2075823519],"suppids":[],"memberCount":1,"value":2612256.0,"flag":-2,"qcComments":[],"type":"M","props":{}},"38":{"svids":[2075823512],"suppids":[],"memberCount":1,"value":29.297,"flag":-2,"qcComments":[],"type":"M","props":{}},"40":{"svids":[2075823513],"suppids":[],"memberCount":1,"value":1082.04,"flag":-2,"qcComments":[],"type":"M","props":{}},"41":{"svids":[2075823514],"suppids":[],"memberCount":1,"value":1079.93,"flag":-2,"qcComments":[],"type":"M","props":{}}}'),(189596846,2765,1686269433000,'{"1":{"svids":[2075823382,2075823560],"suppids":[],"memberCount":2,"value":20.29058688888889,"flag":2,"qcComments":[],"type":"I","props":{}},"33":{"svids":[2075823523],"suppids":[],"memberCount":1,"value":13810.0,"flag":-2,"qcComments":[],"type":"M","props":{}},"2":{"svids":[2075823383,2075823561],"suppids":[],"memberCount":2,"value":37.93902,"flag":2,"qcComments":[],"type":"I","props":{}},"34":{"svids":[2075823524],"suppids":[],"memberCount":1,"value":17007.0,"flag":-2,"qcComments":[],"type":"M","props":{}},"35":{"svids":[2075823525],"suppids":[],"memberCount":1,"value":1.0,"flag":-2,"qcComments":[],"type":"M","props":{}},"36":{"svids":[2075823526],"suppids":[],"memberCount":1,"value":0.0,"flag":-2,"qcComments":[],"type":"M","props":{}},"37":{"svids":[2075823527],"suppids":[],"memberCount":1,"value":2612266.0,"flag":-2,"qcComments":[],"type":"M","props":{}},"38":{"svids":[2075823520],"suppids":[],"memberCount":1,"value":29.319,"flag":-2,"qcComments":[],"type":"M","props":{}},"40":{"svids":[2075823521],"suppids":[],"memberCount":1,"value":1082.25,"flag":-2,"qcComments":[],"type":"M","props":{}},"41":{"svids":[2075823522],"suppids":[],"memberCount":1,"value":1079.8,"flag":-2,"qcComments":[],"type":"M","props":{}}}'),(189596847,2765,1686268213000,'{"1":{"svids":[2075823300,2075823382],"suppids":[],"memberCount":2,"value":20.329691555555552,"flag":2,"qcComments":[],"type":"I","props":{}},"33":{"svids":[2075823305],"suppids":[],"memberCount":1,"value":12751.0,"flag":-2,"qcComments":[],"type":"M","props":{}},"2":{"svids":[2075823301,2075823383],"suppids":[],"memberCount":2,"value":37.90870666666667,"flag":2,"qcComments":[],"type":"I","props":{}},"34":{"svids":[2075823306],"suppids":[],"memberCount":1,"value":17030.0,"flag":-2,"qcComments":[],"type":"M","props":{}},"35":{"svids":[2075823307],"suppids":[],"memberCount":1,"value":0.0,"flag":-2,"qcComments":[],"type":"M","props":{}},"36":{"svids":[2075823308],"suppids":[],"memberCount":1,"value":0.0,"flag":-2,"qcComments":[],"type":"M","props":{}},"37":{"svids":[2075823309],"suppids":[],"memberCount":1,"value":2611046.0,"flag":-2,"qcComments":[],"type":"M","props":{}},"38":{"svids":[2075823302],"suppids":[],"memberCount":1,"value":27.138,"flag":-2,"qcComments":[],"type":"M","props":{}},"40":{"svids":[2075823303],"suppids":[],"memberCount":1,"value":1096.53,"flag":-2,"qcComments":[],"type":"M","props":{}},"41":{"svids":[2075823304],"suppids":[],"memberCount":1,"value":1084.52,"flag":-2,"qcComments":[],"type":"M","props":{}}}'),(189596848,2765,1686268753000,'{"1":{"svids":[2075823300,2075823382],"suppids":[],"memberCount":2,"value":20.245871555555553,"flag":2,"qcComments":[],"type":"I","props":{}},"33":{"svids":[2075823377],"suppids":[],"memberCount":1,"value":12728.0,"flag":-2,"qcComments":[],"type":"M","props":{}},"2":{"svids":[2075823301,2075823383],"suppids":[],"memberCount":2,"value":37.956406666666666,"flag":2,"qcComments":[],"type":"I","props":{}},"34":{"svids":[2075823378],"suppids":[],"memberCount":1,"value":17021.0,"flag":-2,"qcComments":[],"type":"M","props":{}},"35":{"svids":[2075823379],"suppids":[],"memberCount":1,"value":0.0,"flag":-2,"qcComments":[],"type":"M","props":{}},"36":{"svids":[2075823380],"suppids":[],"memberCount":1,"value":0.0,"flag":-2,"qcComments":[],"type":"M","props":{}},"37":{"svids":[2075823381],"suppids":[],"memberCount":1,"value":2611586.0,"flag":-2,"qcComments":[],"type":"M","props":{}},"38":{"svids":[2075823374],"suppids":[],"memberCount":1,"value":28.334,"flag":-2,"qcComments":[],"type":"M","props":{}},"40":{"svids":[2075823375],"suppids":[],"memberCount":1,"value":1094.44,"flag":-2,"qcComments":[],"type":"M","props":{}},"41":{"svids":[2075823376],"suppids":[],"memberCount":1,"value":1082.57,"flag":-2,"qcComments":[],"type":"M","props":{}}}'),(189596849,2765,1686269233000,'{"1":{"svids":[2075823382,2075823560],"suppids":[],"memberCount":2,"value":20.273775777777775,"flag":2,"qcComments":[],"type":"I","props":{}},"33":{"svids":[2075823443],"suppids":[],"memberCount":1,"value":12721.0,"flag":-2,"qcComments":[],"type":"M","props":{}},"2":{"svids":[2075823383,2075823561],"suppids":[],"memberCount":2,"value":37.94602,"flag":2,"qcComments":[],"type":"I","props":{}},"34":{"svids":[2075823444],"suppids":[],"memberCount":1,"value":17015.0,"flag":-2,"qcComments":[],"type":"M","props":{}},"35":{"svids":[2075823445],"suppids":[],"memberCount":1,"value":0.0,"flag":-2,"qcComments":[],"type":"M","props":{}},"36":{"svids":[2075823446],"suppids":[],"memberCount":1,"value":0.0,"flag":-2,"qcComments":[],"type":"M","props":{}},"37":{"svids":[2075823447],"suppids":[],"memberCount":1,"value":2612066.0,"flag":-2,"qcComments":[],"type":"M","props":{}},"38":{"svids":[2075823440],"suppids":[],"memberCount":1,"value":28.88,"flag":-2,"qcComments":[],"type":"M","props":{}},"40":{"svids":[2075823441],"suppids":[],"memberCount":1,"value":1092.71,"flag":-2,"qcComments":[],"type":"M","props":{}},"41":{"svids":[2075823442],"suppids":[],"memberCount":1,"value":1080.9,"flag":-2,"qcComments":[],"type":"M","props":{}}}'),(189596850,2765,1686269413000,'{"1":{"svids":[2075823382,2075823560],"suppids":[],"memberCount":2,"value":20.288905777777778,"flag":2,"qcComments":[],"type":"I","props":{}},"33":{"svids":[2075823507],"suppids":[],"memberCount":1,"value":13809.0,"flag":-2,"qcComments":[],"type":"M","props":{}},"2":{"svids":[2075823383,2075823561],"suppids":[],"memberCount":2,"value":37.93972,"flag":2,"qcComments":[],"type":"I","props":{}},"34":{"svids":[2075823508],"suppids":[],"memberCount":1,"value":17007.0,"flag":-2,"qcComments":[],"type":"M","props":{}},"35":{"svids":[2075823509],"suppids":[],"memberCount":1,"value":1.0,"flag":-2,"qcComments":[],"type":"M","props":{}},"36":{"svids":[2075823510],"suppids":[],"memberCount":1,"value":0.0,"flag":-2,"qcComments":[],"type":"M","props":{}},"37":{"svids":[2075823511],"suppids":[],"memberCount":1,"value":2612246.0,"flag":-2,"qcComments":[],"type":"M","props":{}},"38":{"svids":[2075823504],"suppids":[],"memberCount":1,"value":29.273,"flag":-2,"qcComments":[],"type":"M","props":{}},"40":{"svids":[2075823505],"suppids":[],"memberCount":1,"value":1082.03,"flag":-2,"qcComments":[],"type":"M","props":{}},"41":{"svids":[2075823506],"suppids":[],"memberCount":1,"value":1080.01,"flag":-2,"qcComments":[],"type":"M","props":{}}}'),(189596851,2765,1686269363000,'{"1":{"svids":[2075823382,2075823560],"suppids":[],"memberCount":2,"value":20.284703,"flag":2,"qcComments":[],"type":"I","props":{}},"33":{"svids":[2075823467],"suppids":[],"memberCount":1,"value":13091.0,"flag":-2,"qcComments":[],"type":"M","props":{}},"2":{"svids":[2075823383,2075823561],"suppids":[],"memberCount":2,"value":37.94147,"flag":2,"qcComments":[],"type":"I","props":{}},"34":{"svids":[2075823468],"suppids":[],"memberCount":1,"value":17011.0,"flag":-2,"qcComments":[],"type":"M","props":{}},"35":{"svids":[2075823469],"suppids":[],"memberCount":1,"value":1.0,"flag":-2,"qcComments":[],"type":"M","props":{}},"36":{"svids":[2075823470],"suppids":[],"memberCount":1,"value":0.0,"flag":-2,"qcComments":[],"type":"M","props":{}},"37":{"svids":[2075823471],"suppids":[],"memberCount":1,"value":2612196.0,"flag":-2,"qcComments":[],"type":"M","props":{}},"38":{"svids":[2075823464],"suppids":[],"memberCount":1,"value":29.069,"flag":-2,"qcComments":[],"type":"M","props":{}},"40":{"svids":[2075823465],"suppids":[],"memberCount":1,"value":1082.35,"flag":-2,"qcComments":[],"type":"M","props":{}},"41":{"svids":[2075823466],"suppids":[],"memberCount":1,"value":1080.27,"flag":-2,"qcComments":[],"type":"M","props":{}}}'),(189596852,2765,1686268333000,'{"1":{"svids":[2075823300,2075823382],"suppids":[],"memberCount":2,"value":20.311064888888886,"flag":2,"qcComments":[],"type":"I","props":{}},"33":{"svids":[2075823321],"suppids":[],"memberCount":1,"value":12737.0,"flag":-2,"qcComments":[],"type":"M","props":{}},"2":{"svids":[2075823301,2075823383],"suppids":[],"memberCount":2,"value":37.919306666666664,"flag":2,"qcComments":[],"type":"I","props":{}},"34":{"svids":[2075823322],"suppids":[],"memberCount":1,"value":17028.0,"flag":-2,"qcComments":[],"type":"M","props":{}},"35":{"svids":[2075823323],"suppids":[],"memberCount":1,"value":0.0,"flag":-2,"qcComments":[],"type":"M","props":{}},"36":{"svids":[2075823324],"suppids":[],"memberCount":1,"value":0.0,"flag":-2,"qcComments":[],"type":"M","props":{}},"37":{"svids":[2075823325],"suppids":[],"memberCount":1,"value":2611166.0,"flag":-2,"qcComments":[],"type":"M","props":{}},"38":{"svids":[2075823318],"suppids":[],"memberCount":1,"value":27.515,"flag":-2,"qcComments":[],"type":"M","props":{}},"40":{"svids":[2075823319],"suppids":[],"memberCount":1,"value":1096.17,"flag":-2,"qcComments":[],"type":"M","props":{}},"41":{"svids":[2075823320],"suppids":[],"memberCount":1,"value":1084.17,"flag":-2,"qcComments":[],"type":"M","props":{}}}'),(189596853,2765,1686268513000,'{"1":{"svids":[2075823300,2075823382],"suppids":[],"memberCount":2,"value":20.28312488888889,"flag":2,"qcComments":[],"type":"I","props":{}},"33":{"svids":[2075823345],"suppids":[],"memberCount":1,"value":12739.0,"flag":-2,"qcComments":[],"type":"M","props":{}},"2":{"svids":[2075823301,2075823383],"suppids":[],"memberCount":2,"value":37.935206666666666,"flag":2,"qcComments":[],"type":"I","props":{}},"34":{"svids":[2075823346],"suppids":[],"memberCount":1,"value":17023.0,"flag":-2,"qcComments":[],"type":"M","props":{}},"35":{"svids":[2075823347],"suppids":[],"memberCount":1,"value":0.0,"flag":-2,"qcComments":[],"type":"M","props":{}},"36":{"svids":[2075823348],"suppids":[],"memberCount":1,"value":0.0,"flag":-2,"qcComments":[],"type":"M","props":{}},"37":{"svids":[2075823349],"suppids":[],"memberCount":1,"value":2611346.0,"flag":-2,"qcComments":[],"type":"M","props":{}},"38":{"svids":[2075823342],"suppids":[],"memberCount":1,"value":27.938,"flag":-2,"qcComments":[],"type":"M","props":{}},"40":{"svids":[2075823343],"suppids":[],"memberCount":1,"value":1094.76,"flag":-2,"qcComments":[],"type":"M","props":{}},"41":{"svids":[2075823344],"suppids":[],"memberCount":1,"value":1082.84,"flag":-2,"qcComments":[],"type":"M","props":{}}}'),(189596854,2765,1686269403000,'{"1":{"svids":[2075823382,2075823560],"suppids":[],"memberCount":2,"value":20.288065222222222,"flag":2,"qcComments":[],"type":"I","props":{}},"33":{"svids":[2075823499],"suppids":[],"memberCount":1,"value":13809.0,"flag":-2,"qcComments":[],"type":"M","props":{}},"2":{"svids":[2075823383,2075823561],"suppids":[],"memberCount":2,"value":37.94007,"flag":2,"qcComments":[],"type":"I","props":{}},"34":{"svids":[2075823500],"suppids":[],"memberCount":1,"value":17007.0,"flag":-2,"qcComments":[],"type":"M","props":{}},"35":{"svids":[2075823501],"suppids":[],"memberCount":1,"value":1.0,"flag":-2,"qcComments":[],"type":"M","props":{}},"36":{"svids":[2075823502],"suppids":[],"memberCount":1,"value":0.0,"flag":-2,"qcComments":[],"type":"M","props":{}},"37":{"svids":[2075823503],"suppids":[],"memberCount":1,"value":2612236.0,"flag":-2,"qcComments":[],"type":"M","props":{}},"38":{"svids":[2075823496],"suppids":[],"memberCount":1,"value":29.233,"flag":-2,"qcComments":[],"type":"M","props":{}},"40":{"svids":[2075823497],"suppids":[],"memberCount":1,"value":1082.05,"flag":-2,"qcComments":[],"type":"M","props":{}},"41":{"svids":[2075823498],"suppids":[],"memberCount":1,"value":1080.07,"flag":-2,"qcComments":[],"type":"M","props":{}}}'),(189596855,2765,1686268573000,'{"1":{"svids":[2075823300,2075823382],"suppids":[],"memberCount":2,"value":20.273811555555554,"flag":2,"qcComments":[],"type":"I","props":{}},"33":{"svids":[2075823353],"suppids":[],"memberCount":1,"value":12740.0,"flag":-2,"qcComments":[],"type":"M","props":{}},"2":{"svids":[2075823301,2075823383],"suppids":[],"memberCount":2,"value":37.940506666666664,"flag":2,"qcComments":[],"type":"I","props":{}},"34":{"svids":[2075823354],"suppids":[],"memberCount":1,"value":17022.0,"flag":-2,"qcComments":[],"type":"M","props":{}},"35":{"svids":[2075823355],"suppids":[],"memberCount":1,"value":0.0,"flag":-2,"qcComments":[],"type":"M","props":{}},"36":{"svids":[2075823356],"suppids":[],"memberCount":1,"value":0.0,"flag":-2,"qcComments":[],"type":"M","props":{}},"37":{"svids":[2075823357],"suppids":[],"memberCount":1,"value":2611406.0,"flag":-2,"qcComments":[],"type":"M","props":{}},"38":{"svids":[2075823350],"suppids":[],"memberCount":1,"value":28.055,"flag":-2,"qcComments":[],"type":"M","props":{}},"40":{"svids":[2075823351],"suppids":[],"memberCount":1,"value":1094.5,"flag":-2,"qcComments":[],"type":"M","props":{}},"41":{"svids":[2075823352],"suppids":[],"memberCount":1,"value":1082.64,"flag":-2,"qcComments":[],"type":"M","props":{}}}'),(189596856,2765,1686268993000,'{"1":{"svids":[2075823382,2075823560],"suppids":[],"memberCount":2,"value":20.253602444444443,"flag":2,"qcComments":[],"type":"I","props":{}},"33":{"svids":[2075823411],"suppids":[],"memberCount":1,"value":12723.0,"flag":-2,"qcComments":[],"type":"M","props":{}},"2":{"svids":[2075823383,2075823561],"suppids":[],"memberCount":2,"value":37.95442,"flag":2,"qcComments":[],"type":"I","props":{}},"34":{"svids":[2075823412],"suppids":[],"memberCount":1,"value":17018.0,"flag":-2,"qcComments":[],"type":"M","props":{}},"35":{"svids":[2075823413],"suppids":[],"memberCount":1,"value":0.0,"flag":-2,"qcComments":[],"type":"M","props":{}},"36":{"svids":[2075823414],"suppids":[],"memberCount":1,"value":0.0,"flag":-2,"qcComments":[],"type":"M","props":{}},"37":{"svids":[2075823415],"suppids":[],"memberCount":1,"value":2611826.0,"flag":-2,"qcComments":[],"type":"M","props":{}},"38":{"svids":[2075823408],"suppids":[],"memberCount":1,"value":28.619,"flag":-2,"qcComments":[],"type":"M","props":{}},"40":{"svids":[2075823409],"suppids":[],"memberCount":1,"value":1093.71,"flag":-2,"qcComments":[],"type":"M","props":{}},"41":{"svids":[2075823410],"suppids":[],"memberCount":1,"value":1081.82,"flag":-2,"qcComments":[],"type":"M","props":{}}}'),(189596857,2765,1686269173000,'{"1":{"svids":[2075823382,2075823560],"suppids":[],"memberCount":2,"value":20.268732444444442,"flag":2,"qcComments":[],"type":"I","props":{}},"33":{"svids":[2075823435],"suppids":[],"memberCount":1,"value":12720.0,"flag":-2,"qcComments":[],"type":"M","props":{}},"2":{"svids":[2075823383,2075823561],"suppids":[],"memberCount":2,"value":37.94812,"flag":2,"qcComments":[],"type":"I","props":{}},"34":{"svids":[2075823436],"suppids":[],"memberCount":1,"value":17015.0,"flag":-2,"qcComments":[],"type":"M","props":{}},"35":{"svids":[2075823437],"suppids":[],"memberCount":1,"value":0.0,"flag":-2,"qcComments":[],"type":"M","props":{}},"36":{"svids":[2075823438],"suppids":[],"memberCount":1,"value":0.0,"flag":-2,"qcComments":[],"type":"M","props":{}},"37":{"svids":[2075823439],"suppids":[],"memberCount":1,"value":2612006.0,"flag":-2,"qcComments":[],"type":"M","props":{}},"38":{"svids":[2075823432],"suppids":[],"memberCount":1,"value":28.819,"flag":-2,"qcComments":[],"type":"M","props":{}},"40":{"svids":[2075823433],"suppids":[],"memberCount":1,"value":1093.07,"flag":-2,"qcComments":[],"type":"M","props":{}},"41":{"svids":[2075823434],"suppids":[],"memberCount":1,"value":1081.24,"flag":-2,"qcComments":[],"type":"M","props":{}}}'),(189596858,2765,1686269353000,'{"1":{"svids":[2075823382,2075823560],"suppids":[],"memberCount":2,"value":20.283862444444445,"flag":2,"qcComments":[],"type":"I","props":{}},"33":{"svids":[2075823459],"suppids":[],"memberCount":1,"value":12725.0,"flag":-2,"qcComments":[],"type":"M","props":{}},"2":{"svids":[2075823383,2075823561],"suppids":[],"memberCount":2,"value":37.94182,"flag":2,"qcComments":[],"type":"I","props":{}},"34":{"svids":[2075823460],"suppids":[],"memberCount":1,"value":17014.0,"flag":-2,"qcComments":[],"type":"M","props":{}},"35":{"svids":[2075823461],"suppids":[],"memberCount":1,"value":0.0,"flag":-2,"qcComments":[],"type":"M","props":{}},"36":{"svids":[2075823462],"suppids":[],"memberCount":1,"value":0.0,"flag":-2,"qcComments":[],"type":"M","props":{}},"37":{"svids":[2075823463],"suppids":[],"memberCount":1,"value":2612186.0,"flag":-2,"qcComments":[],"type":"M","props":{}},"38":{"svids":[2075823456],"suppids":[],"memberCount":1,"value":28.99,"flag":-2,"qcComments":[],"type":"M","props":{}},"40":{"svids":[2075823457],"suppids":[],"memberCount":1,"value":1091.81,"flag":-2,"qcComments":[],"type":"M","props":{}},"41":{"svids":[2075823458],"suppids":[],"memberCount":1,"value":1080.0,"flag":-2,"qcComments":[],"type":"M","props":{}}}'),(189596859,2765,1686268813000,'{"1":{"svids":[2075823382,2075823560],"suppids":[],"memberCount":2,"value":20.238472444444444,"flag":2,"qcComments":[],"type":"I","props":{}},"33":{"svids":[2075823387],"suppids":[],"memberCount":1,"value":12727.0,"flag":-2,"qcComments":[],"type":"M","props":{}},"2":{"svids":[2075823383,2075823561],"suppids":[],"memberCount":2,"value":37.96072,"flag":2,"qcComments":[],"type":"I","props":{}},"34":{"svids":[2075823388],"suppids":[],"memberCount":1,"value":17019.0,"flag":-2,"qcComments":[],"type":"M","props":{}},"35":{"svids":[2075823389],"suppids":[],"memberCount":1,"value":0.0,"flag":-2,"qcComments":[],"type":"M","props":{}},"36":{"svids":[2075823390],"suppids":[],"memberCount":1,"value":0.0,"flag":-2,"qcComments":[],"type":"M","props":{}},"37":{"svids":[2075823391],"suppids":[],"memberCount":1,"value":2611646.0,"flag":-2,"qcComments":[],"type":"M","props":{}},"38":{"svids":[2075823384],"suppids":[],"memberCount":1,"value":28.416,"flag":-2,"qcComments":[],"type":"M","props":{}},"40":{"svids":[2075823385],"suppids":[],"memberCount":1,"value":1094.21,"flag":-2,"qcComments":[],"type":"M","props":{}},"41":{"svids":[2075823386],"suppids":[],"memberCount":1,"value":1082.31,"flag":-2,"qcComments":[],"type":"M","props":{}}}'),(189596860,2765,1686269443000,'{"1":{"svids":[2075823382,2075823560],"suppids":[],"memberCount":2,"value":20.291427444444444,"flag":2,"qcComments":[],"type":"I","props":{}},"33":{"svids":[2075823531],"suppids":[],"memberCount":1,"value":13810.0,"flag":-2,"qcComments":[],"type":"M","props":{}},"2":{"svids":[2075823383,2075823561],"suppids":[],"memberCount":2,"value":37.93867,"flag":2,"qcComments":[],"type":"I","props":{}},"34":{"svids":[2075823532],"suppids":[],"memberCount":1,"value":17009.0,"flag":-2,"qcComments":[],"type":"M","props":{}},"35":{"svids":[2075823533],"suppids":[],"memberCount":1,"value":1.0,"flag":-2,"qcComments":[],"type":"M","props":{}},"36":{"svids":[2075823534],"suppids":[],"memberCount":1,"value":0.0,"flag":-2,"qcComments":[],"type":"M","props":{}},"37":{"svids":[2075823535],"suppids":[],"memberCount":1,"value":2612276.0,"flag":-2,"qcComments":[],"type":"M","props":{}},"38":{"svids":[2075823528],"suppids":[],"memberCount":1,"value":29.345,"flag":-2,"qcComments":[],"type":"M","props":{}},"40":{"svids":[2075823529],"suppids":[],"memberCount":1,"value":1082.4,"flag":-2,"qcComments":[],"type":"M","props":{}},"41":{"svids":[2075823530],"suppids":[],"memberCount":1,"value":1079.61,"flag":-2,"qcComments":[],"type":"M","props":{}}}'),(189596861,2765,1686269393000,'{"1":{"svids":[2075823382,2075823560],"suppids":[],"memberCount":2,"value":20.287224666666667,"flag":2,"qcComments":[],"type":"I","props":{}},"33":{"svids":[2075823491],"suppids":[],"memberCount":1,"value":13809.0,"flag":-2,"qcComments":[],"type":"M","props":{}},"2":{"svids":[2075823383,2075823561],"suppids":[],"memberCount":2,"value":37.94042,"flag":2,"qcComments":[],"type":"I","props":{}},"34":{"svids":[2075823492],"suppids":[],"memberCount":1,"value":17006.0,"flag":-2,"qcComments":[],"type":"M","props":{}},"35":{"svids":[2075823493],"suppids":[],"memberCount":1,"value":1.0,"flag":-2,"qcComments":[],"type":"M","props":{}},"36":{"svids":[2075823494],"suppids":[],"memberCount":1,"value":0.0,"flag":-2,"qcComments":[],"type":"M","props":{}},"37":{"svids":[2075823495],"suppids":[],"memberCount":1,"value":2612226.0,"flag":-2,"qcComments":[],"type":"M","props":{}},"38":{"svids":[2075823488],"suppids":[],"memberCount":1,"value":29.209,"flag":-2,"qcComments":[],"type":"M","props":{}},"40":{"svids":[2075823489],"suppids":[],"memberCount":1,"value":1082.15,"flag":-2,"qcComments":[],"type":"M","props":{}},"41":{"svids":[2075823490],"suppids":[],"memberCount":1,"value":1080.16,"flag":-2,"qcComments":[],"type":"M","props":{}}}'),(189596862,2765,1686269383000,'{"1":{"svids":[2075823382,2075823560],"suppids":[],"memberCount":2,"value":20.28638411111111,"flag":2,"qcComments":[],"type":"I","props":{}},"33":{"svids":[2075823483],"suppids":[],"memberCount":1,"value":13808.0,"flag":-2,"qcComments":[],"type":"M","props":{}},"2":{"svids":[2075823383,2075823561],"suppids":[],"memberCount":2,"value":37.94077,"flag":2,"qcComments":[],"type":"I","props":{}},"34":{"svids":[2075823484],"suppids":[],"memberCount":1,"value":17007.0,"flag":-2,"qcComments":[],"type":"M","props":{}},"35":{"svids":[2075823485],"suppids":[],"memberCount":1,"value":1.0,"flag":-2,"qcComments":[],"type":"M","props":{}},"36":{"svids":[2075823486],"suppids":[],"memberCount":1,"value":0.0,"flag":-2,"qcComments":[],"type":"M","props":{}},"37":{"svids":[2075823487],"suppids":[],"memberCount":1,"value":2612216.0,"flag":-2,"qcComments":[],"type":"M","props":{}},"38":{"svids":[2075823480],"suppids":[],"memberCount":1,"value":29.175,"flag":-2,"qcComments":[],"type":"M","props":{}},"40":{"svids":[2075823481],"suppids":[],"memberCount":1,"value":1082.08,"flag":-2,"qcComments":[],"type":"M","props":{}},"41":{"svids":[2075823482],"suppids":[],"memberCount":1,"value":1080.21,"flag":-2,"qcComments":[],"type":"M","props":{}}}'),(189596863,2765,1686268393000,'{"1":{"svids":[2075823300,2075823382],"suppids":[],"memberCount":2,"value":20.301751555555555,"flag":2,"qcComments":[],"type":"I","props":{}},"33":{"svids":[2075823329],"suppids":[],"memberCount":1,"value":12737.0,"flag":-2,"qcComments":[],"type":"M","props":{}},"2":{"svids":[2075823301,2075823383],"suppids":[],"memberCount":2,"value":37.92460666666667,"flag":2,"qcComments":[],"type":"I","props":{}},"34":{"svids":[2075823330],"suppids":[],"memberCount":1,"value":17026.0,"flag":-2,"qcComments":[],"type":"M","props":{}},"35":{"svids":[2075823331],"suppids":[],"memberCount":1,"value":0.0,"flag":-2,"qcComments":[],"type":"M","props":{}},"36":{"svids":[2075823332],"suppids":[],"memberCount":1,"value":0.0,"flag":-2,"qcComments":[],"type":"M","props":{}},"37":{"svids":[2075823333],"suppids":[],"memberCount":1,"value":2611226.0,"flag":-2,"qcComments":[],"type":"M","props":{}},"38":{"svids":[2075823326],"suppids":[],"memberCount":1,"value":27.68,"flag":-2,"qcComments":[],"type":"M","props":{}},"40":{"svids":[2075823327],"suppids":[],"memberCount":1,"value":1095.63,"flag":-2,"qcComments":[],"type":"M","props":{}},"41":{"svids":[2075823328],"suppids":[],"memberCount":1,"value":1083.67,"flag":-2,"qcComments":[],"type":"M","props":{}}}'),(189596864,2765,1686269053000,'{"1":{"svids":[2075823382,2075823560],"suppids":[],"memberCount":2,"value":20.258645777777776,"flag":2,"qcComments":[],"type":"I","props":{}},"33":{"svids":[2075823419],"suppids":[],"memberCount":1,"value":12720.0,"flag":-2,"qcComments":[],"type":"M","props":{}},"2":{"svids":[2075823383,2075823561],"suppids":[],"memberCount":2,"value":37.95232,"flag":2,"qcComments":[],"type":"I","props":{}},"34":{"svids":[2075823420],"suppids":[],"memberCount":1,"value":17016.0,"flag":-2,"qcComments":[],"type":"M","props":{}},"35":{"svids":[2075823421],"suppids":[],"memberCount":1,"value":0.0,"flag":-2,"qcComments":[],"type":"M","props":{}},"36":{"svids":[2075823422],"suppids":[],"memberCount":1,"value":0.0,"flag":-2,"qcComments":[],"type":"M","props":{}},"37":{"svids":[2075823423],"suppids":[],"memberCount":1,"value":2611886.0,"flag":-2,"qcComments":[],"type":"M","props":{}},"38":{"svids":[2075823416],"suppids":[],"memberCount":1,"value":28.687,"flag":-2,"qcComments":[],"type":"M","props":{}},"40":{"svids":[2075823417],"suppids":[],"memberCount":1,"value":1093.62,"flag":-2,"qcComments":[],"type":"M","props":{}},"41":{"svids":[2075823418],"suppids":[],"memberCount":1,"value":1081.72,"flag":-2,"qcComments":[],"type":"M","props":{}}}'),(189596865,2765,1686269453000,'{"1":{"svids":[2075823382,2075823560],"suppids":[],"memberCount":2,"value":20.292268,"flag":2,"qcComments":[],"type":"I","props":{}},"33":{"svids":[2075823539],"suppids":[],"memberCount":1,"value":13809.0,"flag":-2,"qcComments":[],"type":"M","props":{}},"2":{"svids":[2075823383,2075823561],"suppids":[],"memberCount":2,"value":37.93832,"flag":2,"qcComments":[],"type":"I","props":{}},"34":{"svids":[2075823540],"suppids":[],"memberCount":1,"value":17007.0,"flag":-2,"qcComments":[],"type":"M","props":{}},"35":{"svids":[2075823541],"suppids":[],"memberCount":1,"value":1.0,"flag":-2,"qcComments":[],"type":"M","props":{}},"36":{"svids":[2075823542],"suppids":[],"memberCount":1,"value":0.0,"flag":-2,"qcComments":[],"type":"M","props":{}},"37":{"svids":[2075823543],"suppids":[],"memberCount":1,"value":2612286.0,"flag":-2,"qcComments":[],"type":"M","props":{}},"38":{"svids":[2075823536],"suppids":[],"memberCount":1,"value":29.365,"flag":-2,"qcComments":[],"type":"M","props":{}},"40":{"svids":[2075823537],"suppids":[],"memberCount":1,"value":1082.36,"flag":-2,"qcComments":[],"type":"M","props":{}},"41":{"svids":[2075823538],"suppids":[],"memberCount":1,"value":1079.5,"flag":-2,"qcComments":[],"type":"M","props":{}}}'),(189596866,2765,1686269113000,'{"1":{"svids":[2075823382,2075823560],"suppids":[],"memberCount":2,"value":20.26368911111111,"flag":2,"qcComments":[],"type":"I","props":{}},"33":{"svids":[2075823427],"suppids":[],"memberCount":1,"value":12720.0,"flag":-2,"qcComments":[],"type":"M","props":{}},"2":{"svids":[2075823383,2075823561],"suppids":[],"memberCount":2,"value":37.95022,"flag":2,"qcComments":[],"type":"I","props":{}},"34":{"svids":[2075823428],"suppids":[],"memberCount":1,"value":17016.0,"flag":-2,"qcComments":[],"type":"M","props":{}},"35":{"svids":[2075823429],"suppids":[],"memberCount":1,"value":0.0,"flag":-2,"qcComments":[],"type":"M","props":{}},"36":{"svids":[2075823430],"suppids":[],"memberCount":1,"value":0.0,"flag":-2,"qcComments":[],"type":"M","props":{}},"37":{"svids":[2075823431],"suppids":[],"memberCount":1,"value":2611946.0,"flag":-2,"qcComments":[],"type":"M","props":{}},"38":{"svids":[2075823424],"suppids":[],"memberCount":1,"value":28.758,"flag":-2,"qcComments":[],"type":"M","props":{}},"40":{"svids":[2075823425],"suppids":[],"memberCount":1,"value":1093.43,"flag":-2,"qcComments":[],"type":"M","props":{}},"41":{"svids":[2075823426],"suppids":[],"memberCount":1,"value":1081.56,"flag":-2,"qcComments":[],"type":"M","props":{}}}');

-- Measurement run types
INSERT INTO `measurement_run_types` VALUES (189596835,6,'__M'),(189596836,6,'__M'),(189596837,6,'__C'),(189596838,6,'__M'),(189596839,6,'__C'),(189596840,6,'__M'),(189596841,6,'__C'),(189596842,6,'__M'),(189596843,6,'__M'),(189596844,6,'__M'),(189596845,6,'__C'),(189596846,6,'__C'),(189596847,6,'__M'),(189596848,6,'__M'),(189596849,6,'__M'),(189596850,6,'__C'),(189596851,6,'__C'),(189596852,6,'__M'),(189596853,6,'__M'),(189596854,6,'__C'),(189596855,6,'__M'),(189596856,6,'__M'),(189596857,6,'__M'),(189596858,6,'__M'),(189596859,6,'__M'),(189596860,6,'__C'),(189596861,6,'__C'),(189596862,6,'__C'),(189596863,6,'__M'),(189596864,6,'__M'),(189596865,6,'__C'),(189596866,6,'__M');
