-- This SQL is built on a database export from a known working dataset.
-- It consists of a sequence of ZERO, FLUSH, MEASUREMENTS
-- There is no post-zerp

-- Instrument
INSERT INTO `instrument` VALUES (124,1,'Contros','IT-FOS-PALOMA','48MB',0,NULL,'{"depth":"0","latitude":"0.0","postFlushingTime":"0","preFlushingTime":"0","longitude":"0.0","sensorGroups":[{"name":"Default","members":["p_NDIR","p_in","Zero","Flush","Runtime","Signal_raw","Signal_ref","T_gas","TEMP","SAL"]}],"diagnosticQC":{}}','2024-02-01 15:01:57','2024-02-01 16:01:57');

-- Instrument Variables
INSERT INTO `instrument_variables` VALUES (124,6,'{"zero_flush":"0.00","zero_mode":"Continuous"}','2024-02-01 15:01:57','2024-02-01 16:01:57');

-- File Definition
INSERT INTO `file_definition` VALUES (190,124,'CONTROS',';',0,2,NULL,2,22,'{"valueColumn":-1,"hemisphereColumn":-1,"format":-1}','{"valueColumn":-1,"hemisphereColumn":-1,"format":-1}','{"assignments":{"0":{"assignmentIndex":0,"column":-1,"properties":{}},"2":{"assignmentIndex":2,"column":0,"properties":{"formatString":"yyyy-MM-dd"}},"1":{"assignmentIndex":1,"column":-1,"properties":{}},"13":{"assignmentIndex":13,"column":-1,"properties":{}},"4":{"assignmentIndex":4,"column":-1,"properties":{}},"5":{"assignmentIndex":5,"column":-1,"properties":{}},"3":{"assignmentIndex":3,"column":-1,"properties":{}},"6":{"assignmentIndex":6,"column":-1,"properties":{}},"7":{"assignmentIndex":7,"column":-1,"properties":{}},"8":{"assignmentIndex":8,"column":1,"properties":{"formatString":"HH:mm:ss"}},"9":{"assignmentIndex":9,"column":-1,"properties":{}},"10":{"assignmentIndex":10,"column":-1,"properties":{}},"11":{"assignmentIndex":11,"column":-1,"properties":{}},"12":{"assignmentIndex":12,"column":-1,"properties":{}}},"fileHasHeader":true}','2024-02-01 15:01:57','2024-02-01 16:01:57'),(191,124,'TSG','	',0,0,NULL,1,33,'{"valueColumn":-1,"hemisphereColumn":-1,"format":-1}','{"valueColumn":-1,"hemisphereColumn":-1,"format":-1}','{"assignments":{"0":{"assignmentIndex":0,"column":1,"properties":{"formatString":"yyyy-MM-dd HH:mm:ss"}},"2":{"assignmentIndex":2,"column":-1,"properties":{}},"1":{"assignmentIndex":1,"column":-1,"properties":{}},"13":{"assignmentIndex":13,"column":-1,"properties":{}},"4":{"assignmentIndex":4,"column":-1,"properties":{}},"5":{"assignmentIndex":5,"column":-1,"properties":{}},"3":{"assignmentIndex":3,"column":-1,"properties":{}},"6":{"assignmentIndex":6,"column":-1,"properties":{}},"7":{"assignmentIndex":7,"column":-1,"properties":{}},"8":{"assignmentIndex":8,"column":-1,"properties":{}},"9":{"assignmentIndex":9,"column":-1,"properties":{}},"10":{"assignmentIndex":10,"column":-1,"properties":{}},"11":{"assignmentIndex":11,"column":-1,"properties":{}},"12":{"assignmentIndex":12,"column":-1,"properties":{}}},"fileHasHeader":false}','2024-02-01 15:01:57','2024-02-01 16:01:57');

-- File columns
INSERT INTO `file_column` VALUES (1549,191,3,1,1,'TEMP',0,'','2024-02-01 15:01:57','2024-02-01 16:01:57'),(1550,191,6,1,2,'SAL',0,'','2024-02-01 15:01:57','2024-02-01 16:01:57'),(1551,190,20,1,38,'T_gas',0,'','2024-02-01 15:01:57','2024-02-01 16:01:57'),(1552,190,4,1,40,'p_NDIR',0,'','2024-02-01 15:01:57','2024-02-01 16:01:57'),(1553,190,5,1,41,'p_in',0,'','2024-02-01 15:01:57','2024-02-01 16:01:57'),(1554,190,12,1,33,'Signal_raw',0,'','2024-02-01 15:01:57','2024-02-01 16:01:57'),(1555,190,13,1,34,'Signal_ref',0,'','2024-02-01 15:01:57','2024-02-01 16:01:57'),(1556,190,8,1,35,'Zero',0,'','2024-02-01 15:01:57','2024-02-01 16:01:57'),(1557,190,9,1,36,'Flush',0,'','2024-02-01 15:01:57','2024-02-01 16:01:57'),(1558,190,11,1,37,'Runtime',0,'','2024-02-01 15:01:57','2024-02-01 16:01:57');

-- Dataset
INSERT INTO `dataset` VALUES (2765,124,'48MB20230608',1686247205000,1686269473000,0,0,0,0,100,0,1706801066806,'{"_INSTRUMENT":{"depth":"0","latitude":"0.0","postFlushingTime":"0","preFlushingTime":"0","longitude":"0.0"},"CONTROS pCO₂":{"zero_flush":"0.00","zero_mode":"Continuous","contros.zeros":"{\"2610031.0\":0.8080710618068504,\"2612251.0\":0.8072996197776119}"},"_DATASET":{"ProcessingVersion":"v19.2.14"},"__SENSOR_OFFSETS":{}}',NULL,'{}','',1706804666807,0,'2024-02-01 15:09:12','2024-02-01 16:24:26');


-- Sensor values
INSERT INTO `sensor_values` VALUES (2075823102,2765,1549,1686247205000,'19.4772',NULL,-2,''),(2075823103,2765,1550,1686247205000,'37.934',NULL,-2,''),(2075823184,2765,1551,1686247763000,'-39.7',NULL,-2,''),(2075823185,2765,1552,1686247763000,'1079.45',NULL,-2,''),(2075823186,2765,1553,1686247763000,'1079.65',NULL,-2,''),(2075823187,2765,1554,1686247763000,'13126.0',NULL,-2,''),(2075823188,2765,1555,1686247763000,'17015.0',NULL,-2,''),(2075823189,2765,1556,1686247763000,'1.0',NULL,-2,''),(2075823190,2765,1557,1686247763000,'0.0',NULL,-2,''),(2075823191,2765,1558,1686247763000,'2609976.0',NULL,-2,''),(2075823192,2765,1551,1686247773000,'-39.7',NULL,-2,''),(2075823193,2765,1552,1686247773000,'1079.39',NULL,-2,''),(2075823194,2765,1553,1686247773000,'1079.65',NULL,-2,''),(2075823195,2765,1554,1686247773000,'13714.0',NULL,-2,''),(2075823196,2765,1555,1686247773000,'17011.0',NULL,-2,''),(2075823197,2765,1556,1686247773000,'1.0',NULL,-2,''),(2075823198,2765,1557,1686247773000,'0.0',NULL,-2,''),(2075823199,2765,1558,1686247773000,'2609986.0',NULL,-2,''),(2075823200,2765,1551,1686247783000,'-39.7',NULL,-2,''),(2075823201,2765,1552,1686247783000,'1079.11',NULL,-2,''),(2075823202,2765,1553,1686247783000,'1079.68',NULL,-2,''),(2075823203,2765,1554,1686247783000,'13811.0',NULL,-2,''),(2075823204,2765,1555,1686247783000,'17011.0',NULL,-2,''),(2075823205,2765,1556,1686247783000,'1.0',NULL,-2,''),(2075823206,2765,1557,1686247783000,'0.0',NULL,-2,''),(2075823207,2765,1558,1686247783000,'2609996.0',NULL,-2,''),(2075823208,2765,1551,1686247793000,'-39.7',NULL,-2,''),(2075823209,2765,1552,1686247793000,'1079.07',NULL,-2,''),(2075823210,2765,1553,1686247793000,'1079.73',NULL,-2,''),(2075823211,2765,1554,1686247793000,'13811.0',NULL,-2,''),(2075823212,2765,1555,1686247793000,'17011.0',NULL,-2,''),(2075823213,2765,1556,1686247793000,'1.0',NULL,-2,''),(2075823214,2765,1557,1686247793000,'0.0',NULL,-2,''),(2075823215,2765,1558,1686247793000,'2610006.0',NULL,-2,''),(2075823216,2765,1551,1686247803000,'-39.7',NULL,-2,''),(2075823217,2765,1552,1686247803000,'1079.29',NULL,-2,''),(2075823218,2765,1553,1686247803000,'1079.73',NULL,-2,''),(2075823219,2765,1554,1686247803000,'13812.0',NULL,-2,''),(2075823220,2765,1555,1686247803000,'17011.0',NULL,-2,''),(2075823221,2765,1556,1686247803000,'1.0',NULL,-2,''),(2075823222,2765,1557,1686247803000,'0.0',NULL,-2,''),(2075823223,2765,1558,1686247803000,'2610016.0',NULL,-2,''),(2075823224,2765,1551,1686247813000,'-39.7',NULL,-2,''),(2075823225,2765,1552,1686247813000,'1079.26',NULL,-2,''),(2075823226,2765,1553,1686247813000,'1079.74',NULL,-2,''),(2075823227,2765,1554,1686247813000,'13811.0',NULL,-2,''),(2075823228,2765,1555,1686247813000,'17010.0',NULL,-2,''),(2075823229,2765,1556,1686247813000,'1.0',NULL,-2,''),(2075823230,2765,1557,1686247813000,'0.0',NULL,-2,''),(2075823231,2765,1558,1686247813000,'2610026.0',NULL,-2,''),(2075823232,2765,1551,1686247823000,'-39.7',NULL,-2,''),(2075823233,2765,1552,1686247823000,'1079.28',NULL,-2,''),(2075823234,2765,1553,1686247823000,'1079.79',NULL,-2,''),(2075823235,2765,1554,1686247823000,'13811.0',NULL,-2,''),(2075823236,2765,1555,1686247823000,'17010.0',NULL,-2,''),(2075823237,2765,1556,1686247823000,'1.0',NULL,-2,''),(2075823238,2765,1557,1686247823000,'0.0',NULL,-2,''),(2075823239,2765,1558,1686247823000,'2610036.0',NULL,-2,''),(2075823240,2765,1551,1686247833000,'-39.7',NULL,-2,''),(2075823241,2765,1552,1686247833000,'1079.54',NULL,-2,''),(2075823242,2765,1553,1686247833000,'1079.82',NULL,-2,''),(2075823243,2765,1554,1686247833000,'13812.0',NULL,-2,''),(2075823244,2765,1555,1686247833000,'17011.0',NULL,-2,''),(2075823245,2765,1556,1686247833000,'1.0',NULL,-2,''),(2075823246,2765,1557,1686247833000,'0.0',NULL,-2,''),(2075823247,2765,1558,1686247833000,'2610046.0',NULL,-2,''),(2075823248,2765,1551,1686247843000,'-39.7',NULL,-2,''),(2075823249,2765,1552,1686247843000,'1079.35',NULL,-2,''),(2075823250,2765,1553,1686247843000,'1079.83',NULL,-2,''),(2075823251,2765,1554,1686247843000,'13811.0',NULL,-2,''),(2075823252,2765,1555,1686247843000,'17011.0',NULL,-2,''),(2075823253,2765,1556,1686247843000,'1.0',NULL,-2,''),(2075823254,2765,1557,1686247843000,'0.0',NULL,-2,''),(2075823255,2765,1558,1686247843000,'2610056.0',NULL,-2,''),(2075823256,2765,1551,1686247853000,'-39.7',NULL,-2,''),(2075823257,2765,1552,1686247853000,'1079.5',NULL,-2,''),(2075823258,2765,1553,1686247853000,'1079.84',NULL,-2,''),(2075823259,2765,1554,1686247853000,'13811.0',NULL,-2,''),(2075823260,2765,1555,1686247853000,'17010.0',NULL,-2,''),(2075823261,2765,1556,1686247853000,'1.0',NULL,-2,''),(2075823262,2765,1557,1686247853000,'0.0',NULL,-2,''),(2075823263,2765,1558,1686247853000,'2610066.0',NULL,-2,''),(2075823264,2765,1551,1686247863000,'-39.7',NULL,-2,''),(2075823265,2765,1552,1686247863000,'1079.77',NULL,-2,''),(2075823266,2765,1553,1686247863000,'1079.85',NULL,-2,''),(2075823267,2765,1554,1686247863000,'13811.0',NULL,-2,''),(2075823268,2765,1555,1686247863000,'17010.0',NULL,-2,''),(2075823269,2765,1556,1686247863000,'1.0',NULL,-2,''),(2075823270,2765,1557,1686247863000,'0.0',NULL,-2,''),(2075823271,2765,1558,1686247863000,'2610076.0',NULL,-2,''),(2075823272,2765,1551,1686247873000,'-39.7',NULL,-2,''),(2075823273,2765,1552,1686247873000,'1079.86',NULL,-2,''),(2075823274,2765,1553,1686247873000,'1079.87',NULL,-2,''),(2075823275,2765,1554,1686247873000,'13812.0',NULL,-2,''),(2075823276,2765,1555,1686247873000,'17011.0',NULL,-2,''),(2075823277,2765,1556,1686247873000,'1.0',NULL,-2,''),(2075823278,2765,1557,1686247873000,'0.0',NULL,-2,''),(2075823279,2765,1558,1686247873000,'2610086.0',NULL,-2,''),(2075823280,2765,1549,1686249005000,'19.2075',NULL,-2,''),(2075823281,2765,1550,1686249005000,'38.048',NULL,-2,''),(2075823282,2765,1549,1686250805000,'19.0905',NULL,-2,''),(2075823283,2765,1550,1686250805000,'37.933',NULL,-2,''),(2075823284,2765,1549,1686252605000,'19.6279',NULL,-2,''),(2075823285,2765,1550,1686252605000,'37.992',NULL,-2,''),(2075823286,2765,1549,1686254405000,'19.7274',NULL,-2,''),(2075823287,2765,1550,1686254405000,'38.014',NULL,-2,''),(2075823288,2765,1549,1686256205000,'19.8798',NULL,-2,''),(2075823289,2765,1550,1686256205000,'37.938',NULL,-2,''),(2075823290,2765,1549,1686258005000,'19.8771',NULL,-2,''),(2075823291,2765,1550,1686258005000,'37.946',NULL,-2,''),(2075823292,2765,1549,1686259805000,'20.195',NULL,-2,''),(2075823293,2765,1550,1686259805000,'37.77',NULL,-2,''),(2075823294,2765,1549,1686261605000,'19.9382',NULL,-2,''),(2075823295,2765,1550,1686261605000,'37.809',NULL,-2,''),(2075823296,2765,1549,1686263405000,'19.8758',NULL,-2,''),(2075823297,2765,1550,1686263405000,'37.853',NULL,-2,''),(2075823298,2765,1549,1686265205000,'20.0332',NULL,-2,''),(2075823299,2765,1550,1686265205000,'37.813',NULL,-2,''),(2075823300,2765,1549,1686267005000,'20.5172',NULL,-2,''),(2075823301,2765,1550,1686267005000,'37.802',NULL,-2,''),(2075823302,2765,1551,1686268213000,'27.138',NULL,-2,''),(2075823303,2765,1552,1686268213000,'1096.53',NULL,-2,''),(2075823304,2765,1553,1686268213000,'1084.52',NULL,-2,''),(2075823305,2765,1554,1686268213000,'12751.0',NULL,-2,''),(2075823306,2765,1555,1686268213000,'17030.0',NULL,-2,''),(2075823307,2765,1556,1686268213000,'0.0',NULL,-2,''),(2075823308,2765,1557,1686268213000,'0.0',NULL,-2,''),(2075823309,2765,1558,1686268213000,'2611046.0',NULL,-2,''),(2075823310,2765,1551,1686268273000,'27.337',NULL,-2,''),(2075823311,2765,1552,1686268273000,'1096.38',NULL,-2,''),(2075823312,2765,1553,1686268273000,'1084.38',NULL,-2,''),(2075823313,2765,1554,1686268273000,'12742.0',NULL,-2,''),(2075823314,2765,1555,1686268273000,'17027.0',NULL,-2,''),(2075823315,2765,1556,1686268273000,'0.0',NULL,-2,''),(2075823316,2765,1557,1686268273000,'0.0',NULL,-2,''),(2075823317,2765,1558,1686268273000,'2611106.0',NULL,-2,''),(2075823318,2765,1551,1686268333000,'27.515',NULL,-2,''),(2075823319,2765,1552,1686268333000,'1096.17',NULL,-2,''),(2075823320,2765,1553,1686268333000,'1084.17',NULL,-2,''),(2075823321,2765,1554,1686268333000,'12737.0',NULL,-2,''),(2075823322,2765,1555,1686268333000,'17028.0',NULL,-2,''),(2075823323,2765,1556,1686268333000,'0.0',NULL,-2,''),(2075823324,2765,1557,1686268333000,'0.0',NULL,-2,''),(2075823325,2765,1558,1686268333000,'2611166.0',NULL,-2,''),(2075823326,2765,1551,1686268393000,'27.68',NULL,-2,''),(2075823327,2765,1552,1686268393000,'1095.63',NULL,-2,''),(2075823328,2765,1553,1686268393000,'1083.67',NULL,-2,''),(2075823329,2765,1554,1686268393000,'12737.0',NULL,-2,''),(2075823330,2765,1555,1686268393000,'17026.0',NULL,-2,''),(2075823331,2765,1556,1686268393000,'0.0',NULL,-2,''),(2075823332,2765,1557,1686268393000,'0.0',NULL,-2,''),(2075823333,2765,1558,1686268393000,'2611226.0',NULL,-2,''),(2075823334,2765,1551,1686268453000,'27.82',NULL,-2,''),(2075823335,2765,1552,1686268453000,'1095.24',NULL,-2,''),(2075823336,2765,1553,1686268453000,'1083.26',NULL,-2,''),(2075823337,2765,1554,1686268453000,'12738.0',NULL,-2,''),(2075823338,2765,1555,1686268453000,'17024.0',NULL,-2,''),(2075823339,2765,1556,1686268453000,'0.0',NULL,-2,''),(2075823340,2765,1557,1686268453000,'0.0',NULL,-2,''),(2075823341,2765,1558,1686268453000,'2611286.0',NULL,-2,''),(2075823342,2765,1551,1686268513000,'27.938',NULL,-2,''),(2075823343,2765,1552,1686268513000,'1094.76',NULL,-2,''),(2075823344,2765,1553,1686268513000,'1082.84',NULL,-2,''),(2075823345,2765,1554,1686268513000,'12739.0',NULL,-2,''),(2075823346,2765,1555,1686268513000,'17023.0',NULL,-2,''),(2075823347,2765,1556,1686268513000,'0.0',NULL,-2,''),(2075823348,2765,1557,1686268513000,'0.0',NULL,-2,''),(2075823349,2765,1558,1686268513000,'2611346.0',NULL,-2,''),(2075823350,2765,1551,1686268573000,'28.055',NULL,-2,''),(2075823351,2765,1552,1686268573000,'1094.5',NULL,-2,''),(2075823352,2765,1553,1686268573000,'1082.64',NULL,-2,''),(2075823353,2765,1554,1686268573000,'12740.0',NULL,-2,''),(2075823354,2765,1555,1686268573000,'17022.0',NULL,-2,''),(2075823355,2765,1556,1686268573000,'0.0',NULL,-2,''),(2075823356,2765,1557,1686268573000,'0.0',NULL,-2,''),(2075823357,2765,1558,1686268573000,'2611406.0',NULL,-2,''),(2075823358,2765,1551,1686268633000,'28.154',NULL,-2,''),(2075823359,2765,1552,1686268633000,'1094.53',NULL,-2,''),(2075823360,2765,1553,1686268633000,'1082.66',NULL,-2,''),(2075823361,2765,1554,1686268633000,'12737.0',NULL,-2,''),(2075823362,2765,1555,1686268633000,'17023.0',NULL,-2,''),(2075823363,2765,1556,1686268633000,'0.0',NULL,-2,''),(2075823364,2765,1557,1686268633000,'0.0',NULL,-2,''),(2075823365,2765,1558,1686268633000,'2611466.0',NULL,-2,''),(2075823366,2765,1551,1686268693000,'28.242',NULL,-2,''),(2075823367,2765,1552,1686268693000,'1094.49',NULL,-2,''),(2075823368,2765,1553,1686268693000,'1082.63',NULL,-2,''),(2075823369,2765,1554,1686268693000,'12732.0',NULL,-2,''),(2075823370,2765,1555,1686268693000,'17021.0',NULL,-2,''),(2075823371,2765,1556,1686268693000,'0.0',NULL,-2,''),(2075823372,2765,1557,1686268693000,'0.0',NULL,-2,''),(2075823373,2765,1558,1686268693000,'2611526.0',NULL,-2,''),(2075823374,2765,1551,1686268753000,'28.334',NULL,-2,''),(2075823375,2765,1552,1686268753000,'1094.44',NULL,-2,''),(2075823376,2765,1553,1686268753000,'1082.57',NULL,-2,''),(2075823377,2765,1554,1686268753000,'12728.0',NULL,-2,''),(2075823378,2765,1555,1686268753000,'17021.0',NULL,-2,''),(2075823379,2765,1556,1686268753000,'0.0',NULL,-2,''),(2075823380,2765,1557,1686268753000,'0.0',NULL,-2,''),(2075823381,2765,1558,1686268753000,'2611586.0',NULL,-2,''),(2075823382,2765,1549,1686268805000,'20.2378',NULL,-2,''),(2075823383,2765,1550,1686268805000,'37.961',NULL,-2,''),(2075823384,2765,1551,1686268813000,'28.416',NULL,-2,''),(2075823385,2765,1552,1686268813000,'1094.21',NULL,-2,''),(2075823386,2765,1553,1686268813000,'1082.31',NULL,-2,''),(2075823387,2765,1554,1686268813000,'12727.0',NULL,-2,''),(2075823388,2765,1555,1686268813000,'17019.0',NULL,-2,''),(2075823389,2765,1556,1686268813000,'0.0',NULL,-2,''),(2075823390,2765,1557,1686268813000,'0.0',NULL,-2,''),(2075823391,2765,1558,1686268813000,'2611646.0',NULL,-2,''),(2075823392,2765,1551,1686268873000,'28.486',NULL,-2,''),(2075823393,2765,1552,1686268873000,'1094.2',NULL,-2,''),(2075823394,2765,1553,1686268873000,'1082.25',NULL,-2,''),(2075823395,2765,1554,1686268873000,'12724.0',NULL,-2,''),(2075823396,2765,1555,1686268873000,'17018.0',NULL,-2,''),(2075823397,2765,1556,1686268873000,'0.0',NULL,-2,''),(2075823398,2765,1557,1686268873000,'0.0',NULL,-2,''),(2075823399,2765,1558,1686268873000,'2611706.0',NULL,-2,''),(2075823400,2765,1551,1686268933000,'28.561',NULL,-2,''),(2075823401,2765,1552,1686268933000,'1093.92',NULL,-2,''),(2075823402,2765,1553,1686268933000,'1082.03',NULL,-2,''),(2075823403,2765,1554,1686268933000,'12723.0',NULL,-2,''),(2075823404,2765,1555,1686268933000,'17017.0',NULL,-2,''),(2075823405,2765,1556,1686268933000,'0.0',NULL,-2,''),(2075823406,2765,1557,1686268933000,'0.0',NULL,-2,''),(2075823407,2765,1558,1686268933000,'2611766.0',NULL,-2,''),(2075823408,2765,1551,1686268993000,'28.619',NULL,-2,''),(2075823409,2765,1552,1686268993000,'1093.71',NULL,-2,''),(2075823410,2765,1553,1686268993000,'1081.82',NULL,-2,''),(2075823411,2765,1554,1686268993000,'12723.0',NULL,-2,''),(2075823412,2765,1555,1686268993000,'17018.0',NULL,-2,''),(2075823413,2765,1556,1686268993000,'0.0',NULL,-2,''),(2075823414,2765,1557,1686268993000,'0.0',NULL,-2,''),(2075823415,2765,1558,1686268993000,'2611826.0',NULL,-2,''),(2075823416,2765,1551,1686269053000,'28.687',NULL,-2,''),(2075823417,2765,1552,1686269053000,'1093.62',NULL,-2,''),(2075823418,2765,1553,1686269053000,'1081.72',NULL,-2,''),(2075823419,2765,1554,1686269053000,'12720.0',NULL,-2,''),(2075823420,2765,1555,1686269053000,'17016.0',NULL,-2,''),(2075823421,2765,1556,1686269053000,'0.0',NULL,-2,''),(2075823422,2765,1557,1686269053000,'0.0',NULL,-2,''),(2075823423,2765,1558,1686269053000,'2611886.0',NULL,-2,''),(2075823424,2765,1551,1686269113000,'28.758',NULL,-2,''),(2075823425,2765,1552,1686269113000,'1093.43',NULL,-2,''),(2075823426,2765,1553,1686269113000,'1081.56',NULL,-2,''),(2075823427,2765,1554,1686269113000,'12720.0',NULL,-2,''),(2075823428,2765,1555,1686269113000,'17016.0',NULL,-2,''),(2075823429,2765,1556,1686269113000,'0.0',NULL,-2,''),(2075823430,2765,1557,1686269113000,'0.0',NULL,-2,''),(2075823431,2765,1558,1686269113000,'2611946.0',NULL,-2,''),(2075823432,2765,1551,1686269173000,'28.819',NULL,-2,''),(2075823433,2765,1552,1686269173000,'1093.07',NULL,-2,''),(2075823434,2765,1553,1686269173000,'1081.24',NULL,-2,''),(2075823435,2765,1554,1686269173000,'12720.0',NULL,-2,''),(2075823436,2765,1555,1686269173000,'17015.0',NULL,-2,''),(2075823437,2765,1556,1686269173000,'0.0',NULL,-2,''),(2075823438,2765,1557,1686269173000,'0.0',NULL,-2,''),(2075823439,2765,1558,1686269173000,'2612006.0',NULL,-2,''),(2075823440,2765,1551,1686269233000,'28.88',NULL,-2,''),(2075823441,2765,1552,1686269233000,'1092.71',NULL,-2,''),(2075823442,2765,1553,1686269233000,'1080.9',NULL,-2,''),(2075823443,2765,1554,1686269233000,'12721.0',NULL,-2,''),(2075823444,2765,1555,1686269233000,'17015.0',NULL,-2,''),(2075823445,2765,1556,1686269233000,'0.0',NULL,-2,''),(2075823446,2765,1557,1686269233000,'0.0',NULL,-2,''),(2075823447,2765,1558,1686269233000,'2612066.0',NULL,-2,''),(2075823448,2765,1551,1686269293000,'28.935',NULL,-2,''),(2075823449,2765,1552,1686269293000,'1092.32',NULL,-2,''),(2075823450,2765,1553,1686269293000,'1080.5',NULL,-2,''),(2075823451,2765,1554,1686269293000,'12722.0',NULL,-2,''),(2075823452,2765,1555,1686269293000,'17014.0',NULL,-2,''),(2075823453,2765,1556,1686269293000,'0.0',NULL,-2,''),(2075823454,2765,1557,1686269293000,'0.0',NULL,-2,''),(2075823455,2765,1558,1686269293000,'2612126.0',NULL,-2,''),(2075823456,2765,1551,1686269353000,'28.99',NULL,-2,''),(2075823457,2765,1552,1686269353000,'1091.81',NULL,-2,''),(2075823458,2765,1553,1686269353000,'1080.0',NULL,-2,''),(2075823459,2765,1554,1686269353000,'12725.0',NULL,-2,''),(2075823460,2765,1555,1686269353000,'17014.0',NULL,-2,''),(2075823461,2765,1556,1686269353000,'0.0',NULL,-2,''),(2075823462,2765,1557,1686269353000,'0.0',NULL,-2,''),(2075823463,2765,1558,1686269353000,'2612186.0',NULL,-2,''),(2075823560,2765,1549,1686270605000,'20.3891',NULL,-2,''),(2075823561,2765,1550,1686270605000,'37.898',NULL,-2,'');

-- Measurements
INSERT INTO `measurements` VALUES (189596803,2765,1686268933000,'{"1":{"svids":[2075823382,2075823560],"suppids":[],"memberCount":2,"value":20.24855911111111,"flag":2,"qcComments":[],"type":"I","props":{}},"33":{"svids":[2075823403],"suppids":[],"memberCount":1,"value":12723.0,"flag":-2,"qcComments":[],"type":"M","props":{}},"2":{"svids":[2075823383,2075823561],"suppids":[],"memberCount":2,"value":37.95652,"flag":2,"qcComments":[],"type":"I","props":{}},"34":{"svids":[2075823404],"suppids":[],"memberCount":1,"value":17017.0,"flag":-2,"qcComments":[],"type":"M","props":{}},"35":{"svids":[2075823405],"suppids":[],"memberCount":1,"value":0.0,"flag":-2,"qcComments":[],"type":"M","props":{}},"36":{"svids":[2075823406],"suppids":[],"memberCount":1,"value":0.0,"flag":-2,"qcComments":[],"type":"M","props":{}},"37":{"svids":[2075823407],"suppids":[],"memberCount":1,"value":2611766.0,"flag":-2,"qcComments":[],"type":"M","props":{}},"38":{"svids":[2075823400],"suppids":[],"memberCount":1,"value":28.561,"flag":-2,"qcComments":[],"type":"M","props":{}},"40":{"svids":[2075823401],"suppids":[],"memberCount":1,"value":1093.92,"flag":-2,"qcComments":[],"type":"M","props":{}},"41":{"svids":[2075823402],"suppids":[],"memberCount":1,"value":1082.03,"flag":-2,"qcComments":[],"type":"M","props":{}}}'),(189596804,2765,1686268873000,'{"1":{"svids":[2075823382,2075823560],"suppids":[],"memberCount":2,"value":20.243515777777777,"flag":2,"qcComments":[],"type":"I","props":{}},"33":{"svids":[2075823395],"suppids":[],"memberCount":1,"value":12724.0,"flag":-2,"qcComments":[],"type":"M","props":{}},"2":{"svids":[2075823383,2075823561],"suppids":[],"memberCount":2,"value":37.95862,"flag":2,"qcComments":[],"type":"I","props":{}},"34":{"svids":[2075823396],"suppids":[],"memberCount":1,"value":17018.0,"flag":-2,"qcComments":[],"type":"M","props":{}},"35":{"svids":[2075823397],"suppids":[],"memberCount":1,"value":0.0,"flag":-2,"qcComments":[],"type":"M","props":{}},"36":{"svids":[2075823398],"suppids":[],"memberCount":1,"value":0.0,"flag":-2,"qcComments":[],"type":"M","props":{}},"37":{"svids":[2075823399],"suppids":[],"memberCount":1,"value":2611706.0,"flag":-2,"qcComments":[],"type":"M","props":{}},"38":{"svids":[2075823392],"suppids":[],"memberCount":1,"value":28.486,"flag":-2,"qcComments":[],"type":"M","props":{}},"40":{"svids":[2075823393],"suppids":[],"memberCount":1,"value":1094.2,"flag":-2,"qcComments":[],"type":"M","props":{}},"41":{"svids":[2075823394],"suppids":[],"memberCount":1,"value":1082.25,"flag":-2,"qcComments":[],"type":"M","props":{}}}'),(189596805,2765,1686247793000,'{"1":{"svids":[2075823102,2075823280],"suppids":[],"memberCount":2,"value":19.389098,"flag":2,"qcComments":[],"type":"I","props":{}},"33":{"svids":[2075823211],"suppids":[],"memberCount":1,"value":13811.0,"flag":-2,"qcComments":[],"type":"M","props":{}},"2":{"svids":[2075823103,2075823281],"suppids":[],"memberCount":2,"value":37.97124,"flag":2,"qcComments":[],"type":"I","props":{}},"34":{"svids":[2075823212],"suppids":[],"memberCount":1,"value":17011.0,"flag":-2,"qcComments":[],"type":"M","props":{}},"35":{"svids":[2075823213],"suppids":[],"memberCount":1,"value":1.0,"flag":-2,"qcComments":[],"type":"M","props":{}},"36":{"svids":[2075823214],"suppids":[],"memberCount":1,"value":0.0,"flag":-2,"qcComments":[],"type":"M","props":{}},"37":{"svids":[2075823215],"suppids":[],"memberCount":1,"value":2610006.0,"flag":-2,"qcComments":[],"type":"M","props":{}},"38":{"svids":[2075823208],"suppids":[],"memberCount":1,"value":-39.7,"flag":-2,"qcComments":[],"type":"M","props":{}},"40":{"svids":[2075823209],"suppids":[],"memberCount":1,"value":1079.07,"flag":-2,"qcComments":[],"type":"M","props":{}},"41":{"svids":[2075823210],"suppids":[],"memberCount":1,"value":1079.73,"flag":-2,"qcComments":[],"type":"M","props":{}}}'),(189596806,2765,1686268273000,'{"1":{"svids":[2075823300,2075823382],"suppids":[],"memberCount":2,"value":20.32037822222222,"flag":2,"qcComments":[],"type":"I","props":{}},"33":{"svids":[2075823313],"suppids":[],"memberCount":1,"value":12742.0,"flag":-2,"qcComments":[],"type":"M","props":{}},"2":{"svids":[2075823301,2075823383],"suppids":[],"memberCount":2,"value":37.914006666666666,"flag":2,"qcComments":[],"type":"I","props":{}},"34":{"svids":[2075823314],"suppids":[],"memberCount":1,"value":17027.0,"flag":-2,"qcComments":[],"type":"M","props":{}},"35":{"svids":[2075823315],"suppids":[],"memberCount":1,"value":0.0,"flag":-2,"qcComments":[],"type":"M","props":{}},"36":{"svids":[2075823316],"suppids":[],"memberCount":1,"value":0.0,"flag":-2,"qcComments":[],"type":"M","props":{}},"37":{"svids":[2075823317],"suppids":[],"memberCount":1,"value":2611106.0,"flag":-2,"qcComments":[],"type":"M","props":{}},"38":{"svids":[2075823310],"suppids":[],"memberCount":1,"value":27.337,"flag":-2,"qcComments":[],"type":"M","props":{}},"40":{"svids":[2075823311],"suppids":[],"memberCount":1,"value":1096.38,"flag":-2,"qcComments":[],"type":"M","props":{}},"41":{"svids":[2075823312],"suppids":[],"memberCount":1,"value":1084.38,"flag":-2,"qcComments":[],"type":"M","props":{}}}'),(189596807,2765,1686268453000,'{"1":{"svids":[2075823300,2075823382],"suppids":[],"memberCount":2,"value":20.29243822222222,"flag":2,"qcComments":[],"type":"I","props":{}},"33":{"svids":[2075823337],"suppids":[],"memberCount":1,"value":12738.0,"flag":-2,"qcComments":[],"type":"M","props":{}},"2":{"svids":[2075823301,2075823383],"suppids":[],"memberCount":2,"value":37.92990666666667,"flag":2,"qcComments":[],"type":"I","props":{}},"34":{"svids":[2075823338],"suppids":[],"memberCount":1,"value":17024.0,"flag":-2,"qcComments":[],"type":"M","props":{}},"35":{"svids":[2075823339],"suppids":[],"memberCount":1,"value":0.0,"flag":-2,"qcComments":[],"type":"M","props":{}},"36":{"svids":[2075823340],"suppids":[],"memberCount":1,"value":0.0,"flag":-2,"qcComments":[],"type":"M","props":{}},"37":{"svids":[2075823341],"suppids":[],"memberCount":1,"value":2611286.0,"flag":-2,"qcComments":[],"type":"M","props":{}},"38":{"svids":[2075823334],"suppids":[],"memberCount":1,"value":27.82,"flag":-2,"qcComments":[],"type":"M","props":{}},"40":{"svids":[2075823335],"suppids":[],"memberCount":1,"value":1095.24,"flag":-2,"qcComments":[],"type":"M","props":{}},"41":{"svids":[2075823336],"suppids":[],"memberCount":1,"value":1083.26,"flag":-2,"qcComments":[],"type":"M","props":{}}}'),(189596808,2765,1686247833000,'{"1":{"svids":[2075823102,2075823280],"suppids":[],"memberCount":2,"value":19.383104666666664,"flag":2,"qcComments":[],"type":"I","props":{}},"33":{"svids":[2075823243],"suppids":[],"memberCount":1,"value":13812.0,"flag":-2,"qcComments":[],"type":"M","props":{}},"2":{"svids":[2075823103,2075823281],"suppids":[],"memberCount":2,"value":37.973773333333334,"flag":2,"qcComments":[],"type":"I","props":{}},"34":{"svids":[2075823244],"suppids":[],"memberCount":1,"value":17011.0,"flag":-2,"qcComments":[],"type":"M","props":{}},"35":{"svids":[2075823245],"suppids":[],"memberCount":1,"value":1.0,"flag":-2,"qcComments":[],"type":"M","props":{}},"36":{"svids":[2075823246],"suppids":[],"memberCount":1,"value":0.0,"flag":-2,"qcComments":[],"type":"M","props":{}},"37":{"svids":[2075823247],"suppids":[],"memberCount":1,"value":2610046.0,"flag":-2,"qcComments":[],"type":"M","props":{}},"38":{"svids":[2075823240],"suppids":[],"memberCount":1,"value":-39.7,"flag":-2,"qcComments":[],"type":"M","props":{}},"40":{"svids":[2075823241],"suppids":[],"memberCount":1,"value":1079.54,"flag":-2,"qcComments":[],"type":"M","props":{}},"41":{"svids":[2075823242],"suppids":[],"memberCount":1,"value":1079.82,"flag":-2,"qcComments":[],"type":"M","props":{}}}'),(189596809,2765,1686268633000,'{"1":{"svids":[2075823300,2075823382],"suppids":[],"memberCount":2,"value":20.26449822222222,"flag":2,"qcComments":[],"type":"I","props":{}},"33":{"svids":[2075823361],"suppids":[],"memberCount":1,"value":12737.0,"flag":-2,"qcComments":[],"type":"M","props":{}},"2":{"svids":[2075823301,2075823383],"suppids":[],"memberCount":2,"value":37.94580666666667,"flag":2,"qcComments":[],"type":"I","props":{}},"34":{"svids":[2075823362],"suppids":[],"memberCount":1,"value":17023.0,"flag":-2,"qcComments":[],"type":"M","props":{}},"35":{"svids":[2075823363],"suppids":[],"memberCount":1,"value":0.0,"flag":-2,"qcComments":[],"type":"M","props":{}},"36":{"svids":[2075823364],"suppids":[],"memberCount":1,"value":0.0,"flag":-2,"qcComments":[],"type":"M","props":{}},"37":{"svids":[2075823365],"suppids":[],"memberCount":1,"value":2611466.0,"flag":-2,"qcComments":[],"type":"M","props":{}},"38":{"svids":[2075823358],"suppids":[],"memberCount":1,"value":28.154,"flag":-2,"qcComments":[],"type":"M","props":{}},"40":{"svids":[2075823359],"suppids":[],"memberCount":1,"value":1094.53,"flag":-2,"qcComments":[],"type":"M","props":{}},"41":{"svids":[2075823360],"suppids":[],"memberCount":1,"value":1082.66,"flag":-2,"qcComments":[],"type":"M","props":{}}}'),(189596810,2765,1686268693000,'{"1":{"svids":[2075823300,2075823382],"suppids":[],"memberCount":2,"value":20.255184888888888,"flag":2,"qcComments":[],"type":"I","props":{}},"33":{"svids":[2075823369],"suppids":[],"memberCount":1,"value":12732.0,"flag":-2,"qcComments":[],"type":"M","props":{}},"2":{"svids":[2075823301,2075823383],"suppids":[],"memberCount":2,"value":37.95110666666667,"flag":2,"qcComments":[],"type":"I","props":{}},"34":{"svids":[2075823370],"suppids":[],"memberCount":1,"value":17021.0,"flag":-2,"qcComments":[],"type":"M","props":{}},"35":{"svids":[2075823371],"suppids":[],"memberCount":1,"value":0.0,"flag":-2,"qcComments":[],"type":"M","props":{}},"36":{"svids":[2075823372],"suppids":[],"memberCount":1,"value":0.0,"flag":-2,"qcComments":[],"type":"M","props":{}},"37":{"svids":[2075823373],"suppids":[],"memberCount":1,"value":2611526.0,"flag":-2,"qcComments":[],"type":"M","props":{}},"38":{"svids":[2075823366],"suppids":[],"memberCount":1,"value":28.242,"flag":-2,"qcComments":[],"type":"M","props":{}},"40":{"svids":[2075823367],"suppids":[],"memberCount":1,"value":1094.49,"flag":-2,"qcComments":[],"type":"M","props":{}},"41":{"svids":[2075823368],"suppids":[],"memberCount":1,"value":1082.63,"flag":-2,"qcComments":[],"type":"M","props":{}}}'),(189596811,2765,1686247873000,'{"1":{"svids":[2075823102,2075823280],"suppids":[],"memberCount":2,"value":19.377111333333332,"flag":2,"qcComments":[],"type":"I","props":{}},"33":{"svids":[2075823275],"suppids":[],"memberCount":1,"value":13812.0,"flag":-2,"qcComments":[],"type":"M","props":{}},"2":{"svids":[2075823103,2075823281],"suppids":[],"memberCount":2,"value":37.976306666666666,"flag":2,"qcComments":[],"type":"I","props":{}},"34":{"svids":[2075823276],"suppids":[],"memberCount":1,"value":17011.0,"flag":-2,"qcComments":[],"type":"M","props":{}},"35":{"svids":[2075823277],"suppids":[],"memberCount":1,"value":1.0,"flag":-2,"qcComments":[],"type":"M","props":{}},"36":{"svids":[2075823278],"suppids":[],"memberCount":1,"value":0.0,"flag":-2,"qcComments":[],"type":"M","props":{}},"37":{"svids":[2075823279],"suppids":[],"memberCount":1,"value":2610086.0,"flag":-2,"qcComments":[],"type":"M","props":{}},"38":{"svids":[2075823272],"suppids":[],"memberCount":1,"value":-39.7,"flag":-2,"qcComments":[],"type":"M","props":{}},"40":{"svids":[2075823273],"suppids":[],"memberCount":1,"value":1079.86,"flag":-2,"qcComments":[],"type":"M","props":{}},"41":{"svids":[2075823274],"suppids":[],"memberCount":1,"value":1079.87,"flag":-2,"qcComments":[],"type":"M","props":{}}}'),(189596812,2765,1686269293000,'{"1":{"svids":[2075823382,2075823560],"suppids":[],"memberCount":2,"value":20.278819111111112,"flag":2,"qcComments":[],"type":"I","props":{}},"33":{"svids":[2075823451],"suppids":[],"memberCount":1,"value":12722.0,"flag":-2,"qcComments":[],"type":"M","props":{}},"2":{"svids":[2075823383,2075823561],"suppids":[],"memberCount":2,"value":37.94392,"flag":2,"qcComments":[],"type":"I","props":{}},"34":{"svids":[2075823452],"suppids":[],"memberCount":1,"value":17014.0,"flag":-2,"qcComments":[],"type":"M","props":{}},"35":{"svids":[2075823453],"suppids":[],"memberCount":1,"value":0.0,"flag":-2,"qcComments":[],"type":"M","props":{}},"36":{"svids":[2075823454],"suppids":[],"memberCount":1,"value":0.0,"flag":-2,"qcComments":[],"type":"M","props":{}},"37":{"svids":[2075823455],"suppids":[],"memberCount":1,"value":2612126.0,"flag":-2,"qcComments":[],"type":"M","props":{}},"38":{"svids":[2075823448],"suppids":[],"memberCount":1,"value":28.935,"flag":-2,"qcComments":[],"type":"M","props":{}},"40":{"svids":[2075823449],"suppids":[],"memberCount":1,"value":1092.32,"flag":-2,"qcComments":[],"type":"M","props":{}},"41":{"svids":[2075823450],"suppids":[],"memberCount":1,"value":1080.5,"flag":-2,"qcComments":[],"type":"M","props":{}}}'),(189596813,2765,1686247803000,'{"1":{"svids":[2075823102,2075823280],"suppids":[],"memberCount":2,"value":19.387599666666667,"flag":2,"qcComments":[],"type":"I","props":{}},"33":{"svids":[2075823219],"suppids":[],"memberCount":1,"value":13812.0,"flag":-2,"qcComments":[],"type":"M","props":{}},"2":{"svids":[2075823103,2075823281],"suppids":[],"memberCount":2,"value":37.971873333333335,"flag":2,"qcComments":[],"type":"I","props":{}},"34":{"svids":[2075823220],"suppids":[],"memberCount":1,"value":17011.0,"flag":-2,"qcComments":[],"type":"M","props":{}},"35":{"svids":[2075823221],"suppids":[],"memberCount":1,"value":1.0,"flag":-2,"qcComments":[],"type":"M","props":{}},"36":{"svids":[2075823222],"suppids":[],"memberCount":1,"value":0.0,"flag":-2,"qcComments":[],"type":"M","props":{}},"37":{"svids":[2075823223],"suppids":[],"memberCount":1,"value":2610016.0,"flag":-2,"qcComments":[],"type":"M","props":{}},"38":{"svids":[2075823216],"suppids":[],"memberCount":1,"value":-39.7,"flag":-2,"qcComments":[],"type":"M","props":{}},"40":{"svids":[2075823217],"suppids":[],"memberCount":1,"value":1079.29,"flag":-2,"qcComments":[],"type":"M","props":{}},"41":{"svids":[2075823218],"suppids":[],"memberCount":1,"value":1079.73,"flag":-2,"qcComments":[],"type":"M","props":{}}}'),(189596814,2765,1686247823000,'{"1":{"svids":[2075823102,2075823280],"suppids":[],"memberCount":2,"value":19.384603,"flag":2,"qcComments":[],"type":"I","props":{}},"33":{"svids":[2075823235],"suppids":[],"memberCount":1,"value":13811.0,"flag":-2,"qcComments":[],"type":"M","props":{}},"2":{"svids":[2075823103,2075823281],"suppids":[],"memberCount":2,"value":37.97314,"flag":2,"qcComments":[],"type":"I","props":{}},"34":{"svids":[2075823236],"suppids":[],"memberCount":1,"value":17010.0,"flag":-2,"qcComments":[],"type":"M","props":{}},"35":{"svids":[2075823237],"suppids":[],"memberCount":1,"value":1.0,"flag":-2,"qcComments":[],"type":"M","props":{}},"36":{"svids":[2075823238],"suppids":[],"memberCount":1,"value":0.0,"flag":-2,"qcComments":[],"type":"M","props":{}},"37":{"svids":[2075823239],"suppids":[],"memberCount":1,"value":2610036.0,"flag":-2,"qcComments":[],"type":"M","props":{}},"38":{"svids":[2075823232],"suppids":[],"memberCount":1,"value":-39.7,"flag":-2,"qcComments":[],"type":"M","props":{}},"40":{"svids":[2075823233],"suppids":[],"memberCount":1,"value":1079.28,"flag":-2,"qcComments":[],"type":"M","props":{}},"41":{"svids":[2075823234],"suppids":[],"memberCount":1,"value":1079.79,"flag":-2,"qcComments":[],"type":"M","props":{}}}'),(189596815,2765,1686268213000,'{"1":{"svids":[2075823300,2075823382],"suppids":[],"memberCount":2,"value":20.329691555555552,"flag":2,"qcComments":[],"type":"I","props":{}},"33":{"svids":[2075823305],"suppids":[],"memberCount":1,"value":12751.0,"flag":-2,"qcComments":[],"type":"M","props":{}},"2":{"svids":[2075823301,2075823383],"suppids":[],"memberCount":2,"value":37.90870666666667,"flag":2,"qcComments":[],"type":"I","props":{}},"34":{"svids":[2075823306],"suppids":[],"memberCount":1,"value":17030.0,"flag":-2,"qcComments":[],"type":"M","props":{}},"35":{"svids":[2075823307],"suppids":[],"memberCount":1,"value":0.0,"flag":-2,"qcComments":[],"type":"M","props":{}},"36":{"svids":[2075823308],"suppids":[],"memberCount":1,"value":0.0,"flag":-2,"qcComments":[],"type":"M","props":{}},"37":{"svids":[2075823309],"suppids":[],"memberCount":1,"value":2611046.0,"flag":-2,"qcComments":[],"type":"M","props":{}},"38":{"svids":[2075823302],"suppids":[],"memberCount":1,"value":27.138,"flag":-2,"qcComments":[],"type":"M","props":{}},"40":{"svids":[2075823303],"suppids":[],"memberCount":1,"value":1096.53,"flag":-2,"qcComments":[],"type":"M","props":{}},"41":{"svids":[2075823304],"suppids":[],"memberCount":1,"value":1084.52,"flag":-2,"qcComments":[],"type":"M","props":{}}}'),(189596816,2765,1686268753000,'{"1":{"svids":[2075823300,2075823382],"suppids":[],"memberCount":2,"value":20.245871555555553,"flag":2,"qcComments":[],"type":"I","props":{}},"33":{"svids":[2075823377],"suppids":[],"memberCount":1,"value":12728.0,"flag":-2,"qcComments":[],"type":"M","props":{}},"2":{"svids":[2075823301,2075823383],"suppids":[],"memberCount":2,"value":37.956406666666666,"flag":2,"qcComments":[],"type":"I","props":{}},"34":{"svids":[2075823378],"suppids":[],"memberCount":1,"value":17021.0,"flag":-2,"qcComments":[],"type":"M","props":{}},"35":{"svids":[2075823379],"suppids":[],"memberCount":1,"value":0.0,"flag":-2,"qcComments":[],"type":"M","props":{}},"36":{"svids":[2075823380],"suppids":[],"memberCount":1,"value":0.0,"flag":-2,"qcComments":[],"type":"M","props":{}},"37":{"svids":[2075823381],"suppids":[],"memberCount":1,"value":2611586.0,"flag":-2,"qcComments":[],"type":"M","props":{}},"38":{"svids":[2075823374],"suppids":[],"memberCount":1,"value":28.334,"flag":-2,"qcComments":[],"type":"M","props":{}},"40":{"svids":[2075823375],"suppids":[],"memberCount":1,"value":1094.44,"flag":-2,"qcComments":[],"type":"M","props":{}},"41":{"svids":[2075823376],"suppids":[],"memberCount":1,"value":1082.57,"flag":-2,"qcComments":[],"type":"M","props":{}}}'),(189596817,2765,1686269233000,'{"1":{"svids":[2075823382,2075823560],"suppids":[],"memberCount":2,"value":20.273775777777775,"flag":2,"qcComments":[],"type":"I","props":{}},"33":{"svids":[2075823443],"suppids":[],"memberCount":1,"value":12721.0,"flag":-2,"qcComments":[],"type":"M","props":{}},"2":{"svids":[2075823383,2075823561],"suppids":[],"memberCount":2,"value":37.94602,"flag":2,"qcComments":[],"type":"I","props":{}},"34":{"svids":[2075823444],"suppids":[],"memberCount":1,"value":17015.0,"flag":-2,"qcComments":[],"type":"M","props":{}},"35":{"svids":[2075823445],"suppids":[],"memberCount":1,"value":0.0,"flag":-2,"qcComments":[],"type":"M","props":{}},"36":{"svids":[2075823446],"suppids":[],"memberCount":1,"value":0.0,"flag":-2,"qcComments":[],"type":"M","props":{}},"37":{"svids":[2075823447],"suppids":[],"memberCount":1,"value":2612066.0,"flag":-2,"qcComments":[],"type":"M","props":{}},"38":{"svids":[2075823440],"suppids":[],"memberCount":1,"value":28.88,"flag":-2,"qcComments":[],"type":"M","props":{}},"40":{"svids":[2075823441],"suppids":[],"memberCount":1,"value":1092.71,"flag":-2,"qcComments":[],"type":"M","props":{}},"41":{"svids":[2075823442],"suppids":[],"memberCount":1,"value":1080.9,"flag":-2,"qcComments":[],"type":"M","props":{}}}'),(189596818,2765,1686247763000,'{"1":{"svids":[2075823102,2075823280],"suppids":[],"memberCount":2,"value":19.393593,"flag":2,"qcComments":[],"type":"I","props":{}},"33":{"svids":[2075823187],"suppids":[],"memberCount":1,"value":13126.0,"flag":-2,"qcComments":[],"type":"M","props":{}},"2":{"svids":[2075823103,2075823281],"suppids":[],"memberCount":2,"value":37.96934,"flag":2,"qcComments":[],"type":"I","props":{}},"34":{"svids":[2075823188],"suppids":[],"memberCount":1,"value":17015.0,"flag":-2,"qcComments":[],"type":"M","props":{}},"35":{"svids":[2075823189],"suppids":[],"memberCount":1,"value":1.0,"flag":-2,"qcComments":[],"type":"M","props":{}},"36":{"svids":[2075823190],"suppids":[],"memberCount":1,"value":0.0,"flag":-2,"qcComments":[],"type":"M","props":{}},"37":{"svids":[2075823191],"suppids":[],"memberCount":1,"value":2609976.0,"flag":-2,"qcComments":[],"type":"M","props":{}},"38":{"svids":[2075823184],"suppids":[],"memberCount":1,"value":-39.7,"flag":-2,"qcComments":[],"type":"M","props":{}},"40":{"svids":[2075823185],"suppids":[],"memberCount":1,"value":1079.45,"flag":-2,"qcComments":[],"type":"M","props":{}},"41":{"svids":[2075823186],"suppids":[],"memberCount":1,"value":1079.65,"flag":-2,"qcComments":[],"type":"M","props":{}}}'),(189596819,2765,1686247853000,'{"1":{"svids":[2075823102,2075823280],"suppids":[],"memberCount":2,"value":19.380108,"flag":2,"qcComments":[],"type":"I","props":{}},"33":{"svids":[2075823259],"suppids":[],"memberCount":1,"value":13811.0,"flag":-2,"qcComments":[],"type":"M","props":{}},"2":{"svids":[2075823103,2075823281],"suppids":[],"memberCount":2,"value":37.97504,"flag":2,"qcComments":[],"type":"I","props":{}},"34":{"svids":[2075823260],"suppids":[],"memberCount":1,"value":17010.0,"flag":-2,"qcComments":[],"type":"M","props":{}},"35":{"svids":[2075823261],"suppids":[],"memberCount":1,"value":1.0,"flag":-2,"qcComments":[],"type":"M","props":{}},"36":{"svids":[2075823262],"suppids":[],"memberCount":1,"value":0.0,"flag":-2,"qcComments":[],"type":"M","props":{}},"37":{"svids":[2075823263],"suppids":[],"memberCount":1,"value":2610066.0,"flag":-2,"qcComments":[],"type":"M","props":{}},"38":{"svids":[2075823256],"suppids":[],"memberCount":1,"value":-39.7,"flag":-2,"qcComments":[],"type":"M","props":{}},"40":{"svids":[2075823257],"suppids":[],"memberCount":1,"value":1079.5,"flag":-2,"qcComments":[],"type":"M","props":{}},"41":{"svids":[2075823258],"suppids":[],"memberCount":1,"value":1079.84,"flag":-2,"qcComments":[],"type":"M","props":{}}}'),(189596820,2765,1686268333000,'{"1":{"svids":[2075823300,2075823382],"suppids":[],"memberCount":2,"value":20.311064888888886,"flag":2,"qcComments":[],"type":"I","props":{}},"33":{"svids":[2075823321],"suppids":[],"memberCount":1,"value":12737.0,"flag":-2,"qcComments":[],"type":"M","props":{}},"2":{"svids":[2075823301,2075823383],"suppids":[],"memberCount":2,"value":37.919306666666664,"flag":2,"qcComments":[],"type":"I","props":{}},"34":{"svids":[2075823322],"suppids":[],"memberCount":1,"value":17028.0,"flag":-2,"qcComments":[],"type":"M","props":{}},"35":{"svids":[2075823323],"suppids":[],"memberCount":1,"value":0.0,"flag":-2,"qcComments":[],"type":"M","props":{}},"36":{"svids":[2075823324],"suppids":[],"memberCount":1,"value":0.0,"flag":-2,"qcComments":[],"type":"M","props":{}},"37":{"svids":[2075823325],"suppids":[],"memberCount":1,"value":2611166.0,"flag":-2,"qcComments":[],"type":"M","props":{}},"38":{"svids":[2075823318],"suppids":[],"memberCount":1,"value":27.515,"flag":-2,"qcComments":[],"type":"M","props":{}},"40":{"svids":[2075823319],"suppids":[],"memberCount":1,"value":1096.17,"flag":-2,"qcComments":[],"type":"M","props":{}},"41":{"svids":[2075823320],"suppids":[],"memberCount":1,"value":1084.17,"flag":-2,"qcComments":[],"type":"M","props":{}}}'),(189596821,2765,1686268513000,'{"1":{"svids":[2075823300,2075823382],"suppids":[],"memberCount":2,"value":20.28312488888889,"flag":2,"qcComments":[],"type":"I","props":{}},"33":{"svids":[2075823345],"suppids":[],"memberCount":1,"value":12739.0,"flag":-2,"qcComments":[],"type":"M","props":{}},"2":{"svids":[2075823301,2075823383],"suppids":[],"memberCount":2,"value":37.935206666666666,"flag":2,"qcComments":[],"type":"I","props":{}},"34":{"svids":[2075823346],"suppids":[],"memberCount":1,"value":17023.0,"flag":-2,"qcComments":[],"type":"M","props":{}},"35":{"svids":[2075823347],"suppids":[],"memberCount":1,"value":0.0,"flag":-2,"qcComments":[],"type":"M","props":{}},"36":{"svids":[2075823348],"suppids":[],"memberCount":1,"value":0.0,"flag":-2,"qcComments":[],"type":"M","props":{}},"37":{"svids":[2075823349],"suppids":[],"memberCount":1,"value":2611346.0,"flag":-2,"qcComments":[],"type":"M","props":{}},"38":{"svids":[2075823342],"suppids":[],"memberCount":1,"value":27.938,"flag":-2,"qcComments":[],"type":"M","props":{}},"40":{"svids":[2075823343],"suppids":[],"memberCount":1,"value":1094.76,"flag":-2,"qcComments":[],"type":"M","props":{}},"41":{"svids":[2075823344],"suppids":[],"memberCount":1,"value":1082.84,"flag":-2,"qcComments":[],"type":"M","props":{}}}'),(189596822,2765,1686247863000,'{"1":{"svids":[2075823102,2075823280],"suppids":[],"memberCount":2,"value":19.378609666666666,"flag":2,"qcComments":[],"type":"I","props":{}},"33":{"svids":[2075823267],"suppids":[],"memberCount":1,"value":13811.0,"flag":-2,"qcComments":[],"type":"M","props":{}},"2":{"svids":[2075823103,2075823281],"suppids":[],"memberCount":2,"value":37.97567333333333,"flag":2,"qcComments":[],"type":"I","props":{}},"34":{"svids":[2075823268],"suppids":[],"memberCount":1,"value":17010.0,"flag":-2,"qcComments":[],"type":"M","props":{}},"35":{"svids":[2075823269],"suppids":[],"memberCount":1,"value":1.0,"flag":-2,"qcComments":[],"type":"M","props":{}},"36":{"svids":[2075823270],"suppids":[],"memberCount":1,"value":0.0,"flag":-2,"qcComments":[],"type":"M","props":{}},"37":{"svids":[2075823271],"suppids":[],"memberCount":1,"value":2610076.0,"flag":-2,"qcComments":[],"type":"M","props":{}},"38":{"svids":[2075823264],"suppids":[],"memberCount":1,"value":-39.7,"flag":-2,"qcComments":[],"type":"M","props":{}},"40":{"svids":[2075823265],"suppids":[],"memberCount":1,"value":1079.77,"flag":-2,"qcComments":[],"type":"M","props":{}},"41":{"svids":[2075823266],"suppids":[],"memberCount":1,"value":1079.85,"flag":-2,"qcComments":[],"type":"M","props":{}}}'),(189596823,2765,1686268573000,'{"1":{"svids":[2075823300,2075823382],"suppids":[],"memberCount":2,"value":20.273811555555554,"flag":2,"qcComments":[],"type":"I","props":{}},"33":{"svids":[2075823353],"suppids":[],"memberCount":1,"value":12740.0,"flag":-2,"qcComments":[],"type":"M","props":{}},"2":{"svids":[2075823301,2075823383],"suppids":[],"memberCount":2,"value":37.940506666666664,"flag":2,"qcComments":[],"type":"I","props":{}},"34":{"svids":[2075823354],"suppids":[],"memberCount":1,"value":17022.0,"flag":-2,"qcComments":[],"type":"M","props":{}},"35":{"svids":[2075823355],"suppids":[],"memberCount":1,"value":0.0,"flag":-2,"qcComments":[],"type":"M","props":{}},"36":{"svids":[2075823356],"suppids":[],"memberCount":1,"value":0.0,"flag":-2,"qcComments":[],"type":"M","props":{}},"37":{"svids":[2075823357],"suppids":[],"memberCount":1,"value":2611406.0,"flag":-2,"qcComments":[],"type":"M","props":{}},"38":{"svids":[2075823350],"suppids":[],"memberCount":1,"value":28.055,"flag":-2,"qcComments":[],"type":"M","props":{}},"40":{"svids":[2075823351],"suppids":[],"memberCount":1,"value":1094.5,"flag":-2,"qcComments":[],"type":"M","props":{}},"41":{"svids":[2075823352],"suppids":[],"memberCount":1,"value":1082.64,"flag":-2,"qcComments":[],"type":"M","props":{}}}'),(189596824,2765,1686268993000,'{"1":{"svids":[2075823382,2075823560],"suppids":[],"memberCount":2,"value":20.253602444444443,"flag":2,"qcComments":[],"type":"I","props":{}},"33":{"svids":[2075823411],"suppids":[],"memberCount":1,"value":12723.0,"flag":-2,"qcComments":[],"type":"M","props":{}},"2":{"svids":[2075823383,2075823561],"suppids":[],"memberCount":2,"value":37.95442,"flag":2,"qcComments":[],"type":"I","props":{}},"34":{"svids":[2075823412],"suppids":[],"memberCount":1,"value":17018.0,"flag":-2,"qcComments":[],"type":"M","props":{}},"35":{"svids":[2075823413],"suppids":[],"memberCount":1,"value":0.0,"flag":-2,"qcComments":[],"type":"M","props":{}},"36":{"svids":[2075823414],"suppids":[],"memberCount":1,"value":0.0,"flag":-2,"qcComments":[],"type":"M","props":{}},"37":{"svids":[2075823415],"suppids":[],"memberCount":1,"value":2611826.0,"flag":-2,"qcComments":[],"type":"M","props":{}},"38":{"svids":[2075823408],"suppids":[],"memberCount":1,"value":28.619,"flag":-2,"qcComments":[],"type":"M","props":{}},"40":{"svids":[2075823409],"suppids":[],"memberCount":1,"value":1093.71,"flag":-2,"qcComments":[],"type":"M","props":{}},"41":{"svids":[2075823410],"suppids":[],"memberCount":1,"value":1081.82,"flag":-2,"qcComments":[],"type":"M","props":{}}}'),(189596825,2765,1686269173000,'{"1":{"svids":[2075823382,2075823560],"suppids":[],"memberCount":2,"value":20.268732444444442,"flag":2,"qcComments":[],"type":"I","props":{}},"33":{"svids":[2075823435],"suppids":[],"memberCount":1,"value":12720.0,"flag":-2,"qcComments":[],"type":"M","props":{}},"2":{"svids":[2075823383,2075823561],"suppids":[],"memberCount":2,"value":37.94812,"flag":2,"qcComments":[],"type":"I","props":{}},"34":{"svids":[2075823436],"suppids":[],"memberCount":1,"value":17015.0,"flag":-2,"qcComments":[],"type":"M","props":{}},"35":{"svids":[2075823437],"suppids":[],"memberCount":1,"value":0.0,"flag":-2,"qcComments":[],"type":"M","props":{}},"36":{"svids":[2075823438],"suppids":[],"memberCount":1,"value":0.0,"flag":-2,"qcComments":[],"type":"M","props":{}},"37":{"svids":[2075823439],"suppids":[],"memberCount":1,"value":2612006.0,"flag":-2,"qcComments":[],"type":"M","props":{}},"38":{"svids":[2075823432],"suppids":[],"memberCount":1,"value":28.819,"flag":-2,"qcComments":[],"type":"M","props":{}},"40":{"svids":[2075823433],"suppids":[],"memberCount":1,"value":1093.07,"flag":-2,"qcComments":[],"type":"M","props":{}},"41":{"svids":[2075823434],"suppids":[],"memberCount":1,"value":1081.24,"flag":-2,"qcComments":[],"type":"M","props":{}}}'),(189596826,2765,1686269353000,'{"1":{"svids":[2075823382,2075823560],"suppids":[],"memberCount":2,"value":20.283862444444445,"flag":2,"qcComments":[],"type":"I","props":{}},"33":{"svids":[2075823459],"suppids":[],"memberCount":1,"value":12725.0,"flag":-2,"qcComments":[],"type":"M","props":{}},"2":{"svids":[2075823383,2075823561],"suppids":[],"memberCount":2,"value":37.94182,"flag":2,"qcComments":[],"type":"I","props":{}},"34":{"svids":[2075823460],"suppids":[],"memberCount":1,"value":17014.0,"flag":-2,"qcComments":[],"type":"M","props":{}},"35":{"svids":[2075823461],"suppids":[],"memberCount":1,"value":0.0,"flag":-2,"qcComments":[],"type":"M","props":{}},"36":{"svids":[2075823462],"suppids":[],"memberCount":1,"value":0.0,"flag":-2,"qcComments":[],"type":"M","props":{}},"37":{"svids":[2075823463],"suppids":[],"memberCount":1,"value":2612186.0,"flag":-2,"qcComments":[],"type":"M","props":{}},"38":{"svids":[2075823456],"suppids":[],"memberCount":1,"value":28.99,"flag":-2,"qcComments":[],"type":"M","props":{}},"40":{"svids":[2075823457],"suppids":[],"memberCount":1,"value":1091.81,"flag":-2,"qcComments":[],"type":"M","props":{}},"41":{"svids":[2075823458],"suppids":[],"memberCount":1,"value":1080.0,"flag":-2,"qcComments":[],"type":"M","props":{}}}'),(189596827,2765,1686247813000,'{"1":{"svids":[2075823102,2075823280],"suppids":[],"memberCount":2,"value":19.386101333333333,"flag":2,"qcComments":[],"type":"I","props":{}},"33":{"svids":[2075823227],"suppids":[],"memberCount":1,"value":13811.0,"flag":-2,"qcComments":[],"type":"M","props":{}},"2":{"svids":[2075823103,2075823281],"suppids":[],"memberCount":2,"value":37.97250666666667,"flag":2,"qcComments":[],"type":"I","props":{}},"34":{"svids":[2075823228],"suppids":[],"memberCount":1,"value":17010.0,"flag":-2,"qcComments":[],"type":"M","props":{}},"35":{"svids":[2075823229],"suppids":[],"memberCount":1,"value":1.0,"flag":-2,"qcComments":[],"type":"M","props":{}},"36":{"svids":[2075823230],"suppids":[],"memberCount":1,"value":0.0,"flag":-2,"qcComments":[],"type":"M","props":{}},"37":{"svids":[2075823231],"suppids":[],"memberCount":1,"value":2610026.0,"flag":-2,"qcComments":[],"type":"M","props":{}},"38":{"svids":[2075823224],"suppids":[],"memberCount":1,"value":-39.7,"flag":-2,"qcComments":[],"type":"M","props":{}},"40":{"svids":[2075823225],"suppids":[],"memberCount":1,"value":1079.26,"flag":-2,"qcComments":[],"type":"M","props":{}},"41":{"svids":[2075823226],"suppids":[],"memberCount":1,"value":1079.74,"flag":-2,"qcComments":[],"type":"M","props":{}}}'),(189596828,2765,1686268813000,'{"1":{"svids":[2075823382,2075823560],"suppids":[],"memberCount":2,"value":20.238472444444444,"flag":2,"qcComments":[],"type":"I","props":{}},"33":{"svids":[2075823387],"suppids":[],"memberCount":1,"value":12727.0,"flag":-2,"qcComments":[],"type":"M","props":{}},"2":{"svids":[2075823383,2075823561],"suppids":[],"memberCount":2,"value":37.96072,"flag":2,"qcComments":[],"type":"I","props":{}},"34":{"svids":[2075823388],"suppids":[],"memberCount":1,"value":17019.0,"flag":-2,"qcComments":[],"type":"M","props":{}},"35":{"svids":[2075823389],"suppids":[],"memberCount":1,"value":0.0,"flag":-2,"qcComments":[],"type":"M","props":{}},"36":{"svids":[2075823390],"suppids":[],"memberCount":1,"value":0.0,"flag":-2,"qcComments":[],"type":"M","props":{}},"37":{"svids":[2075823391],"suppids":[],"memberCount":1,"value":2611646.0,"flag":-2,"qcComments":[],"type":"M","props":{}},"38":{"svids":[2075823384],"suppids":[],"memberCount":1,"value":28.416,"flag":-2,"qcComments":[],"type":"M","props":{}},"40":{"svids":[2075823385],"suppids":[],"memberCount":1,"value":1094.21,"flag":-2,"qcComments":[],"type":"M","props":{}},"41":{"svids":[2075823386],"suppids":[],"memberCount":1,"value":1082.31,"flag":-2,"qcComments":[],"type":"M","props":{}}}'),(189596829,2765,1686247773000,'{"1":{"svids":[2075823102,2075823280],"suppids":[],"memberCount":2,"value":19.392094666666665,"flag":2,"qcComments":[],"type":"I","props":{}},"33":{"svids":[2075823195],"suppids":[],"memberCount":1,"value":13714.0,"flag":-2,"qcComments":[],"type":"M","props":{}},"2":{"svids":[2075823103,2075823281],"suppids":[],"memberCount":2,"value":37.969973333333336,"flag":2,"qcComments":[],"type":"I","props":{}},"34":{"svids":[2075823196],"suppids":[],"memberCount":1,"value":17011.0,"flag":-2,"qcComments":[],"type":"M","props":{}},"35":{"svids":[2075823197],"suppids":[],"memberCount":1,"value":1.0,"flag":-2,"qcComments":[],"type":"M","props":{}},"36":{"svids":[2075823198],"suppids":[],"memberCount":1,"value":0.0,"flag":-2,"qcComments":[],"type":"M","props":{}},"37":{"svids":[2075823199],"suppids":[],"memberCount":1,"value":2609986.0,"flag":-2,"qcComments":[],"type":"M","props":{}},"38":{"svids":[2075823192],"suppids":[],"memberCount":1,"value":-39.7,"flag":-2,"qcComments":[],"type":"M","props":{}},"40":{"svids":[2075823193],"suppids":[],"memberCount":1,"value":1079.39,"flag":-2,"qcComments":[],"type":"M","props":{}},"41":{"svids":[2075823194],"suppids":[],"memberCount":1,"value":1079.65,"flag":-2,"qcComments":[],"type":"M","props":{}}}'),(189596830,2765,1686268393000,'{"1":{"svids":[2075823300,2075823382],"suppids":[],"memberCount":2,"value":20.301751555555555,"flag":2,"qcComments":[],"type":"I","props":{}},"33":{"svids":[2075823329],"suppids":[],"memberCount":1,"value":12737.0,"flag":-2,"qcComments":[],"type":"M","props":{}},"2":{"svids":[2075823301,2075823383],"suppids":[],"memberCount":2,"value":37.92460666666667,"flag":2,"qcComments":[],"type":"I","props":{}},"34":{"svids":[2075823330],"suppids":[],"memberCount":1,"value":17026.0,"flag":-2,"qcComments":[],"type":"M","props":{}},"35":{"svids":[2075823331],"suppids":[],"memberCount":1,"value":0.0,"flag":-2,"qcComments":[],"type":"M","props":{}},"36":{"svids":[2075823332],"suppids":[],"memberCount":1,"value":0.0,"flag":-2,"qcComments":[],"type":"M","props":{}},"37":{"svids":[2075823333],"suppids":[],"memberCount":1,"value":2611226.0,"flag":-2,"qcComments":[],"type":"M","props":{}},"38":{"svids":[2075823326],"suppids":[],"memberCount":1,"value":27.68,"flag":-2,"qcComments":[],"type":"M","props":{}},"40":{"svids":[2075823327],"suppids":[],"memberCount":1,"value":1095.63,"flag":-2,"qcComments":[],"type":"M","props":{}},"41":{"svids":[2075823328],"suppids":[],"memberCount":1,"value":1083.67,"flag":-2,"qcComments":[],"type":"M","props":{}}}'),(189596831,2765,1686269053000,'{"1":{"svids":[2075823382,2075823560],"suppids":[],"memberCount":2,"value":20.258645777777776,"flag":2,"qcComments":[],"type":"I","props":{}},"33":{"svids":[2075823419],"suppids":[],"memberCount":1,"value":12720.0,"flag":-2,"qcComments":[],"type":"M","props":{}},"2":{"svids":[2075823383,2075823561],"suppids":[],"memberCount":2,"value":37.95232,"flag":2,"qcComments":[],"type":"I","props":{}},"34":{"svids":[2075823420],"suppids":[],"memberCount":1,"value":17016.0,"flag":-2,"qcComments":[],"type":"M","props":{}},"35":{"svids":[2075823421],"suppids":[],"memberCount":1,"value":0.0,"flag":-2,"qcComments":[],"type":"M","props":{}},"36":{"svids":[2075823422],"suppids":[],"memberCount":1,"value":0.0,"flag":-2,"qcComments":[],"type":"M","props":{}},"37":{"svids":[2075823423],"suppids":[],"memberCount":1,"value":2611886.0,"flag":-2,"qcComments":[],"type":"M","props":{}},"38":{"svids":[2075823416],"suppids":[],"memberCount":1,"value":28.687,"flag":-2,"qcComments":[],"type":"M","props":{}},"40":{"svids":[2075823417],"suppids":[],"memberCount":1,"value":1093.62,"flag":-2,"qcComments":[],"type":"M","props":{}},"41":{"svids":[2075823418],"suppids":[],"memberCount":1,"value":1081.72,"flag":-2,"qcComments":[],"type":"M","props":{}}}'),(189596832,2765,1686247843000,'{"1":{"svids":[2075823102,2075823280],"suppids":[],"memberCount":2,"value":19.381606333333334,"flag":2,"qcComments":[],"type":"I","props":{}},"33":{"svids":[2075823251],"suppids":[],"memberCount":1,"value":13811.0,"flag":-2,"qcComments":[],"type":"M","props":{}},"2":{"svids":[2075823103,2075823281],"suppids":[],"memberCount":2,"value":37.97440666666667,"flag":2,"qcComments":[],"type":"I","props":{}},"34":{"svids":[2075823252],"suppids":[],"memberCount":1,"value":17011.0,"flag":-2,"qcComments":[],"type":"M","props":{}},"35":{"svids":[2075823253],"suppids":[],"memberCount":1,"value":1.0,"flag":-2,"qcComments":[],"type":"M","props":{}},"36":{"svids":[2075823254],"suppids":[],"memberCount":1,"value":0.0,"flag":-2,"qcComments":[],"type":"M","props":{}},"37":{"svids":[2075823255],"suppids":[],"memberCount":1,"value":2610056.0,"flag":-2,"qcComments":[],"type":"M","props":{}},"38":{"svids":[2075823248],"suppids":[],"memberCount":1,"value":-39.7,"flag":-2,"qcComments":[],"type":"M","props":{}},"40":{"svids":[2075823249],"suppids":[],"memberCount":1,"value":1079.35,"flag":-2,"qcComments":[],"type":"M","props":{}},"41":{"svids":[2075823250],"suppids":[],"memberCount":1,"value":1079.83,"flag":-2,"qcComments":[],"type":"M","props":{}}}'),(189596833,2765,1686247783000,'{"1":{"svids":[2075823102,2075823280],"suppids":[],"memberCount":2,"value":19.39059633333333,"flag":2,"qcComments":[],"type":"I","props":{}},"33":{"svids":[2075823203],"suppids":[],"memberCount":1,"value":13811.0,"flag":-2,"qcComments":[],"type":"M","props":{}},"2":{"svids":[2075823103,2075823281],"suppids":[],"memberCount":2,"value":37.97060666666667,"flag":2,"qcComments":[],"type":"I","props":{}},"34":{"svids":[2075823204],"suppids":[],"memberCount":1,"value":17011.0,"flag":-2,"qcComments":[],"type":"M","props":{}},"35":{"svids":[2075823205],"suppids":[],"memberCount":1,"value":1.0,"flag":-2,"qcComments":[],"type":"M","props":{}},"36":{"svids":[2075823206],"suppids":[],"memberCount":1,"value":0.0,"flag":-2,"qcComments":[],"type":"M","props":{}},"37":{"svids":[2075823207],"suppids":[],"memberCount":1,"value":2609996.0,"flag":-2,"qcComments":[],"type":"M","props":{}},"38":{"svids":[2075823200],"suppids":[],"memberCount":1,"value":-39.7,"flag":-2,"qcComments":[],"type":"M","props":{}},"40":{"svids":[2075823201],"suppids":[],"memberCount":1,"value":1079.11,"flag":-2,"qcComments":[],"type":"M","props":{}},"41":{"svids":[2075823202],"suppids":[],"memberCount":1,"value":1079.68,"flag":-2,"qcComments":[],"type":"M","props":{}}}'),(189596834,2765,1686269113000,'{"1":{"svids":[2075823382,2075823560],"suppids":[],"memberCount":2,"value":20.26368911111111,"flag":2,"qcComments":[],"type":"I","props":{}},"33":{"svids":[2075823427],"suppids":[],"memberCount":1,"value":12720.0,"flag":-2,"qcComments":[],"type":"M","props":{}},"2":{"svids":[2075823383,2075823561],"suppids":[],"memberCount":2,"value":37.95022,"flag":2,"qcComments":[],"type":"I","props":{}},"34":{"svids":[2075823428],"suppids":[],"memberCount":1,"value":17016.0,"flag":-2,"qcComments":[],"type":"M","props":{}},"35":{"svids":[2075823429],"suppids":[],"memberCount":1,"value":0.0,"flag":-2,"qcComments":[],"type":"M","props":{}},"36":{"svids":[2075823430],"suppids":[],"memberCount":1,"value":0.0,"flag":-2,"qcComments":[],"type":"M","props":{}},"37":{"svids":[2075823431],"suppids":[],"memberCount":1,"value":2611946.0,"flag":-2,"qcComments":[],"type":"M","props":{}},"38":{"svids":[2075823424],"suppids":[],"memberCount":1,"value":28.758,"flag":-2,"qcComments":[],"type":"M","props":{}},"40":{"svids":[2075823425],"suppids":[],"memberCount":1,"value":1093.43,"flag":-2,"qcComments":[],"type":"M","props":{}},"41":{"svids":[2075823426],"suppids":[],"memberCount":1,"value":1081.56,"flag":-2,"qcComments":[],"type":"M","props":{}}}');

-- Measurement run types
INSERT INTO `measurement_run_types` VALUES (189596803,6,'__M'),(189596804,6,'__M'),(189596805,6,'__C'),(189596806,6,'__M'),(189596807,6,'__M'),(189596808,6,'__C'),(189596809,6,'__M'),(189596810,6,'__M'),(189596811,6,'__C'),(189596812,6,'__M'),(189596813,6,'__C'),(189596814,6,'__C'),(189596815,6,'__M'),(189596816,6,'__M'),(189596817,6,'__M'),(189596818,6,'__C'),(189596819,6,'__C'),(189596820,6,'__M'),(189596821,6,'__M'),(189596822,6,'__C'),(189596823,6,'__M'),(189596824,6,'__M'),(189596825,6,'__M'),(189596826,6,'__M'),(189596827,6,'__C'),(189596828,6,'__M'),(189596829,6,'__C'),(189596830,6,'__M'),(189596831,6,'__M'),(189596832,6,'__C'),(189596833,6,'__C'),(189596834,6,'__M');