-- This SQL is built on a database export from a known working dataset.
-- It consists of a sequence of ZERO, FLUSH, MEASUREMENTS
-- There is no post-zero

-- Instrument
INSERT INTO `instrument` VALUES (124,1,'Contros','IT-FOS-PALOMA','48MB',1,0,NULL,'{"depth":"0","latitude":"0.0","postFlushingTime":"0","preFlushingTime":"0","longitude":"0.0","sensorGroups":[{"name":"Default","members":["p_NDIR","p_in","Zero","Flush","Runtime","Signal_raw","Signal_ref","T_gas","TEMP","SAL"]}],"diagnosticQC":{}}','2024-02-01 15:01:57','2024-02-01 16:01:57');

-- Instrument Variables
INSERT INTO `instrument_variables` VALUES (124,6,'{"zero_flush":"0.00","zero_mode":"Continuous"}','2024-02-01 15:01:57','2024-02-01 16:01:57');

-- File Definition
INSERT INTO `file_definition` VALUES (190,124,'CONTROS',';',0,2,NULL,2,22,'{"valueColumn":-1,"hemisphereColumn":-1,"format":-1}','{"valueColumn":-1,"hemisphereColumn":-1,"format":-1}','{"assignments":{"0":{"assignmentIndex":0,"column":-1,"properties":{}},"2":{"assignmentIndex":2,"column":0,"properties":{"formatString":"yyyy-MM-dd"}},"1":{"assignmentIndex":1,"column":-1,"properties":{}},"13":{"assignmentIndex":13,"column":-1,"properties":{}},"4":{"assignmentIndex":4,"column":-1,"properties":{}},"5":{"assignmentIndex":5,"column":-1,"properties":{}},"3":{"assignmentIndex":3,"column":-1,"properties":{}},"6":{"assignmentIndex":6,"column":-1,"properties":{}},"7":{"assignmentIndex":7,"column":-1,"properties":{}},"8":{"assignmentIndex":8,"column":1,"properties":{"formatString":"HH:mm:ss"}},"9":{"assignmentIndex":9,"column":-1,"properties":{}},"10":{"assignmentIndex":10,"column":-1,"properties":{}},"11":{"assignmentIndex":11,"column":-1,"properties":{}},"12":{"assignmentIndex":12,"column":-1,"properties":{}}},"fileHasHeader":true}','TimeDataFile','2024-02-01 15:01:57','2024-02-01 16:01:57'),
  (191,124,'TSG','	',0,0,NULL,1,33,'{"valueColumn":-1,"hemisphereColumn":-1,"format":-1}','{"valueColumn":-1,"hemisphereColumn":-1,"format":-1}','{"assignments":{"0":{"assignmentIndex":0,"column":1,"properties":{"formatString":"yyyy-MM-dd HH:mm:ss"}},"2":{"assignmentIndex":2,"column":-1,"properties":{}},"1":{"assignmentIndex":1,"column":-1,"properties":{}},"13":{"assignmentIndex":13,"column":-1,"properties":{}},"4":{"assignmentIndex":4,"column":-1,"properties":{}},"5":{"assignmentIndex":5,"column":-1,"properties":{}},"3":{"assignmentIndex":3,"column":-1,"properties":{}},"6":{"assignmentIndex":6,"column":-1,"properties":{}},"7":{"assignmentIndex":7,"column":-1,"properties":{}},"8":{"assignmentIndex":8,"column":-1,"properties":{}},"9":{"assignmentIndex":9,"column":-1,"properties":{}},"10":{"assignmentIndex":10,"column":-1,"properties":{}},"11":{"assignmentIndex":11,"column":-1,"properties":{}},"12":{"assignmentIndex":12,"column":-1,"properties":{}}},"fileHasHeader":false}','TimeDataFile','2024-02-01 15:01:57','2024-02-01 16:01:57');

-- File columns
INSERT INTO `file_column` VALUES (1549,191,3,1,1,'TEMP',0,'','2024-02-01 15:01:57','2024-02-01 16:01:57'),(1550,191,6,1,2,'SAL',0,'','2024-02-01 15:01:57','2024-02-01 16:01:57'),(1551,190,20,1,38,'T_gas',0,'','2024-02-01 15:01:57','2024-02-01 16:01:57'),(1552,190,4,1,40,'p_NDIR',0,'','2024-02-01 15:01:57','2024-02-01 16:01:57'),(1553,190,5,1,41,'p_in',0,'','2024-02-01 15:01:57','2024-02-01 16:01:57'),(1554,190,12,1,33,'Signal_raw',0,'','2024-02-01 15:01:57','2024-02-01 16:01:57'),(1555,190,13,1,34,'Signal_ref',0,'','2024-02-01 15:01:57','2024-02-01 16:01:57'),(1556,190,8,1,35,'Zero',0,'','2024-02-01 15:01:57','2024-02-01 16:01:57'),(1557,190,9,1,36,'Flush',0,'','2024-02-01 15:01:57','2024-02-01 16:01:57'),(1558,190,11,1,37,'Runtime',0,'','2024-02-01 15:01:57','2024-02-01 16:01:57');

-- Dataset
INSERT INTO `dataset` VALUES (2765,124,'48MB20230608',1686247205000,1686269473000,0,0,0,0,100,0,1706801066806,'{"_INSTRUMENT":{"depth":"0","latitude":"0.0","postFlushingTime":"0","preFlushingTime":"0","longitude":"0.0"},"CONTROS pCO₂":{"zero_flush":"0.00","zero_mode":"Continuous","contros.zeros":"{\"2610031.0\":0.8080710618068504,\"2612251.0\":0.8072996197776119}"},"_DATASET":{"ProcessingVersion":"v19.2.14"},"__SENSOR_OFFSETS":{}}',NULL,'{}','',1706804666807,0,'2024-02-01 15:09:12','2024-02-01 16:24:26');

-- Coordinates
INSERT INTO `coordinates` (id, dataset_id, date) VALUES
(1,2765,1686247205000),
(2,2765,1686247763000),
(3,2765,1686247773000),
(4,2765,1686247783000),
(5,2765,1686247793000),
(6,2765,1686247803000),
(7,2765,1686247813000),
(8,2765,1686247823000),
(9,2765,1686247833000),
(10,2765,1686247843000),
(11,2765,1686247853000),
(12,2765,1686247863000),
(13,2765,1686247873000),
(14,2765,1686249005000),
(15,2765,1686250805000),
(16,2765,1686252605000),
(17,2765,1686254405000),
(18,2765,1686256205000),
(19,2765,1686258005000),
(20,2765,1686259805000),
(21,2765,1686261605000),
(22,2765,1686263405000),
(23,2765,1686265205000),
(24,2765,1686267005000),
(25,2765,1686268213000),
(26,2765,1686268273000),
(27,2765,1686268333000),
(28,2765,1686268393000),
(29,2765,1686268453000),
(30,2765,1686268513000),
(31,2765,1686268573000),
(32,2765,1686268633000),
(33,2765,1686268693000),
(34,2765,1686268753000),
(35,2765,1686268805000),
(36,2765,1686268813000),
(37,2765,1686268873000),
(38,2765,1686268933000),
(39,2765,1686268993000),
(40,2765,1686269053000),
(41,2765,1686269113000),
(42,2765,1686269173000),
(43,2765,1686269233000),
(44,2765,1686269293000),
(45,2765,1686269353000),
(46,2765,1686270605000);


-- Sensor values
INSERT INTO `sensor_values` VALUES
(2075823102,1,1549,'19.4772',NULL,-2,''),
(2075823103,1,1550,'37.934',NULL,-2,''),
(2075823184,2,1551,'-39.7',NULL,-2,''),
(2075823185,2,1552,'1079.45',NULL,-2,''),
(2075823186,2,1553,'1079.65',NULL,-2,''),
(2075823187,2,1554,'13126.0',NULL,-2,''),
(2075823188,2,1555,'17015.0',NULL,-2,''),
(2075823189,2,1556,'1.0',NULL,-2,''),
(2075823190,2,1557,'0.0',NULL,-2,''),
(2075823191,2,1558,'2609976.0',NULL,-2,''),
(2075823192,3,1551,'-39.7',NULL,-2,''),
(2075823193,3,1552,'1079.39',NULL,-2,''),
(2075823194,3,1553,'1079.65',NULL,-2,''),
(2075823195,3,1554,'13714.0',NULL,-2,''),
(2075823196,3,1555,'17011.0',NULL,-2,''),
(2075823197,3,1556,'1.0',NULL,-2,''),
(2075823198,3,1557,'0.0',NULL,-2,''),
(2075823199,3,1558,'2609986.0',NULL,-2,''),
(2075823200,4,1551,'-39.7',NULL,-2,''),
(2075823201,4,1552,'1079.11',NULL,-2,''),
(2075823202,4,1553,'1079.68',NULL,-2,''),
(2075823203,4,1554,'13811.0',NULL,-2,''),
(2075823204,4,1555,'17011.0',NULL,-2,''),
(2075823205,4,1556,'1.0',NULL,-2,''),
(2075823206,4,1557,'0.0',NULL,-2,''),
(2075823207,4,1558,'2609996.0',NULL,-2,''),
(2075823208,5,1551,'-39.7',NULL,-2,''),
(2075823209,5,1552,'1079.07',NULL,-2,''),
(2075823210,5,1553,'1079.73',NULL,-2,''),
(2075823211,5,1554,'13811.0',NULL,-2,''),
(2075823212,5,1555,'17011.0',NULL,-2,''),
(2075823213,5,1556,'1.0',NULL,-2,''),
(2075823214,5,1557,'0.0',NULL,-2,''),
(2075823215,5,1558,'2610006.0',NULL,-2,''),
(2075823216,6,1551,'-39.7',NULL,-2,''),
(2075823217,6,1552,'1079.29',NULL,-2,''),
(2075823218,6,1553,'1079.73',NULL,-2,''),
(2075823219,6,1554,'13812.0',NULL,-2,''),
(2075823220,6,1555,'17011.0',NULL,-2,''),
(2075823221,6,1556,'1.0',NULL,-2,''),
(2075823222,6,1557,'0.0',NULL,-2,''),
(2075823223,6,1558,'2610016.0',NULL,-2,''),
(2075823224,7,1551,'-39.7',NULL,-2,''),
(2075823225,7,1552,'1079.26',NULL,-2,''),
(2075823226,7,1553,'1079.74',NULL,-2,''),
(2075823227,7,1554,'13811.0',NULL,-2,''),
(2075823228,7,1555,'17010.0',NULL,-2,''),
(2075823229,7,1556,'1.0',NULL,-2,''),
(2075823230,7,1557,'0.0',NULL,-2,''),
(2075823231,7,1558,'2610026.0',NULL,-2,''),
(2075823232,8,1551,'-39.7',NULL,-2,''),
(2075823233,8,1552,'1079.28',NULL,-2,''),
(2075823234,8,1553,'1079.79',NULL,-2,''),
(2075823235,8,1554,'13811.0',NULL,-2,''),
(2075823236,8,1555,'17010.0',NULL,-2,''),
(2075823237,8,1556,'1.0',NULL,-2,''),
(2075823238,8,1557,'0.0',NULL,-2,''),
(2075823239,8,1558,'2610036.0',NULL,-2,''),
(2075823240,9,1551,'-39.7',NULL,-2,''),
(2075823241,9,1552,'1079.54',NULL,-2,''),
(2075823242,9,1553,'1079.82',NULL,-2,''),
(2075823243,9,1554,'13812.0',NULL,-2,''),
(2075823244,9,1555,'17011.0',NULL,-2,''),
(2075823245,9,1556,'1.0',NULL,-2,''),
(2075823246,9,1557,'0.0',NULL,-2,''),
(2075823247,9,1558,'2610046.0',NULL,-2,''),
(2075823248,10,1551,'-39.7',NULL,-2,''),
(2075823249,10,1552,'1079.35',NULL,-2,''),
(2075823250,10,1553,'1079.83',NULL,-2,''),
(2075823251,10,1554,'13811.0',NULL,-2,''),
(2075823252,10,1555,'17011.0',NULL,-2,''),
(2075823253,10,1556,'1.0',NULL,-2,''),
(2075823254,10,1557,'0.0',NULL,-2,''),
(2075823255,10,1558,'2610056.0',NULL,-2,''),
(2075823256,11,1551,'-39.7',NULL,-2,''),
(2075823257,11,1552,'1079.5',NULL,-2,''),
(2075823258,11,1553,'1079.84',NULL,-2,''),
(2075823259,11,1554,'13811.0',NULL,-2,''),
(2075823260,11,1555,'17010.0',NULL,-2,''),
(2075823261,11,1556,'1.0',NULL,-2,''),
(2075823262,11,1557,'0.0',NULL,-2,''),
(2075823263,11,1558,'2610066.0',NULL,-2,''),
(2075823264,12,1551,'-39.7',NULL,-2,''),
(2075823265,12,1552,'1079.77',NULL,-2,''),
(2075823266,12,1553,'1079.85',NULL,-2,''),
(2075823267,12,1554,'13811.0',NULL,-2,''),
(2075823268,12,1555,'17010.0',NULL,-2,''),
(2075823269,12,1556,'1.0',NULL,-2,''),
(2075823270,12,1557,'0.0',NULL,-2,''),
(2075823271,12,1558,'2610076.0',NULL,-2,''),
(2075823272,13,1551,'-39.7',NULL,-2,''),
(2075823273,13,1552,'1079.86',NULL,-2,''),
(2075823274,13,1553,'1079.87',NULL,-2,''),
(2075823275,13,1554,'13812.0',NULL,-2,''),
(2075823276,13,1555,'17011.0',NULL,-2,''),
(2075823277,13,1556,'1.0',NULL,-2,''),
(2075823278,13,1557,'0.0',NULL,-2,''),
(2075823279,13,1558,'2610086.0',NULL,-2,''),
(2075823280,14,1549,'19.2075',NULL,-2,''),
(2075823281,14,1550,'38.048',NULL,-2,''),
(2075823282,15,1549,'19.0905',NULL,-2,''),
(2075823283,15,1550,'37.933',NULL,-2,''),
(2075823284,16,1549,'19.6279',NULL,-2,''),
(2075823285,16,1550,'37.992',NULL,-2,''),
(2075823286,17,1549,'19.7274',NULL,-2,''),
(2075823287,17,1550,'38.014',NULL,-2,''),
(2075823288,18,1549,'19.8798',NULL,-2,''),
(2075823289,18,1550,'37.938',NULL,-2,''),
(2075823290,19,1549,'19.8771',NULL,-2,''),
(2075823291,19,1550,'37.946',NULL,-2,''),
(2075823292,20,1549,'20.195',NULL,-2,''),
(2075823293,20,1550,'37.77',NULL,-2,''),
(2075823294,21,1549,'19.9382',NULL,-2,''),
(2075823295,21,1550,'37.809',NULL,-2,''),
(2075823296,22,1549,'19.8758',NULL,-2,''),
(2075823297,22,1550,'37.853',NULL,-2,''),
(2075823298,23,1549,'20.0332',NULL,-2,''),
(2075823299,23,1550,'37.813',NULL,-2,''),
(2075823300,24,1549,'20.5172',NULL,-2,''),
(2075823301,24,1550,'37.802',NULL,-2,''),
(2075823302,25,1551,'27.138',NULL,-2,''),
(2075823303,25,1552,'1096.53',NULL,-2,''),
(2075823304,25,1553,'1084.52',NULL,-2,''),
(2075823305,25,1554,'12751.0',NULL,-2,''),
(2075823306,25,1555,'17030.0',NULL,-2,''),
(2075823307,25,1556,'0.0',NULL,-2,''),
(2075823308,25,1557,'0.0',NULL,-2,''),
(2075823309,25,1558,'2611046.0',NULL,-2,''),
(2075823310,26,1551,'27.337',NULL,-2,''),
(2075823311,26,1552,'1096.38',NULL,-2,''),
(2075823312,26,1553,'1084.38',NULL,-2,''),
(2075823313,26,1554,'12742.0',NULL,-2,''),
(2075823314,26,1555,'17027.0',NULL,-2,''),
(2075823315,26,1556,'0.0',NULL,-2,''),
(2075823316,26,1557,'0.0',NULL,-2,''),
(2075823317,26,1558,'2611106.0',NULL,-2,''),
(2075823318,27,1551,'27.515',NULL,-2,''),
(2075823319,27,1552,'1096.17',NULL,-2,''),
(2075823320,27,1553,'1084.17',NULL,-2,''),
(2075823321,27,1554,'12737.0',NULL,-2,''),
(2075823322,27,1555,'17028.0',NULL,-2,''),
(2075823323,27,1556,'0.0',NULL,-2,''),
(2075823324,27,1557,'0.0',NULL,-2,''),
(2075823325,27,1558,'2611166.0',NULL,-2,''),
(2075823326,28,1551,'27.68',NULL,-2,''),
(2075823327,28,1552,'1095.63',NULL,-2,''),
(2075823328,28,1553,'1083.67',NULL,-2,''),
(2075823329,28,1554,'12737.0',NULL,-2,''),
(2075823330,28,1555,'17026.0',NULL,-2,''),
(2075823331,28,1556,'0.0',NULL,-2,''),
(2075823332,28,1557,'0.0',NULL,-2,''),
(2075823333,28,1558,'2611226.0',NULL,-2,''),
(2075823334,29,1551,'27.82',NULL,-2,''),
(2075823335,29,1552,'1095.24',NULL,-2,''),
(2075823336,29,1553,'1083.26',NULL,-2,''),
(2075823337,29,1554,'12738.0',NULL,-2,''),
(2075823338,29,1555,'17024.0',NULL,-2,''),
(2075823339,29,1556,'0.0',NULL,-2,''),
(2075823340,29,1557,'0.0',NULL,-2,''),
(2075823341,29,1558,'2611286.0',NULL,-2,''),
(2075823342,30,1551,'27.938',NULL,-2,''),
(2075823343,30,1552,'1094.76',NULL,-2,''),
(2075823344,30,1553,'1082.84',NULL,-2,''),
(2075823345,30,1554,'12739.0',NULL,-2,''),
(2075823346,30,1555,'17023.0',NULL,-2,''),
(2075823347,30,1556,'0.0',NULL,-2,''),
(2075823348,30,1557,'0.0',NULL,-2,''),
(2075823349,30,1558,'2611346.0',NULL,-2,''),
(2075823350,31,1551,'28.055',NULL,-2,''),
(2075823351,31,1552,'1094.5',NULL,-2,''),
(2075823352,31,1553,'1082.64',NULL,-2,''),
(2075823353,31,1554,'12740.0',NULL,-2,''),
(2075823354,31,1555,'17022.0',NULL,-2,''),
(2075823355,31,1556,'0.0',NULL,-2,''),
(2075823356,31,1557,'0.0',NULL,-2,''),
(2075823357,31,1558,'2611406.0',NULL,-2,''),
(2075823358,32,1551,'28.154',NULL,-2,''),
(2075823359,32,1552,'1094.53',NULL,-2,''),
(2075823360,32,1553,'1082.66',NULL,-2,''),
(2075823361,32,1554,'12737.0',NULL,-2,''),
(2075823362,32,1555,'17023.0',NULL,-2,''),
(2075823363,32,1556,'0.0',NULL,-2,''),
(2075823364,32,1557,'0.0',NULL,-2,''),
(2075823365,32,1558,'2611466.0',NULL,-2,''),
(2075823366,33,1551,'28.242',NULL,-2,''),
(2075823367,33,1552,'1094.49',NULL,-2,''),
(2075823368,33,1553,'1082.63',NULL,-2,''),
(2075823369,33,1554,'12732.0',NULL,-2,''),
(2075823370,33,1555,'17021.0',NULL,-2,''),
(2075823371,33,1556,'0.0',NULL,-2,''),
(2075823372,33,1557,'0.0',NULL,-2,''),
(2075823373,33,1558,'2611526.0',NULL,-2,''),
(2075823374,34,1551,'28.334',NULL,-2,''),
(2075823375,34,1552,'1094.44',NULL,-2,''),
(2075823376,34,1553,'1082.57',NULL,-2,''),
(2075823377,34,1554,'12728.0',NULL,-2,''),
(2075823378,34,1555,'17021.0',NULL,-2,''),
(2075823379,34,1556,'0.0',NULL,-2,''),
(2075823380,34,1557,'0.0',NULL,-2,''),
(2075823381,34,1558,'2611586.0',NULL,-2,''),
(2075823382,35,1549,'20.2378',NULL,-2,''),
(2075823383,35,1550,'37.961',NULL,-2,''),
(2075823384,36,1551,'28.416',NULL,-2,''),
(2075823385,36,1552,'1094.21',NULL,-2,''),
(2075823386,36,1553,'1082.31',NULL,-2,''),
(2075823387,36,1554,'12727.0',NULL,-2,''),
(2075823388,36,1555,'17019.0',NULL,-2,''),
(2075823389,36,1556,'0.0',NULL,-2,''),
(2075823390,36,1557,'0.0',NULL,-2,''),
(2075823391,36,1558,'2611646.0',NULL,-2,''),
(2075823392,37,1551,'28.486',NULL,-2,''),
(2075823393,37,1552,'1094.2',NULL,-2,''),
(2075823394,37,1553,'1082.25',NULL,-2,''),
(2075823395,37,1554,'12724.0',NULL,-2,''),
(2075823396,37,1555,'17018.0',NULL,-2,''),
(2075823397,37,1556,'0.0',NULL,-2,''),
(2075823398,37,1557,'0.0',NULL,-2,''),
(2075823399,37,1558,'2611706.0',NULL,-2,''),
(2075823400,38,1551,'28.561',NULL,-2,''),
(2075823401,38,1552,'1093.92',NULL,-2,''),
(2075823402,38,1553,'1082.03',NULL,-2,''),
(2075823403,38,1554,'12723.0',NULL,-2,''),
(2075823404,38,1555,'17017.0',NULL,-2,''),
(2075823405,38,1556,'0.0',NULL,-2,''),
(2075823406,38,1557,'0.0',NULL,-2,''),
(2075823407,38,1558,'2611766.0',NULL,-2,''),
(2075823408,39,1551,'28.619',NULL,-2,''),
(2075823409,39,1552,'1093.71',NULL,-2,''),
(2075823410,39,1553,'1081.82',NULL,-2,''),
(2075823411,39,1554,'12723.0',NULL,-2,''),
(2075823412,39,1555,'17018.0',NULL,-2,''),
(2075823413,39,1556,'0.0',NULL,-2,''),
(2075823414,39,1557,'0.0',NULL,-2,''),
(2075823415,39,1558,'2611826.0',NULL,-2,''),
(2075823416,40,1551,'28.687',NULL,-2,''),
(2075823417,40,1552,'1093.62',NULL,-2,''),
(2075823418,40,1553,'1081.72',NULL,-2,''),
(2075823419,40,1554,'12720.0',NULL,-2,''),
(2075823420,40,1555,'17016.0',NULL,-2,''),
(2075823421,40,1556,'0.0',NULL,-2,''),
(2075823422,40,1557,'0.0',NULL,-2,''),
(2075823423,40,1558,'2611886.0',NULL,-2,''),
(2075823424,41,1551,'28.758',NULL,-2,''),
(2075823425,41,1552,'1093.43',NULL,-2,''),
(2075823426,41,1553,'1081.56',NULL,-2,''),
(2075823427,41,1554,'12720.0',NULL,-2,''),
(2075823428,41,1555,'17016.0',NULL,-2,''),
(2075823429,41,1556,'0.0',NULL,-2,''),
(2075823430,41,1557,'0.0',NULL,-2,''),
(2075823431,41,1558,'2611946.0',NULL,-2,''),
(2075823432,42,1551,'28.819',NULL,-2,''),
(2075823433,42,1552,'1093.07',NULL,-2,''),
(2075823434,42,1553,'1081.24',NULL,-2,''),
(2075823435,42,1554,'12720.0',NULL,-2,''),
(2075823436,42,1555,'17015.0',NULL,-2,''),
(2075823437,42,1556,'0.0',NULL,-2,''),
(2075823438,42,1557,'0.0',NULL,-2,''),
(2075823439,42,1558,'2612006.0',NULL,-2,''),
(2075823440,43,1551,'28.88',NULL,-2,''),
(2075823441,43,1552,'1092.71',NULL,-2,''),
(2075823442,43,1553,'1080.9',NULL,-2,''),
(2075823443,43,1554,'12721.0',NULL,-2,''),
(2075823444,43,1555,'17015.0',NULL,-2,''),
(2075823445,43,1556,'0.0',NULL,-2,''),
(2075823446,43,1557,'0.0',NULL,-2,''),
(2075823447,43,1558,'2612066.0',NULL,-2,''),
(2075823448,44,1551,'28.935',NULL,-2,''),
(2075823449,44,1552,'1092.32',NULL,-2,''),
(2075823450,44,1553,'1080.5',NULL,-2,''),
(2075823451,44,1554,'12722.0',NULL,-2,''),
(2075823452,44,1555,'17014.0',NULL,-2,''),
(2075823453,44,1556,'0.0',NULL,-2,''),
(2075823454,44,1557,'0.0',NULL,-2,''),
(2075823455,44,1558,'2612126.0',NULL,-2,''),
(2075823456,45,1551,'28.99',NULL,-2,''),
(2075823457,45,1552,'1091.81',NULL,-2,''),
(2075823458,45,1553,'1080.0',NULL,-2,''),
(2075823459,45,1554,'12725.0',NULL,-2,''),
(2075823460,45,1555,'17014.0',NULL,-2,''),
(2075823461,45,1556,'0.0',NULL,-2,''),
(2075823462,45,1557,'0.0',NULL,-2,''),
(2075823463,45,1558,'2612186.0',NULL,-2,''),
(2075823560,46,1549,'20.3891',NULL,-2,''),
(2075823561,46,1550,'37.898',NULL,-2,'');

-- Measurements
INSERT INTO `measurements` VALUES
(189596803,38,'{"1":{"svids":[2075823382,2075823560],"suppids":[],"memberCount":2,"value":20.24855911111111,"flag":2,"qcComments":[],"type":"I","props":{}},"33":{"svids":[2075823403],"suppids":[],"memberCount":1,"value":12723.0,"flag":-2,"qcComments":[],"type":"M","props":{}},"2":{"svids":[2075823383,2075823561],"suppids":[],"memberCount":2,"value":37.95652,"flag":2,"qcComments":[],"type":"I","props":{}},"34":{"svids":[2075823404],"suppids":[],"memberCount":1,"value":17017.0,"flag":-2,"qcComments":[],"type":"M","props":{}},"35":{"svids":[2075823405],"suppids":[],"memberCount":1,"value":0.0,"flag":-2,"qcComments":[],"type":"M","props":{}},"36":{"svids":[2075823406],"suppids":[],"memberCount":1,"value":0.0,"flag":-2,"qcComments":[],"type":"M","props":{}},"37":{"svids":[2075823407],"suppids":[],"memberCount":1,"value":2611766.0,"flag":-2,"qcComments":[],"type":"M","props":{}},"38":{"svids":[2075823400],"suppids":[],"memberCount":1,"value":28.561,"flag":-2,"qcComments":[],"type":"M","props":{}},"40":{"svids":[2075823401],"suppids":[],"memberCount":1,"value":1093.92,"flag":-2,"qcComments":[],"type":"M","props":{}},"41":{"svids":[2075823402],"suppids":[],"memberCount":1,"value":1082.03,"flag":-2,"qcComments":[],"type":"M","props":{}}}'),
(189596804,37,'{"1":{"svids":[2075823382,2075823560],"suppids":[],"memberCount":2,"value":20.243515777777777,"flag":2,"qcComments":[],"type":"I","props":{}},"33":{"svids":[2075823395],"suppids":[],"memberCount":1,"value":12724.0,"flag":-2,"qcComments":[],"type":"M","props":{}},"2":{"svids":[2075823383,2075823561],"suppids":[],"memberCount":2,"value":37.95862,"flag":2,"qcComments":[],"type":"I","props":{}},"34":{"svids":[2075823396],"suppids":[],"memberCount":1,"value":17018.0,"flag":-2,"qcComments":[],"type":"M","props":{}},"35":{"svids":[2075823397],"suppids":[],"memberCount":1,"value":0.0,"flag":-2,"qcComments":[],"type":"M","props":{}},"36":{"svids":[2075823398],"suppids":[],"memberCount":1,"value":0.0,"flag":-2,"qcComments":[],"type":"M","props":{}},"37":{"svids":[2075823399],"suppids":[],"memberCount":1,"value":2611706.0,"flag":-2,"qcComments":[],"type":"M","props":{}},"38":{"svids":[2075823392],"suppids":[],"memberCount":1,"value":28.486,"flag":-2,"qcComments":[],"type":"M","props":{}},"40":{"svids":[2075823393],"suppids":[],"memberCount":1,"value":1094.2,"flag":-2,"qcComments":[],"type":"M","props":{}},"41":{"svids":[2075823394],"suppids":[],"memberCount":1,"value":1082.25,"flag":-2,"qcComments":[],"type":"M","props":{}}}'),
(189596805,5,'{"1":{"svids":[2075823102,2075823280],"suppids":[],"memberCount":2,"value":19.389098,"flag":2,"qcComments":[],"type":"I","props":{}},"33":{"svids":[2075823211],"suppids":[],"memberCount":1,"value":13811.0,"flag":-2,"qcComments":[],"type":"M","props":{}},"2":{"svids":[2075823103,2075823281],"suppids":[],"memberCount":2,"value":37.97124,"flag":2,"qcComments":[],"type":"I","props":{}},"34":{"svids":[2075823212],"suppids":[],"memberCount":1,"value":17011.0,"flag":-2,"qcComments":[],"type":"M","props":{}},"35":{"svids":[2075823213],"suppids":[],"memberCount":1,"value":1.0,"flag":-2,"qcComments":[],"type":"M","props":{}},"36":{"svids":[2075823214],"suppids":[],"memberCount":1,"value":0.0,"flag":-2,"qcComments":[],"type":"M","props":{}},"37":{"svids":[2075823215],"suppids":[],"memberCount":1,"value":2610006.0,"flag":-2,"qcComments":[],"type":"M","props":{}},"38":{"svids":[2075823208],"suppids":[],"memberCount":1,"value":-39.7,"flag":-2,"qcComments":[],"type":"M","props":{}},"40":{"svids":[2075823209],"suppids":[],"memberCount":1,"value":1079.07,"flag":-2,"qcComments":[],"type":"M","props":{}},"41":{"svids":[2075823210],"suppids":[],"memberCount":1,"value":1079.73,"flag":-2,"qcComments":[],"type":"M","props":{}}}'),
(189596806,26,'{"1":{"svids":[2075823300,2075823382],"suppids":[],"memberCount":2,"value":20.32037822222222,"flag":2,"qcComments":[],"type":"I","props":{}},"33":{"svids":[2075823313],"suppids":[],"memberCount":1,"value":12742.0,"flag":-2,"qcComments":[],"type":"M","props":{}},"2":{"svids":[2075823301,2075823383],"suppids":[],"memberCount":2,"value":37.914006666666666,"flag":2,"qcComments":[],"type":"I","props":{}},"34":{"svids":[2075823314],"suppids":[],"memberCount":1,"value":17027.0,"flag":-2,"qcComments":[],"type":"M","props":{}},"35":{"svids":[2075823315],"suppids":[],"memberCount":1,"value":0.0,"flag":-2,"qcComments":[],"type":"M","props":{}},"36":{"svids":[2075823316],"suppids":[],"memberCount":1,"value":0.0,"flag":-2,"qcComments":[],"type":"M","props":{}},"37":{"svids":[2075823317],"suppids":[],"memberCount":1,"value":2611106.0,"flag":-2,"qcComments":[],"type":"M","props":{}},"38":{"svids":[2075823310],"suppids":[],"memberCount":1,"value":27.337,"flag":-2,"qcComments":[],"type":"M","props":{}},"40":{"svids":[2075823311],"suppids":[],"memberCount":1,"value":1096.38,"flag":-2,"qcComments":[],"type":"M","props":{}},"41":{"svids":[2075823312],"suppids":[],"memberCount":1,"value":1084.38,"flag":-2,"qcComments":[],"type":"M","props":{}}}'),
(189596807,29,'{"1":{"svids":[2075823300,2075823382],"suppids":[],"memberCount":2,"value":20.29243822222222,"flag":2,"qcComments":[],"type":"I","props":{}},"33":{"svids":[2075823337],"suppids":[],"memberCount":1,"value":12738.0,"flag":-2,"qcComments":[],"type":"M","props":{}},"2":{"svids":[2075823301,2075823383],"suppids":[],"memberCount":2,"value":37.92990666666667,"flag":2,"qcComments":[],"type":"I","props":{}},"34":{"svids":[2075823338],"suppids":[],"memberCount":1,"value":17024.0,"flag":-2,"qcComments":[],"type":"M","props":{}},"35":{"svids":[2075823339],"suppids":[],"memberCount":1,"value":0.0,"flag":-2,"qcComments":[],"type":"M","props":{}},"36":{"svids":[2075823340],"suppids":[],"memberCount":1,"value":0.0,"flag":-2,"qcComments":[],"type":"M","props":{}},"37":{"svids":[2075823341],"suppids":[],"memberCount":1,"value":2611286.0,"flag":-2,"qcComments":[],"type":"M","props":{}},"38":{"svids":[2075823334],"suppids":[],"memberCount":1,"value":27.82,"flag":-2,"qcComments":[],"type":"M","props":{}},"40":{"svids":[2075823335],"suppids":[],"memberCount":1,"value":1095.24,"flag":-2,"qcComments":[],"type":"M","props":{}},"41":{"svids":[2075823336],"suppids":[],"memberCount":1,"value":1083.26,"flag":-2,"qcComments":[],"type":"M","props":{}}}'),
(189596808,9,'{"1":{"svids":[2075823102,2075823280],"suppids":[],"memberCount":2,"value":19.383104666666664,"flag":2,"qcComments":[],"type":"I","props":{}},"33":{"svids":[2075823243],"suppids":[],"memberCount":1,"value":13812.0,"flag":-2,"qcComments":[],"type":"M","props":{}},"2":{"svids":[2075823103,2075823281],"suppids":[],"memberCount":2,"value":37.973773333333334,"flag":2,"qcComments":[],"type":"I","props":{}},"34":{"svids":[2075823244],"suppids":[],"memberCount":1,"value":17011.0,"flag":-2,"qcComments":[],"type":"M","props":{}},"35":{"svids":[2075823245],"suppids":[],"memberCount":1,"value":1.0,"flag":-2,"qcComments":[],"type":"M","props":{}},"36":{"svids":[2075823246],"suppids":[],"memberCount":1,"value":0.0,"flag":-2,"qcComments":[],"type":"M","props":{}},"37":{"svids":[2075823247],"suppids":[],"memberCount":1,"value":2610046.0,"flag":-2,"qcComments":[],"type":"M","props":{}},"38":{"svids":[2075823240],"suppids":[],"memberCount":1,"value":-39.7,"flag":-2,"qcComments":[],"type":"M","props":{}},"40":{"svids":[2075823241],"suppids":[],"memberCount":1,"value":1079.54,"flag":-2,"qcComments":[],"type":"M","props":{}},"41":{"svids":[2075823242],"suppids":[],"memberCount":1,"value":1079.82,"flag":-2,"qcComments":[],"type":"M","props":{}}}'),
(189596809,32,'{"1":{"svids":[2075823300,2075823382],"suppids":[],"memberCount":2,"value":20.26449822222222,"flag":2,"qcComments":[],"type":"I","props":{}},"33":{"svids":[2075823361],"suppids":[],"memberCount":1,"value":12737.0,"flag":-2,"qcComments":[],"type":"M","props":{}},"2":{"svids":[2075823301,2075823383],"suppids":[],"memberCount":2,"value":37.94580666666667,"flag":2,"qcComments":[],"type":"I","props":{}},"34":{"svids":[2075823362],"suppids":[],"memberCount":1,"value":17023.0,"flag":-2,"qcComments":[],"type":"M","props":{}},"35":{"svids":[2075823363],"suppids":[],"memberCount":1,"value":0.0,"flag":-2,"qcComments":[],"type":"M","props":{}},"36":{"svids":[2075823364],"suppids":[],"memberCount":1,"value":0.0,"flag":-2,"qcComments":[],"type":"M","props":{}},"37":{"svids":[2075823365],"suppids":[],"memberCount":1,"value":2611466.0,"flag":-2,"qcComments":[],"type":"M","props":{}},"38":{"svids":[2075823358],"suppids":[],"memberCount":1,"value":28.154,"flag":-2,"qcComments":[],"type":"M","props":{}},"40":{"svids":[2075823359],"suppids":[],"memberCount":1,"value":1094.53,"flag":-2,"qcComments":[],"type":"M","props":{}},"41":{"svids":[2075823360],"suppids":[],"memberCount":1,"value":1082.66,"flag":-2,"qcComments":[],"type":"M","props":{}}}'),
(189596810,33,'{"1":{"svids":[2075823300,2075823382],"suppids":[],"memberCount":2,"value":20.255184888888888,"flag":2,"qcComments":[],"type":"I","props":{}},"33":{"svids":[2075823369],"suppids":[],"memberCount":1,"value":12732.0,"flag":-2,"qcComments":[],"type":"M","props":{}},"2":{"svids":[2075823301,2075823383],"suppids":[],"memberCount":2,"value":37.95110666666667,"flag":2,"qcComments":[],"type":"I","props":{}},"34":{"svids":[2075823370],"suppids":[],"memberCount":1,"value":17021.0,"flag":-2,"qcComments":[],"type":"M","props":{}},"35":{"svids":[2075823371],"suppids":[],"memberCount":1,"value":0.0,"flag":-2,"qcComments":[],"type":"M","props":{}},"36":{"svids":[2075823372],"suppids":[],"memberCount":1,"value":0.0,"flag":-2,"qcComments":[],"type":"M","props":{}},"37":{"svids":[2075823373],"suppids":[],"memberCount":1,"value":2611526.0,"flag":-2,"qcComments":[],"type":"M","props":{}},"38":{"svids":[2075823366],"suppids":[],"memberCount":1,"value":28.242,"flag":-2,"qcComments":[],"type":"M","props":{}},"40":{"svids":[2075823367],"suppids":[],"memberCount":1,"value":1094.49,"flag":-2,"qcComments":[],"type":"M","props":{}},"41":{"svids":[2075823368],"suppids":[],"memberCount":1,"value":1082.63,"flag":-2,"qcComments":[],"type":"M","props":{}}}'),
(189596811,13,'{"1":{"svids":[2075823102,2075823280],"suppids":[],"memberCount":2,"value":19.377111333333332,"flag":2,"qcComments":[],"type":"I","props":{}},"33":{"svids":[2075823275],"suppids":[],"memberCount":1,"value":13812.0,"flag":-2,"qcComments":[],"type":"M","props":{}},"2":{"svids":[2075823103,2075823281],"suppids":[],"memberCount":2,"value":37.976306666666666,"flag":2,"qcComments":[],"type":"I","props":{}},"34":{"svids":[2075823276],"suppids":[],"memberCount":1,"value":17011.0,"flag":-2,"qcComments":[],"type":"M","props":{}},"35":{"svids":[2075823277],"suppids":[],"memberCount":1,"value":1.0,"flag":-2,"qcComments":[],"type":"M","props":{}},"36":{"svids":[2075823278],"suppids":[],"memberCount":1,"value":0.0,"flag":-2,"qcComments":[],"type":"M","props":{}},"37":{"svids":[2075823279],"suppids":[],"memberCount":1,"value":2610086.0,"flag":-2,"qcComments":[],"type":"M","props":{}},"38":{"svids":[2075823272],"suppids":[],"memberCount":1,"value":-39.7,"flag":-2,"qcComments":[],"type":"M","props":{}},"40":{"svids":[2075823273],"suppids":[],"memberCount":1,"value":1079.86,"flag":-2,"qcComments":[],"type":"M","props":{}},"41":{"svids":[2075823274],"suppids":[],"memberCount":1,"value":1079.87,"flag":-2,"qcComments":[],"type":"M","props":{}}}'),
(189596812,44,'{"1":{"svids":[2075823382,2075823560],"suppids":[],"memberCount":2,"value":20.278819111111112,"flag":2,"qcComments":[],"type":"I","props":{}},"33":{"svids":[2075823451],"suppids":[],"memberCount":1,"value":12722.0,"flag":-2,"qcComments":[],"type":"M","props":{}},"2":{"svids":[2075823383,2075823561],"suppids":[],"memberCount":2,"value":37.94392,"flag":2,"qcComments":[],"type":"I","props":{}},"34":{"svids":[2075823452],"suppids":[],"memberCount":1,"value":17014.0,"flag":-2,"qcComments":[],"type":"M","props":{}},"35":{"svids":[2075823453],"suppids":[],"memberCount":1,"value":0.0,"flag":-2,"qcComments":[],"type":"M","props":{}},"36":{"svids":[2075823454],"suppids":[],"memberCount":1,"value":0.0,"flag":-2,"qcComments":[],"type":"M","props":{}},"37":{"svids":[2075823455],"suppids":[],"memberCount":1,"value":2612126.0,"flag":-2,"qcComments":[],"type":"M","props":{}},"38":{"svids":[2075823448],"suppids":[],"memberCount":1,"value":28.935,"flag":-2,"qcComments":[],"type":"M","props":{}},"40":{"svids":[2075823449],"suppids":[],"memberCount":1,"value":1092.32,"flag":-2,"qcComments":[],"type":"M","props":{}},"41":{"svids":[2075823450],"suppids":[],"memberCount":1,"value":1080.5,"flag":-2,"qcComments":[],"type":"M","props":{}}}'),
(189596813,6,'{"1":{"svids":[2075823102,2075823280],"suppids":[],"memberCount":2,"value":19.387599666666667,"flag":2,"qcComments":[],"type":"I","props":{}},"33":{"svids":[2075823219],"suppids":[],"memberCount":1,"value":13812.0,"flag":-2,"qcComments":[],"type":"M","props":{}},"2":{"svids":[2075823103,2075823281],"suppids":[],"memberCount":2,"value":37.971873333333335,"flag":2,"qcComments":[],"type":"I","props":{}},"34":{"svids":[2075823220],"suppids":[],"memberCount":1,"value":17011.0,"flag":-2,"qcComments":[],"type":"M","props":{}},"35":{"svids":[2075823221],"suppids":[],"memberCount":1,"value":1.0,"flag":-2,"qcComments":[],"type":"M","props":{}},"36":{"svids":[2075823222],"suppids":[],"memberCount":1,"value":0.0,"flag":-2,"qcComments":[],"type":"M","props":{}},"37":{"svids":[2075823223],"suppids":[],"memberCount":1,"value":2610016.0,"flag":-2,"qcComments":[],"type":"M","props":{}},"38":{"svids":[2075823216],"suppids":[],"memberCount":1,"value":-39.7,"flag":-2,"qcComments":[],"type":"M","props":{}},"40":{"svids":[2075823217],"suppids":[],"memberCount":1,"value":1079.29,"flag":-2,"qcComments":[],"type":"M","props":{}},"41":{"svids":[2075823218],"suppids":[],"memberCount":1,"value":1079.73,"flag":-2,"qcComments":[],"type":"M","props":{}}}'),
(189596814,8,'{"1":{"svids":[2075823102,2075823280],"suppids":[],"memberCount":2,"value":19.384603,"flag":2,"qcComments":[],"type":"I","props":{}},"33":{"svids":[2075823235],"suppids":[],"memberCount":1,"value":13811.0,"flag":-2,"qcComments":[],"type":"M","props":{}},"2":{"svids":[2075823103,2075823281],"suppids":[],"memberCount":2,"value":37.97314,"flag":2,"qcComments":[],"type":"I","props":{}},"34":{"svids":[2075823236],"suppids":[],"memberCount":1,"value":17010.0,"flag":-2,"qcComments":[],"type":"M","props":{}},"35":{"svids":[2075823237],"suppids":[],"memberCount":1,"value":1.0,"flag":-2,"qcComments":[],"type":"M","props":{}},"36":{"svids":[2075823238],"suppids":[],"memberCount":1,"value":0.0,"flag":-2,"qcComments":[],"type":"M","props":{}},"37":{"svids":[2075823239],"suppids":[],"memberCount":1,"value":2610036.0,"flag":-2,"qcComments":[],"type":"M","props":{}},"38":{"svids":[2075823232],"suppids":[],"memberCount":1,"value":-39.7,"flag":-2,"qcComments":[],"type":"M","props":{}},"40":{"svids":[2075823233],"suppids":[],"memberCount":1,"value":1079.28,"flag":-2,"qcComments":[],"type":"M","props":{}},"41":{"svids":[2075823234],"suppids":[],"memberCount":1,"value":1079.79,"flag":-2,"qcComments":[],"type":"M","props":{}}}'),
(189596815,25,'{"1":{"svids":[2075823300,2075823382],"suppids":[],"memberCount":2,"value":20.329691555555552,"flag":2,"qcComments":[],"type":"I","props":{}},"33":{"svids":[2075823305],"suppids":[],"memberCount":1,"value":12751.0,"flag":-2,"qcComments":[],"type":"M","props":{}},"2":{"svids":[2075823301,2075823383],"suppids":[],"memberCount":2,"value":37.90870666666667,"flag":2,"qcComments":[],"type":"I","props":{}},"34":{"svids":[2075823306],"suppids":[],"memberCount":1,"value":17030.0,"flag":-2,"qcComments":[],"type":"M","props":{}},"35":{"svids":[2075823307],"suppids":[],"memberCount":1,"value":0.0,"flag":-2,"qcComments":[],"type":"M","props":{}},"36":{"svids":[2075823308],"suppids":[],"memberCount":1,"value":0.0,"flag":-2,"qcComments":[],"type":"M","props":{}},"37":{"svids":[2075823309],"suppids":[],"memberCount":1,"value":2611046.0,"flag":-2,"qcComments":[],"type":"M","props":{}},"38":{"svids":[2075823302],"suppids":[],"memberCount":1,"value":27.138,"flag":-2,"qcComments":[],"type":"M","props":{}},"40":{"svids":[2075823303],"suppids":[],"memberCount":1,"value":1096.53,"flag":-2,"qcComments":[],"type":"M","props":{}},"41":{"svids":[2075823304],"suppids":[],"memberCount":1,"value":1084.52,"flag":-2,"qcComments":[],"type":"M","props":{}}}'),
(189596816,34,'{"1":{"svids":[2075823300,2075823382],"suppids":[],"memberCount":2,"value":20.245871555555553,"flag":2,"qcComments":[],"type":"I","props":{}},"33":{"svids":[2075823377],"suppids":[],"memberCount":1,"value":12728.0,"flag":-2,"qcComments":[],"type":"M","props":{}},"2":{"svids":[2075823301,2075823383],"suppids":[],"memberCount":2,"value":37.956406666666666,"flag":2,"qcComments":[],"type":"I","props":{}},"34":{"svids":[2075823378],"suppids":[],"memberCount":1,"value":17021.0,"flag":-2,"qcComments":[],"type":"M","props":{}},"35":{"svids":[2075823379],"suppids":[],"memberCount":1,"value":0.0,"flag":-2,"qcComments":[],"type":"M","props":{}},"36":{"svids":[2075823380],"suppids":[],"memberCount":1,"value":0.0,"flag":-2,"qcComments":[],"type":"M","props":{}},"37":{"svids":[2075823381],"suppids":[],"memberCount":1,"value":2611586.0,"flag":-2,"qcComments":[],"type":"M","props":{}},"38":{"svids":[2075823374],"suppids":[],"memberCount":1,"value":28.334,"flag":-2,"qcComments":[],"type":"M","props":{}},"40":{"svids":[2075823375],"suppids":[],"memberCount":1,"value":1094.44,"flag":-2,"qcComments":[],"type":"M","props":{}},"41":{"svids":[2075823376],"suppids":[],"memberCount":1,"value":1082.57,"flag":-2,"qcComments":[],"type":"M","props":{}}}'),
(189596817,43,'{"1":{"svids":[2075823382,2075823560],"suppids":[],"memberCount":2,"value":20.273775777777775,"flag":2,"qcComments":[],"type":"I","props":{}},"33":{"svids":[2075823443],"suppids":[],"memberCount":1,"value":12721.0,"flag":-2,"qcComments":[],"type":"M","props":{}},"2":{"svids":[2075823383,2075823561],"suppids":[],"memberCount":2,"value":37.94602,"flag":2,"qcComments":[],"type":"I","props":{}},"34":{"svids":[2075823444],"suppids":[],"memberCount":1,"value":17015.0,"flag":-2,"qcComments":[],"type":"M","props":{}},"35":{"svids":[2075823445],"suppids":[],"memberCount":1,"value":0.0,"flag":-2,"qcComments":[],"type":"M","props":{}},"36":{"svids":[2075823446],"suppids":[],"memberCount":1,"value":0.0,"flag":-2,"qcComments":[],"type":"M","props":{}},"37":{"svids":[2075823447],"suppids":[],"memberCount":1,"value":2612066.0,"flag":-2,"qcComments":[],"type":"M","props":{}},"38":{"svids":[2075823440],"suppids":[],"memberCount":1,"value":28.88,"flag":-2,"qcComments":[],"type":"M","props":{}},"40":{"svids":[2075823441],"suppids":[],"memberCount":1,"value":1092.71,"flag":-2,"qcComments":[],"type":"M","props":{}},"41":{"svids":[2075823442],"suppids":[],"memberCount":1,"value":1080.9,"flag":-2,"qcComments":[],"type":"M","props":{}}}'),
(189596818,2,'{"1":{"svids":[2075823102,2075823280],"suppids":[],"memberCount":2,"value":19.393593,"flag":2,"qcComments":[],"type":"I","props":{}},"33":{"svids":[2075823187],"suppids":[],"memberCount":1,"value":13126.0,"flag":-2,"qcComments":[],"type":"M","props":{}},"2":{"svids":[2075823103,2075823281],"suppids":[],"memberCount":2,"value":37.96934,"flag":2,"qcComments":[],"type":"I","props":{}},"34":{"svids":[2075823188],"suppids":[],"memberCount":1,"value":17015.0,"flag":-2,"qcComments":[],"type":"M","props":{}},"35":{"svids":[2075823189],"suppids":[],"memberCount":1,"value":1.0,"flag":-2,"qcComments":[],"type":"M","props":{}},"36":{"svids":[2075823190],"suppids":[],"memberCount":1,"value":0.0,"flag":-2,"qcComments":[],"type":"M","props":{}},"37":{"svids":[2075823191],"suppids":[],"memberCount":1,"value":2609976.0,"flag":-2,"qcComments":[],"type":"M","props":{}},"38":{"svids":[2075823184],"suppids":[],"memberCount":1,"value":-39.7,"flag":-2,"qcComments":[],"type":"M","props":{}},"40":{"svids":[2075823185],"suppids":[],"memberCount":1,"value":1079.45,"flag":-2,"qcComments":[],"type":"M","props":{}},"41":{"svids":[2075823186],"suppids":[],"memberCount":1,"value":1079.65,"flag":-2,"qcComments":[],"type":"M","props":{}}}'),
(189596819,11,'{"1":{"svids":[2075823102,2075823280],"suppids":[],"memberCount":2,"value":19.380108,"flag":2,"qcComments":[],"type":"I","props":{}},"33":{"svids":[2075823259],"suppids":[],"memberCount":1,"value":13811.0,"flag":-2,"qcComments":[],"type":"M","props":{}},"2":{"svids":[2075823103,2075823281],"suppids":[],"memberCount":2,"value":37.97504,"flag":2,"qcComments":[],"type":"I","props":{}},"34":{"svids":[2075823260],"suppids":[],"memberCount":1,"value":17010.0,"flag":-2,"qcComments":[],"type":"M","props":{}},"35":{"svids":[2075823261],"suppids":[],"memberCount":1,"value":1.0,"flag":-2,"qcComments":[],"type":"M","props":{}},"36":{"svids":[2075823262],"suppids":[],"memberCount":1,"value":0.0,"flag":-2,"qcComments":[],"type":"M","props":{}},"37":{"svids":[2075823263],"suppids":[],"memberCount":1,"value":2610066.0,"flag":-2,"qcComments":[],"type":"M","props":{}},"38":{"svids":[2075823256],"suppids":[],"memberCount":1,"value":-39.7,"flag":-2,"qcComments":[],"type":"M","props":{}},"40":{"svids":[2075823257],"suppids":[],"memberCount":1,"value":1079.5,"flag":-2,"qcComments":[],"type":"M","props":{}},"41":{"svids":[2075823258],"suppids":[],"memberCount":1,"value":1079.84,"flag":-2,"qcComments":[],"type":"M","props":{}}}'),
(189596820,27,'{"1":{"svids":[2075823300,2075823382],"suppids":[],"memberCount":2,"value":20.311064888888886,"flag":2,"qcComments":[],"type":"I","props":{}},"33":{"svids":[2075823321],"suppids":[],"memberCount":1,"value":12737.0,"flag":-2,"qcComments":[],"type":"M","props":{}},"2":{"svids":[2075823301,2075823383],"suppids":[],"memberCount":2,"value":37.919306666666664,"flag":2,"qcComments":[],"type":"I","props":{}},"34":{"svids":[2075823322],"suppids":[],"memberCount":1,"value":17028.0,"flag":-2,"qcComments":[],"type":"M","props":{}},"35":{"svids":[2075823323],"suppids":[],"memberCount":1,"value":0.0,"flag":-2,"qcComments":[],"type":"M","props":{}},"36":{"svids":[2075823324],"suppids":[],"memberCount":1,"value":0.0,"flag":-2,"qcComments":[],"type":"M","props":{}},"37":{"svids":[2075823325],"suppids":[],"memberCount":1,"value":2611166.0,"flag":-2,"qcComments":[],"type":"M","props":{}},"38":{"svids":[2075823318],"suppids":[],"memberCount":1,"value":27.515,"flag":-2,"qcComments":[],"type":"M","props":{}},"40":{"svids":[2075823319],"suppids":[],"memberCount":1,"value":1096.17,"flag":-2,"qcComments":[],"type":"M","props":{}},"41":{"svids":[2075823320],"suppids":[],"memberCount":1,"value":1084.17,"flag":-2,"qcComments":[],"type":"M","props":{}}}'),
(189596821,30,'{"1":{"svids":[2075823300,2075823382],"suppids":[],"memberCount":2,"value":20.28312488888889,"flag":2,"qcComments":[],"type":"I","props":{}},"33":{"svids":[2075823345],"suppids":[],"memberCount":1,"value":12739.0,"flag":-2,"qcComments":[],"type":"M","props":{}},"2":{"svids":[2075823301,2075823383],"suppids":[],"memberCount":2,"value":37.935206666666666,"flag":2,"qcComments":[],"type":"I","props":{}},"34":{"svids":[2075823346],"suppids":[],"memberCount":1,"value":17023.0,"flag":-2,"qcComments":[],"type":"M","props":{}},"35":{"svids":[2075823347],"suppids":[],"memberCount":1,"value":0.0,"flag":-2,"qcComments":[],"type":"M","props":{}},"36":{"svids":[2075823348],"suppids":[],"memberCount":1,"value":0.0,"flag":-2,"qcComments":[],"type":"M","props":{}},"37":{"svids":[2075823349],"suppids":[],"memberCount":1,"value":2611346.0,"flag":-2,"qcComments":[],"type":"M","props":{}},"38":{"svids":[2075823342],"suppids":[],"memberCount":1,"value":27.938,"flag":-2,"qcComments":[],"type":"M","props":{}},"40":{"svids":[2075823343],"suppids":[],"memberCount":1,"value":1094.76,"flag":-2,"qcComments":[],"type":"M","props":{}},"41":{"svids":[2075823344],"suppids":[],"memberCount":1,"value":1082.84,"flag":-2,"qcComments":[],"type":"M","props":{}}}'),
(189596822,12,'{"1":{"svids":[2075823102,2075823280],"suppids":[],"memberCount":2,"value":19.378609666666666,"flag":2,"qcComments":[],"type":"I","props":{}},"33":{"svids":[2075823267],"suppids":[],"memberCount":1,"value":13811.0,"flag":-2,"qcComments":[],"type":"M","props":{}},"2":{"svids":[2075823103,2075823281],"suppids":[],"memberCount":2,"value":37.97567333333333,"flag":2,"qcComments":[],"type":"I","props":{}},"34":{"svids":[2075823268],"suppids":[],"memberCount":1,"value":17010.0,"flag":-2,"qcComments":[],"type":"M","props":{}},"35":{"svids":[2075823269],"suppids":[],"memberCount":1,"value":1.0,"flag":-2,"qcComments":[],"type":"M","props":{}},"36":{"svids":[2075823270],"suppids":[],"memberCount":1,"value":0.0,"flag":-2,"qcComments":[],"type":"M","props":{}},"37":{"svids":[2075823271],"suppids":[],"memberCount":1,"value":2610076.0,"flag":-2,"qcComments":[],"type":"M","props":{}},"38":{"svids":[2075823264],"suppids":[],"memberCount":1,"value":-39.7,"flag":-2,"qcComments":[],"type":"M","props":{}},"40":{"svids":[2075823265],"suppids":[],"memberCount":1,"value":1079.77,"flag":-2,"qcComments":[],"type":"M","props":{}},"41":{"svids":[2075823266],"suppids":[],"memberCount":1,"value":1079.85,"flag":-2,"qcComments":[],"type":"M","props":{}}}'),
(189596823,31,'{"1":{"svids":[2075823300,2075823382],"suppids":[],"memberCount":2,"value":20.273811555555554,"flag":2,"qcComments":[],"type":"I","props":{}},"33":{"svids":[2075823353],"suppids":[],"memberCount":1,"value":12740.0,"flag":-2,"qcComments":[],"type":"M","props":{}},"2":{"svids":[2075823301,2075823383],"suppids":[],"memberCount":2,"value":37.940506666666664,"flag":2,"qcComments":[],"type":"I","props":{}},"34":{"svids":[2075823354],"suppids":[],"memberCount":1,"value":17022.0,"flag":-2,"qcComments":[],"type":"M","props":{}},"35":{"svids":[2075823355],"suppids":[],"memberCount":1,"value":0.0,"flag":-2,"qcComments":[],"type":"M","props":{}},"36":{"svids":[2075823356],"suppids":[],"memberCount":1,"value":0.0,"flag":-2,"qcComments":[],"type":"M","props":{}},"37":{"svids":[2075823357],"suppids":[],"memberCount":1,"value":2611406.0,"flag":-2,"qcComments":[],"type":"M","props":{}},"38":{"svids":[2075823350],"suppids":[],"memberCount":1,"value":28.055,"flag":-2,"qcComments":[],"type":"M","props":{}},"40":{"svids":[2075823351],"suppids":[],"memberCount":1,"value":1094.5,"flag":-2,"qcComments":[],"type":"M","props":{}},"41":{"svids":[2075823352],"suppids":[],"memberCount":1,"value":1082.64,"flag":-2,"qcComments":[],"type":"M","props":{}}}'),
(189596824,39,'{"1":{"svids":[2075823382,2075823560],"suppids":[],"memberCount":2,"value":20.253602444444443,"flag":2,"qcComments":[],"type":"I","props":{}},"33":{"svids":[2075823411],"suppids":[],"memberCount":1,"value":12723.0,"flag":-2,"qcComments":[],"type":"M","props":{}},"2":{"svids":[2075823383,2075823561],"suppids":[],"memberCount":2,"value":37.95442,"flag":2,"qcComments":[],"type":"I","props":{}},"34":{"svids":[2075823412],"suppids":[],"memberCount":1,"value":17018.0,"flag":-2,"qcComments":[],"type":"M","props":{}},"35":{"svids":[2075823413],"suppids":[],"memberCount":1,"value":0.0,"flag":-2,"qcComments":[],"type":"M","props":{}},"36":{"svids":[2075823414],"suppids":[],"memberCount":1,"value":0.0,"flag":-2,"qcComments":[],"type":"M","props":{}},"37":{"svids":[2075823415],"suppids":[],"memberCount":1,"value":2611826.0,"flag":-2,"qcComments":[],"type":"M","props":{}},"38":{"svids":[2075823408],"suppids":[],"memberCount":1,"value":28.619,"flag":-2,"qcComments":[],"type":"M","props":{}},"40":{"svids":[2075823409],"suppids":[],"memberCount":1,"value":1093.71,"flag":-2,"qcComments":[],"type":"M","props":{}},"41":{"svids":[2075823410],"suppids":[],"memberCount":1,"value":1081.82,"flag":-2,"qcComments":[],"type":"M","props":{}}}'),
(189596825,42,'{"1":{"svids":[2075823382,2075823560],"suppids":[],"memberCount":2,"value":20.268732444444442,"flag":2,"qcComments":[],"type":"I","props":{}},"33":{"svids":[2075823435],"suppids":[],"memberCount":1,"value":12720.0,"flag":-2,"qcComments":[],"type":"M","props":{}},"2":{"svids":[2075823383,2075823561],"suppids":[],"memberCount":2,"value":37.94812,"flag":2,"qcComments":[],"type":"I","props":{}},"34":{"svids":[2075823436],"suppids":[],"memberCount":1,"value":17015.0,"flag":-2,"qcComments":[],"type":"M","props":{}},"35":{"svids":[2075823437],"suppids":[],"memberCount":1,"value":0.0,"flag":-2,"qcComments":[],"type":"M","props":{}},"36":{"svids":[2075823438],"suppids":[],"memberCount":1,"value":0.0,"flag":-2,"qcComments":[],"type":"M","props":{}},"37":{"svids":[2075823439],"suppids":[],"memberCount":1,"value":2612006.0,"flag":-2,"qcComments":[],"type":"M","props":{}},"38":{"svids":[2075823432],"suppids":[],"memberCount":1,"value":28.819,"flag":-2,"qcComments":[],"type":"M","props":{}},"40":{"svids":[2075823433],"suppids":[],"memberCount":1,"value":1093.07,"flag":-2,"qcComments":[],"type":"M","props":{}},"41":{"svids":[2075823434],"suppids":[],"memberCount":1,"value":1081.24,"flag":-2,"qcComments":[],"type":"M","props":{}}}'),
(189596826,45,'{"1":{"svids":[2075823382,2075823560],"suppids":[],"memberCount":2,"value":20.283862444444445,"flag":2,"qcComments":[],"type":"I","props":{}},"33":{"svids":[2075823459],"suppids":[],"memberCount":1,"value":12725.0,"flag":-2,"qcComments":[],"type":"M","props":{}},"2":{"svids":[2075823383,2075823561],"suppids":[],"memberCount":2,"value":37.94182,"flag":2,"qcComments":[],"type":"I","props":{}},"34":{"svids":[2075823460],"suppids":[],"memberCount":1,"value":17014.0,"flag":-2,"qcComments":[],"type":"M","props":{}},"35":{"svids":[2075823461],"suppids":[],"memberCount":1,"value":0.0,"flag":-2,"qcComments":[],"type":"M","props":{}},"36":{"svids":[2075823462],"suppids":[],"memberCount":1,"value":0.0,"flag":-2,"qcComments":[],"type":"M","props":{}},"37":{"svids":[2075823463],"suppids":[],"memberCount":1,"value":2612186.0,"flag":-2,"qcComments":[],"type":"M","props":{}},"38":{"svids":[2075823456],"suppids":[],"memberCount":1,"value":28.99,"flag":-2,"qcComments":[],"type":"M","props":{}},"40":{"svids":[2075823457],"suppids":[],"memberCount":1,"value":1091.81,"flag":-2,"qcComments":[],"type":"M","props":{}},"41":{"svids":[2075823458],"suppids":[],"memberCount":1,"value":1080.0,"flag":-2,"qcComments":[],"type":"M","props":{}}}'),
(189596827,7,'{"1":{"svids":[2075823102,2075823280],"suppids":[],"memberCount":2,"value":19.386101333333333,"flag":2,"qcComments":[],"type":"I","props":{}},"33":{"svids":[2075823227],"suppids":[],"memberCount":1,"value":13811.0,"flag":-2,"qcComments":[],"type":"M","props":{}},"2":{"svids":[2075823103,2075823281],"suppids":[],"memberCount":2,"value":37.97250666666667,"flag":2,"qcComments":[],"type":"I","props":{}},"34":{"svids":[2075823228],"suppids":[],"memberCount":1,"value":17010.0,"flag":-2,"qcComments":[],"type":"M","props":{}},"35":{"svids":[2075823229],"suppids":[],"memberCount":1,"value":1.0,"flag":-2,"qcComments":[],"type":"M","props":{}},"36":{"svids":[2075823230],"suppids":[],"memberCount":1,"value":0.0,"flag":-2,"qcComments":[],"type":"M","props":{}},"37":{"svids":[2075823231],"suppids":[],"memberCount":1,"value":2610026.0,"flag":-2,"qcComments":[],"type":"M","props":{}},"38":{"svids":[2075823224],"suppids":[],"memberCount":1,"value":-39.7,"flag":-2,"qcComments":[],"type":"M","props":{}},"40":{"svids":[2075823225],"suppids":[],"memberCount":1,"value":1079.26,"flag":-2,"qcComments":[],"type":"M","props":{}},"41":{"svids":[2075823226],"suppids":[],"memberCount":1,"value":1079.74,"flag":-2,"qcComments":[],"type":"M","props":{}}}'),
(189596828,36,'{"1":{"svids":[2075823382,2075823560],"suppids":[],"memberCount":2,"value":20.238472444444444,"flag":2,"qcComments":[],"type":"I","props":{}},"33":{"svids":[2075823387],"suppids":[],"memberCount":1,"value":12727.0,"flag":-2,"qcComments":[],"type":"M","props":{}},"2":{"svids":[2075823383,2075823561],"suppids":[],"memberCount":2,"value":37.96072,"flag":2,"qcComments":[],"type":"I","props":{}},"34":{"svids":[2075823388],"suppids":[],"memberCount":1,"value":17019.0,"flag":-2,"qcComments":[],"type":"M","props":{}},"35":{"svids":[2075823389],"suppids":[],"memberCount":1,"value":0.0,"flag":-2,"qcComments":[],"type":"M","props":{}},"36":{"svids":[2075823390],"suppids":[],"memberCount":1,"value":0.0,"flag":-2,"qcComments":[],"type":"M","props":{}},"37":{"svids":[2075823391],"suppids":[],"memberCount":1,"value":2611646.0,"flag":-2,"qcComments":[],"type":"M","props":{}},"38":{"svids":[2075823384],"suppids":[],"memberCount":1,"value":28.416,"flag":-2,"qcComments":[],"type":"M","props":{}},"40":{"svids":[2075823385],"suppids":[],"memberCount":1,"value":1094.21,"flag":-2,"qcComments":[],"type":"M","props":{}},"41":{"svids":[2075823386],"suppids":[],"memberCount":1,"value":1082.31,"flag":-2,"qcComments":[],"type":"M","props":{}}}'),
(189596829,3,'{"1":{"svids":[2075823102,2075823280],"suppids":[],"memberCount":2,"value":19.392094666666665,"flag":2,"qcComments":[],"type":"I","props":{}},"33":{"svids":[2075823195],"suppids":[],"memberCount":1,"value":13714.0,"flag":-2,"qcComments":[],"type":"M","props":{}},"2":{"svids":[2075823103,2075823281],"suppids":[],"memberCount":2,"value":37.969973333333336,"flag":2,"qcComments":[],"type":"I","props":{}},"34":{"svids":[2075823196],"suppids":[],"memberCount":1,"value":17011.0,"flag":-2,"qcComments":[],"type":"M","props":{}},"35":{"svids":[2075823197],"suppids":[],"memberCount":1,"value":1.0,"flag":-2,"qcComments":[],"type":"M","props":{}},"36":{"svids":[2075823198],"suppids":[],"memberCount":1,"value":0.0,"flag":-2,"qcComments":[],"type":"M","props":{}},"37":{"svids":[2075823199],"suppids":[],"memberCount":1,"value":2609986.0,"flag":-2,"qcComments":[],"type":"M","props":{}},"38":{"svids":[2075823192],"suppids":[],"memberCount":1,"value":-39.7,"flag":-2,"qcComments":[],"type":"M","props":{}},"40":{"svids":[2075823193],"suppids":[],"memberCount":1,"value":1079.39,"flag":-2,"qcComments":[],"type":"M","props":{}},"41":{"svids":[2075823194],"suppids":[],"memberCount":1,"value":1079.65,"flag":-2,"qcComments":[],"type":"M","props":{}}}'),
(189596830,28,'{"1":{"svids":[2075823300,2075823382],"suppids":[],"memberCount":2,"value":20.301751555555555,"flag":2,"qcComments":[],"type":"I","props":{}},"33":{"svids":[2075823329],"suppids":[],"memberCount":1,"value":12737.0,"flag":-2,"qcComments":[],"type":"M","props":{}},"2":{"svids":[2075823301,2075823383],"suppids":[],"memberCount":2,"value":37.92460666666667,"flag":2,"qcComments":[],"type":"I","props":{}},"34":{"svids":[2075823330],"suppids":[],"memberCount":1,"value":17026.0,"flag":-2,"qcComments":[],"type":"M","props":{}},"35":{"svids":[2075823331],"suppids":[],"memberCount":1,"value":0.0,"flag":-2,"qcComments":[],"type":"M","props":{}},"36":{"svids":[2075823332],"suppids":[],"memberCount":1,"value":0.0,"flag":-2,"qcComments":[],"type":"M","props":{}},"37":{"svids":[2075823333],"suppids":[],"memberCount":1,"value":2611226.0,"flag":-2,"qcComments":[],"type":"M","props":{}},"38":{"svids":[2075823326],"suppids":[],"memberCount":1,"value":27.68,"flag":-2,"qcComments":[],"type":"M","props":{}},"40":{"svids":[2075823327],"suppids":[],"memberCount":1,"value":1095.63,"flag":-2,"qcComments":[],"type":"M","props":{}},"41":{"svids":[2075823328],"suppids":[],"memberCount":1,"value":1083.67,"flag":-2,"qcComments":[],"type":"M","props":{}}}'),
(189596831,40,'{"1":{"svids":[2075823382,2075823560],"suppids":[],"memberCount":2,"value":20.258645777777776,"flag":2,"qcComments":[],"type":"I","props":{}},"33":{"svids":[2075823419],"suppids":[],"memberCount":1,"value":12720.0,"flag":-2,"qcComments":[],"type":"M","props":{}},"2":{"svids":[2075823383,2075823561],"suppids":[],"memberCount":2,"value":37.95232,"flag":2,"qcComments":[],"type":"I","props":{}},"34":{"svids":[2075823420],"suppids":[],"memberCount":1,"value":17016.0,"flag":-2,"qcComments":[],"type":"M","props":{}},"35":{"svids":[2075823421],"suppids":[],"memberCount":1,"value":0.0,"flag":-2,"qcComments":[],"type":"M","props":{}},"36":{"svids":[2075823422],"suppids":[],"memberCount":1,"value":0.0,"flag":-2,"qcComments":[],"type":"M","props":{}},"37":{"svids":[2075823423],"suppids":[],"memberCount":1,"value":2611886.0,"flag":-2,"qcComments":[],"type":"M","props":{}},"38":{"svids":[2075823416],"suppids":[],"memberCount":1,"value":28.687,"flag":-2,"qcComments":[],"type":"M","props":{}},"40":{"svids":[2075823417],"suppids":[],"memberCount":1,"value":1093.62,"flag":-2,"qcComments":[],"type":"M","props":{}},"41":{"svids":[2075823418],"suppids":[],"memberCount":1,"value":1081.72,"flag":-2,"qcComments":[],"type":"M","props":{}}}'),
(189596832,10,'{"1":{"svids":[2075823102,2075823280],"suppids":[],"memberCount":2,"value":19.381606333333334,"flag":2,"qcComments":[],"type":"I","props":{}},"33":{"svids":[2075823251],"suppids":[],"memberCount":1,"value":13811.0,"flag":-2,"qcComments":[],"type":"M","props":{}},"2":{"svids":[2075823103,2075823281],"suppids":[],"memberCount":2,"value":37.97440666666667,"flag":2,"qcComments":[],"type":"I","props":{}},"34":{"svids":[2075823252],"suppids":[],"memberCount":1,"value":17011.0,"flag":-2,"qcComments":[],"type":"M","props":{}},"35":{"svids":[2075823253],"suppids":[],"memberCount":1,"value":1.0,"flag":-2,"qcComments":[],"type":"M","props":{}},"36":{"svids":[2075823254],"suppids":[],"memberCount":1,"value":0.0,"flag":-2,"qcComments":[],"type":"M","props":{}},"37":{"svids":[2075823255],"suppids":[],"memberCount":1,"value":2610056.0,"flag":-2,"qcComments":[],"type":"M","props":{}},"38":{"svids":[2075823248],"suppids":[],"memberCount":1,"value":-39.7,"flag":-2,"qcComments":[],"type":"M","props":{}},"40":{"svids":[2075823249],"suppids":[],"memberCount":1,"value":1079.35,"flag":-2,"qcComments":[],"type":"M","props":{}},"41":{"svids":[2075823250],"suppids":[],"memberCount":1,"value":1079.83,"flag":-2,"qcComments":[],"type":"M","props":{}}}'),
(189596833,4,'{"1":{"svids":[2075823102,2075823280],"suppids":[],"memberCount":2,"value":19.39059633333333,"flag":2,"qcComments":[],"type":"I","props":{}},"33":{"svids":[2075823203],"suppids":[],"memberCount":1,"value":13811.0,"flag":-2,"qcComments":[],"type":"M","props":{}},"2":{"svids":[2075823103,2075823281],"suppids":[],"memberCount":2,"value":37.97060666666667,"flag":2,"qcComments":[],"type":"I","props":{}},"34":{"svids":[2075823204],"suppids":[],"memberCount":1,"value":17011.0,"flag":-2,"qcComments":[],"type":"M","props":{}},"35":{"svids":[2075823205],"suppids":[],"memberCount":1,"value":1.0,"flag":-2,"qcComments":[],"type":"M","props":{}},"36":{"svids":[2075823206],"suppids":[],"memberCount":1,"value":0.0,"flag":-2,"qcComments":[],"type":"M","props":{}},"37":{"svids":[2075823207],"suppids":[],"memberCount":1,"value":2609996.0,"flag":-2,"qcComments":[],"type":"M","props":{}},"38":{"svids":[2075823200],"suppids":[],"memberCount":1,"value":-39.7,"flag":-2,"qcComments":[],"type":"M","props":{}},"40":{"svids":[2075823201],"suppids":[],"memberCount":1,"value":1079.11,"flag":-2,"qcComments":[],"type":"M","props":{}},"41":{"svids":[2075823202],"suppids":[],"memberCount":1,"value":1079.68,"flag":-2,"qcComments":[],"type":"M","props":{}}}'),
(189596834,41,'{"1":{"svids":[2075823382,2075823560],"suppids":[],"memberCount":2,"value":20.26368911111111,"flag":2,"qcComments":[],"type":"I","props":{}},"33":{"svids":[2075823427],"suppids":[],"memberCount":1,"value":12720.0,"flag":-2,"qcComments":[],"type":"M","props":{}},"2":{"svids":[2075823383,2075823561],"suppids":[],"memberCount":2,"value":37.95022,"flag":2,"qcComments":[],"type":"I","props":{}},"34":{"svids":[2075823428],"suppids":[],"memberCount":1,"value":17016.0,"flag":-2,"qcComments":[],"type":"M","props":{}},"35":{"svids":[2075823429],"suppids":[],"memberCount":1,"value":0.0,"flag":-2,"qcComments":[],"type":"M","props":{}},"36":{"svids":[2075823430],"suppids":[],"memberCount":1,"value":0.0,"flag":-2,"qcComments":[],"type":"M","props":{}},"37":{"svids":[2075823431],"suppids":[],"memberCount":1,"value":2611946.0,"flag":-2,"qcComments":[],"type":"M","props":{}},"38":{"svids":[2075823424],"suppids":[],"memberCount":1,"value":28.758,"flag":-2,"qcComments":[],"type":"M","props":{}},"40":{"svids":[2075823425],"suppids":[],"memberCount":1,"value":1093.43,"flag":-2,"qcComments":[],"type":"M","props":{}},"41":{"svids":[2075823426],"suppids":[],"memberCount":1,"value":1081.56,"flag":-2,"qcComments":[],"type":"M","props":{}}}');

-- Measurement run types
INSERT INTO `measurement_run_types` VALUES (189596803,6,'__M'),(189596804,6,'__M'),(189596805,6,'__C'),(189596806,6,'__M'),(189596807,6,'__M'),(189596808,6,'__C'),(189596809,6,'__M'),(189596810,6,'__M'),(189596811,6,'__C'),(189596812,6,'__M'),(189596813,6,'__C'),(189596814,6,'__C'),(189596815,6,'__M'),(189596816,6,'__M'),(189596817,6,'__M'),(189596818,6,'__C'),(189596819,6,'__C'),(189596820,6,'__M'),(189596821,6,'__M'),(189596822,6,'__C'),(189596823,6,'__M'),(189596824,6,'__M'),(189596825,6,'__M'),(189596826,6,'__M'),(189596827,6,'__C'),(189596828,6,'__M'),(189596829,6,'__C'),(189596830,6,'__M'),(189596831,6,'__M'),(189596832,6,'__C'),(189596833,6,'__C'),(189596834,6,'__M');