Date,SSS
2010/11/24 18:15:33,34.871
2010/11/24 18:16:36,34.871
2010/11/24 18:17:45,34.871
2010/11/24 18:18:51,34.871
2010/11/24 18:19:56,34.871
2010/11/24 18:20:58,34.871
2010/11/24 18:22:01,34.871
2010/11/24 18:23:05,34.871
2010/11/24 18:24:09,34.871
2010/11/24 18:25:15,34.871
2010/11/24 18:26:21,34.871
2010/11/24 18:27:23,34.871
2010/11/24 18:28:30,34.871
2010/11/24 18:29:35,34.871
2010/11/24 18:30:45,34.871
2010/11/24 18:31:51,34.871
2010/11/24 18:32:51,34.871
2010/11/24 18:34:00,34.871
2010/11/24 18:35:08,34.871
2010/11/24 19:12:32,34.871
2010/11/24 19:13:36,34.871
2010/11/24 19:14:42,34.871
2010/11/24 19:15:42,34.871
2010/11/24 19:16:42,34.871
2010/11/24 19:17:45,34.871
2010/11/24 19:18:48,34.871
2010/11/24 19:19:52,34.871
2010/11/24 19:20:57,34.871
2010/11/24 19:22:04,34.871
2010/11/24 19:23:08,34.871
2010/11/24 19:24:12,34.871
2010/11/24 19:25:14,34.871
2010/11/24 19:26:19,34.871
2010/11/24 19:27:28,34.871
2010/11/24 19:28:32,34.871
2010/11/24 19:29:39,34.871
2010/11/24 19:30:42,34.871
2010/11/24 19:31:44,34.871
2010/11/24 21:20:31,34.931
2010/11/24 21:21:33,34.931
2010/11/24 21:22:36,34.931
2010/11/24 21:23:41,34.931
2010/11/24 21:24:42,34.931
2010/11/24 21:25:43,34.931
2010/11/24 21:26:45,34.931
2010/11/24 21:27:50,34.931
2010/11/24 21:28:55,34.931
2010/11/24 21:29:58,34.931
2010/11/24 21:31:01,34.931
2010/11/24 21:32:06,34.931
2010/11/24 21:33:07,34.931
2010/11/24 21:34:07,34.931
2010/11/25 00:21:15,35.138
2010/11/25 00:22:18,35.233
2010/11/25 00:23:27,35.233
2010/11/25 00:24:35,35.233
2010/11/25 00:25:39,35.233
2010/11/25 00:26:40,35.233
2010/11/25 00:27:43,35.233
2010/11/25 00:28:49,35.233
2010/11/25 00:29:56,35.233
2010/11/25 00:31:00,35.233
2010/11/25 00:32:04,35.233
2010/11/25 00:33:13,35.233
2010/11/25 00:34:11,35.233
2010/11/25 00:35:21,35.233
2010/11/25 00:36:27,35.233
2010/11/25 00:37:24,35.233
2010/11/25 00:38:28,35.233
2010/11/25 00:39:33,35.233
2010/11/25 00:40:38,35.233
2010/11/25 01:17:32,35.233
2010/11/25 01:18:33,35.233
2010/11/25 01:19:30,35.233
2010/11/25 01:20:38,35.233
2010/11/25 01:21:42,35.233
2010/11/25 01:22:50,35.233
2010/11/25 01:23:53,35.233
2010/11/25 01:24:59,35.233
2010/11/25 01:26:05,35.233
2010/11/25 01:27:05,35.233
2010/11/25 01:28:07,35.233
2010/11/25 01:29:14,35.233
2010/11/25 01:30:20,35.233
2010/11/25 01:31:32,35.233
2010/11/25 01:32:41,35.233
2010/11/25 01:33:43,35.233
2010/11/25 01:34:44,35.233
2010/11/25 01:35:47,35.233
2010/11/25 01:36:51,35.233
2010/11/25 02:22:55,35.301
2010/11/25 02:23:58,35.301
2010/11/25 02:25:05,35.301
2010/11/25 02:26:08,35.301
2010/11/25 02:27:13,35.301
2010/11/25 02:28:19,35.301
2010/11/25 02:29:22,35.301
2010/11/25 02:30:26,35.301
2010/11/25 02:31:31,35.301
2010/11/25 02:32:33,35.301
2010/11/25 02:33:38,35.301
2010/11/25 02:34:45,35.301
2010/11/25 02:35:47,35.301
2010/11/25 02:36:48,35.301
2010/11/25 02:37:50,35.301
2010/11/25 02:38:53,35.301
2010/11/25 02:39:58,35.301
2010/11/25 02:41:01,35.301
2010/11/25 02:42:08,35.301
2010/11/25 03:19:41,35.301
2010/11/25 03:20:50,35.301
2010/11/25 03:21:50,35.301
2010/11/25 03:22:47,35.301
2010/11/25 03:23:50,35.301
2010/11/25 03:24:56,35.301
2010/11/25 03:25:57,35.301
2010/11/25 03:27:01,35.301
2010/11/25 03:28:06,35.301
2010/11/25 03:29:15,35.301
2010/11/25 03:30:21,35.301
2010/11/25 03:31:19,35.301
2010/11/25 03:32:21,35.301
2010/11/25 03:33:28,35.301
2010/11/25 03:34:25,35.301
2010/11/25 03:35:26,35.301
2010/11/25 03:36:32,35.301
2010/11/25 03:37:36,35.301
2010/11/25 03:38:36,35.301
2010/11/25 04:25:16,35.301
2010/11/25 04:26:21,35.301
2010/11/25 04:27:25,35.301
2010/11/25 04:28:30,35.301
2010/11/25 04:29:35,35.321
2010/11/25 04:30:42,35.321
2010/11/25 04:31:46,35.321
2010/11/25 04:32:51,35.321
2010/11/25 04:34:00,35.321
2010/11/25 04:35:01,35.321
2010/11/25 04:36:04,35.321
2010/11/25 04:37:08,35.321
2010/11/25 04:38:15,35.321
2010/11/25 04:39:26,35.321
2010/11/25 04:40:24,35.321
2010/11/25 04:41:19,35.321
2010/11/25 04:42:23,35.321
2010/11/25 04:43:30,35.321
2010/11/25 04:44:32,35.321
2010/11/25 05:21:13,35.321
2010/11/25 05:22:18,35.321
2010/11/25 05:23:21,35.321
2010/11/25 05:24:22,35.321
2010/11/25 05:25:28,35.321
2010/11/25 05:26:28,35.321
2010/11/25 05:27:35,35.321
2010/11/25 05:28:41,35.321
2010/11/25 05:29:45,35.321
2010/11/25 05:30:53,35.321
2010/11/25 05:32:01,35.321
2010/11/25 05:33:04,35.321
2010/11/25 05:34:08,35.321
2010/11/25 05:35:10,35.321
2010/11/25 05:36:10,35.321
2010/11/25 05:37:20,35.321
2010/11/25 05:38:26,35.321
2010/11/25 05:39:35,35.321
2010/11/25 05:40:37,35.321
2010/11/25 06:27:25,35.321
2010/11/25 06:28:31,35.321
2010/11/25 06:29:38,35.321
2010/11/25 06:30:38,35.321
2010/11/25 06:31:46,35.321
2010/11/25 06:32:49,35.321
2010/11/25 06:33:54,35.321
2010/11/25 06:35:01,35.321
2010/11/25 06:36:05,35.321
2010/11/25 06:37:07,35.321
2010/11/25 06:38:12,35.321
2010/11/25 06:39:15,35.321
2010/11/25 06:40:16,35.321
2010/11/25 06:41:19,35.321
2010/11/25 06:42:17,35.321
2010/11/25 06:43:25,35.321
2010/11/25 06:44:28,35.321
2010/11/25 06:45:29,35.388
2010/11/25 06:46:32,35.386
2010/11/25 07:23:51,35.386
2010/11/25 07:24:53,35.386
2010/11/25 07:25:59,35.386
2010/11/25 07:27:04,35.386
2010/11/25 07:28:09,35.386
2010/11/25 07:29:13,35.386
2010/11/25 07:30:20,35.386
2010/11/25 07:31:24,35.386
2010/11/25 07:32:30,35.386
2010/11/25 07:33:33,35.386
2010/11/25 07:34:37,35.386
2010/11/25 07:35:42,35.386
2010/11/25 07:36:41,35.386
2010/11/25 07:37:41,35.386
2010/11/25 07:38:43,35.386
2010/11/25 07:39:46,35.386
2010/11/25 07:40:50,35.386
2010/11/25 07:41:51,35.386
2010/11/25 07:42:53,35.386
2010/11/25 08:29:10,35.386
2010/11/25 08:30:18,35.386
2010/11/25 08:31:19,35.386
2010/11/25 08:32:25,35.386
2010/11/25 08:33:31,35.386
2010/11/25 08:34:41,35.386
2010/11/25 08:35:53,35.386
2010/11/25 08:36:57,35.386
2010/11/25 08:38:03,35.386
2010/11/25 08:39:11,35.386
2010/11/25 08:40:15,35.386
2010/11/25 08:41:21,35.386
2010/11/25 08:42:22,35.386
2010/11/25 08:43:25,35.386
2010/11/25 08:44:29,35.386
2010/11/25 08:45:33,35.386
2010/11/25 08:46:37,35.386
2010/11/25 08:47:42,35.386
2010/11/25 08:48:48,35.386
2010/11/25 09:26:07,35.408
2010/11/25 09:27:14,35.408
2010/11/25 09:28:19,35.408
2010/11/25 09:29:25,35.408
2010/11/25 09:30:29,35.408
2010/11/25 09:31:32,35.408
2010/11/25 09:32:34,35.408
2010/11/25 09:33:36,35.408
2010/11/25 09:34:40,35.408
2010/11/25 09:35:48,35.408
2010/11/25 09:36:51,35.408
2010/11/25 09:37:55,35.408
2010/11/25 09:39:01,35.408
2010/11/25 09:40:03,35.408
2010/11/25 09:41:05,35.408
2010/11/25 09:42:03,35.408
2010/11/25 09:43:08,35.408
2010/11/25 09:44:12,35.408
2010/11/25 09:45:16,35.408
2010/11/25 10:32:08,35.408
2010/11/25 10:33:11,35.408
2010/11/25 10:34:26,35.408
2010/11/25 10:35:34,35.408
2010/11/25 10:36:42,35.408
2010/11/25 10:37:47,35.408
2010/11/25 10:38:51,35.408
2010/11/25 10:39:51,35.408
2010/11/25 10:40:52,35.408
2010/11/25 10:41:52,35.408
2010/11/25 10:42:52,35.408
2010/11/25 10:43:50,35.408
2010/11/25 10:44:59,35.408
2010/11/25 10:46:01,35.408
2010/11/25 10:47:04,35.408
2010/11/25 10:48:11,35.408
2010/11/25 10:49:14,35.408
2010/11/25 10:50:16,35.408
2010/11/25 10:51:19,35.408
2010/11/25 11:29:01,35.408
2010/11/25 11:30:08,35.408
2010/11/25 11:31:11,35.408
2010/11/25 11:32:13,35.408
2010/11/25 11:33:18,35.408
2010/11/25 11:34:20,35.408
2010/11/25 11:35:25,35.408
2010/11/25 11:36:37,35.408
2010/11/25 11:37:37,35.49
2010/11/25 11:38:43,35.49
2010/11/25 11:39:45,35.49
2010/11/25 11:40:51,35.518
2010/11/25 11:41:58,35.518
2010/11/25 11:43:02,35.518
2010/11/25 11:44:13,35.518
2010/11/25 11:45:16,35.518
2010/11/25 11:46:21,35.518
2010/11/25 11:47:22,35.518
2010/11/25 11:48:26,35.518
2010/11/25 12:34:57,35.518
2010/11/25 12:36:03,35.518
2010/11/25 12:37:10,35.518
2010/11/25 12:38:18,35.518
2010/11/25 12:39:19,35.518
2010/11/25 12:40:26,35.518
2010/11/25 12:41:29,35.518
2010/11/25 12:42:36,35.518
2010/11/25 12:43:47,35.518
2010/11/25 12:44:52,35.518
2010/11/25 12:46:01,35.518
2010/11/25 12:47:12,35.518
2010/11/25 12:48:21,35.518
2010/11/25 12:49:23,35.518
2010/11/25 12:50:25,35.518
2010/11/25 12:51:29,35.518
2010/11/25 12:52:27,35.518
2010/11/25 12:53:33,35.518
2010/11/25 12:54:35,35.518
2010/11/25 13:31:38,35.518
2010/11/25 13:32:44,35.518
2010/11/25 13:33:47,35.518
2010/11/25 13:34:50,35.518
2010/11/25 13:35:50,35.518
2010/11/25 13:36:52,35.518
2010/11/25 13:37:59,35.518
2010/11/25 13:39:05,35.518
2010/11/25 13:40:14,35.518
2010/11/25 13:41:21,35.518
2010/11/25 13:42:23,35.518
2010/11/25 13:43:30,35.518
2010/11/25 13:44:34,35.518
2010/11/25 13:45:35,35.518
2010/11/25 13:46:40,35.518
2010/11/25 13:47:50,35.518
2010/11/25 13:48:56,35.518
2010/11/25 13:50:01,35.518
2010/11/25 13:51:04,35.518
2010/11/25 14:37:04,35.544
2010/11/25 14:38:05,35.544
2010/11/25 14:39:10,35.544
2010/11/25 14:40:16,35.544
2010/11/25 14:41:19,35.544
2010/11/25 14:42:24,35.544
2010/11/25 14:43:28,35.544
2010/11/25 14:44:27,35.544
2010/11/25 14:45:29,35.544
2010/11/25 14:46:34,35.544
2010/11/25 14:47:38,35.544
2010/11/25 14:48:35,35.544
2010/11/25 14:49:33,35.544
2010/11/25 14:50:31,35.544
2010/11/25 14:51:25,35.544
2010/11/25 14:52:31,35.544
2010/11/25 14:53:26,35.544
2010/11/25 14:54:30,35.544
2010/11/25 14:55:35,35.544
2010/11/25 15:32:23,35.544
2010/11/25 15:33:26,35.544
2010/11/25 15:34:26,35.544
2010/11/25 15:35:25,35.544
2010/11/25 15:36:18,35.544
2010/11/25 15:37:24,35.544
2010/11/25 15:38:30,35.544
2010/11/25 15:39:32,35.544
2010/11/25 15:40:35,35.544
2010/11/25 15:41:40,35.544
2010/11/25 15:42:44,35.544
2010/11/25 15:43:50,35.544
2010/11/25 15:44:56,35.544
2010/11/25 15:46:01,35.544
2010/11/25 15:47:08,35.544
2010/11/25 15:48:11,35.544
2010/11/25 15:49:17,35.544
2010/11/25 15:50:27,35.544
2010/11/25 15:51:31,35.544
2010/11/25 16:38:04,35.598
2010/11/25 16:39:08,35.598
2010/11/25 16:40:09,35.598
2010/11/25 16:41:15,35.598
2010/11/25 16:42:17,35.598
2010/11/25 16:43:19,35.598
2010/11/25 16:44:15,35.598
2010/11/25 16:45:21,35.598
2010/11/25 16:46:22,35.598
2010/11/25 16:47:27,35.598
2010/11/25 16:48:32,35.598
2010/11/25 16:49:27,35.617
2010/11/25 16:50:26,35.617
2010/11/25 16:51:31,35.617
2010/11/25 16:52:38,35.617
2010/11/25 16:53:41,35.617
2010/11/25 16:54:40,35.617
2010/11/25 16:55:44,35.617
2010/11/25 16:56:45,35.617
2010/11/25 17:33:32,35.617
2010/11/25 17:34:37,35.617
2010/11/25 17:35:40,35.617
2010/11/25 17:36:44,35.617
2010/11/25 17:37:52,35.617
2010/11/25 17:38:48,35.617
2010/11/25 17:39:56,35.617
2010/11/25 17:41:02,35.617
2010/11/25 17:42:05,35.617
2010/11/25 17:43:12,35.617
2010/11/25 17:44:15,35.617
2010/11/25 17:45:18,35.617
2010/11/25 17:46:23,35.617
2010/11/25 17:47:28,35.617
2010/11/25 17:48:33,35.617
2010/11/25 17:49:32,35.617
2010/11/25 17:50:40,35.617
2010/11/25 17:51:41,35.617
2010/11/25 17:52:40,35.617
2010/11/25 18:39:12,35.617
2010/11/25 18:40:12,35.617
2010/11/25 18:41:18,35.617
2010/11/25 18:42:16,35.617
2010/11/25 18:43:24,35.617
2010/11/25 18:44:26,35.617
2010/11/25 18:45:30,35.617
2010/11/25 18:46:33,35.617
2010/11/25 18:47:38,35.617
2010/11/25 18:48:40,35.617
2010/11/25 18:49:44,35.617
2010/11/25 18:50:46,35.617
2010/11/25 18:51:41,35.617
2010/11/25 18:52:47,35.617
2010/11/25 18:53:53,35.617
2010/11/25 18:54:59,35.617
2010/11/25 18:56:05,35.617
2010/11/25 18:57:07,35.617
2010/11/25 18:58:02,35.617
2010/11/25 19:35:23,35.635
2010/11/25 19:36:30,35.635
2010/11/25 19:37:34,35.635
2010/11/25 19:38:37,35.635
2010/11/25 19:39:48,35.635
2010/11/25 19:40:54,35.635
2010/11/25 19:41:58,35.635
2010/11/25 19:43:01,35.635
2010/11/25 19:44:06,35.635
2010/11/25 19:45:14,35.635
2010/11/25 19:46:17,35.635
2010/11/25 19:47:22,35.635
2010/11/25 19:48:27,35.635
2010/11/25 19:49:31,35.635
2010/11/25 19:50:36,35.635
2010/11/25 19:51:41,35.635
2010/11/25 19:52:44,35.635
2010/11/25 19:53:50,35.635
2010/11/25 19:55:00,35.635
2010/11/25 20:42:31,35.635
2010/11/25 20:43:39,35.635
2010/11/25 20:44:41,35.635
2010/11/25 20:45:45,35.635
2010/11/25 20:46:41,35.635
2010/11/25 20:47:42,35.635
2010/11/25 20:48:46,35.635
2010/11/25 20:49:52,35.635
2010/11/25 20:50:57,35.635
2010/11/25 20:52:00,35.635
2010/11/25 20:53:06,35.635
2010/11/25 20:54:14,35.635
2010/11/25 20:55:19,35.635
2010/11/25 20:56:24,35.635
2010/11/25 20:57:32,35.635
2010/11/25 20:58:39,35.635
2010/11/25 20:59:46,35.635
2010/11/25 21:00:50,35.635
2010/11/25 21:01:57,35.635
2010/11/25 21:39:50,35.665
2010/11/25 21:40:56,35.665
2010/11/25 21:42:01,35.665
2010/11/25 21:43:10,35.665
2010/11/25 21:44:12,35.665
2010/11/25 21:45:16,35.665
2010/11/25 21:46:21,35.665
2010/11/25 21:47:23,35.665
2010/11/25 21:48:31,35.665
2010/11/25 21:49:36,35.665
2010/11/25 21:50:40,35.665
2010/11/25 21:51:47,35.665
2010/11/25 21:52:53,35.665
2010/11/25 21:53:55,35.665
2010/11/25 21:54:59,35.665
2010/11/25 21:56:05,35.665
2010/11/25 21:57:08,35.665
2010/11/25 21:58:12,35.665
2010/11/25 21:59:10,35.665
2010/11/25 22:47:01,35.68
2010/11/25 22:48:06,35.68
2010/11/25 22:49:14,35.68
2010/11/25 22:50:19,35.68
2010/11/25 22:51:28,35.68
2010/11/25 22:52:33,35.68
2010/11/25 22:53:36,35.68
2010/11/25 22:54:43,35.68
2010/11/25 22:55:46,35.68
2010/11/25 22:56:56,35.68
2010/11/25 22:58:01,35.68
2010/11/25 22:59:10,35.68
2010/11/25 23:00:17,35.68
2010/11/25 23:01:24,35.68
2010/11/25 23:02:28,35.68
2010/11/25 23:03:36,35.68
2010/11/25 23:04:38,35.68
2010/11/25 23:05:43,35.68
2010/11/25 23:06:44,35.68
2010/11/25 23:44:20,35.68
2010/11/25 23:45:26,35.68
2010/11/25 23:46:30,35.68
2010/11/25 23:47:36,35.68
2010/11/25 23:48:41,35.68
2010/11/25 23:49:47,35.68
2010/11/25 23:50:51,35.68
2010/11/25 23:51:54,35.68
2010/11/25 23:52:59,35.68
2010/11/25 23:54:03,35.68
2010/11/25 23:55:12,35.68
2010/11/25 23:56:17,35.68
2010/11/25 23:57:24,35.68
2010/11/25 23:58:28,35.68
2010/11/25 23:59:31,35.68
2010/11/26 00:00:30,35.68
2010/11/26 00:01:34,35.68
2010/11/26 00:02:39,35.68
2010/11/26 00:03:47,35.68
2010/11/26 00:51:30,35.688
2010/11/26 00:52:41,35.688
2010/11/26 00:53:47,35.688
2010/11/26 00:54:51,35.688
2010/11/26 00:56:00,35.688
2010/11/26 00:57:03,35.688
2010/11/26 00:58:05,35.688
2010/11/26 00:59:08,35.688
2010/11/26 01:00:09,35.688
2010/11/26 01:01:16,35.688
2010/11/26 01:02:26,35.688
2010/11/26 01:03:28,35.688
2010/11/26 01:04:35,35.688
2010/11/26 01:05:38,35.688
2010/11/26 01:06:42,35.688
2010/11/26 01:07:48,35.688
2010/11/26 01:09:00,35.688
2010/11/26 01:10:07,35.688
2010/11/26 01:11:09,35.688
2010/11/26 01:48:50,35.688
2010/11/26 01:49:52,35.688
2010/11/26 01:50:58,35.688
2010/11/26 01:52:02,35.688
2010/11/26 01:53:07,35.688
2010/11/26 01:54:17,35.688
2010/11/26 01:55:12,35.688
2010/11/26 01:56:11,35.688
2010/11/26 01:57:13,35.688
2010/11/26 01:58:19,35.688
2010/11/26 01:59:25,35.688
2010/11/26 02:00:31,35.688
2010/11/26 02:01:39,35.688
2010/11/26 02:02:45,35.688
2010/11/26 02:03:52,35.688
2010/11/26 02:04:59,35.688
2010/11/26 02:06:04,35.688
2010/11/26 02:07:07,35.688
2010/11/26 02:08:16,35.688
2010/11/26 02:56:08,35.721
2010/11/26 02:57:14,35.721
2010/11/26 02:58:20,35.721
2010/11/26 02:59:26,35.721
2010/11/26 03:00:31,35.721
2010/11/26 03:01:39,35.721
2010/11/26 03:02:38,35.721
2010/11/26 03:03:42,35.721
2010/11/26 03:04:44,35.721
2010/11/26 03:05:52,35.721
2010/11/26 03:06:57,35.721
2010/11/26 03:08:04,35.721
2010/11/26 03:09:10,35.727
2010/11/26 03:10:14,35.727
2010/11/26 03:11:16,35.727
2010/11/26 03:12:19,35.727
2010/11/26 03:13:19,35.727
2010/11/26 03:14:19,35.727
2010/11/26 03:15:17,35.727
2010/11/26 03:53:00,35.727
2010/11/26 03:54:06,35.727
2010/11/26 03:55:12,35.727
2010/11/26 03:56:17,35.727
2010/11/26 03:57:22,35.727
2010/11/26 03:58:26,35.727
2010/11/26 03:59:32,35.727
2010/11/26 04:00:30,35.727
2010/11/26 04:01:29,35.727
2010/11/26 04:02:28,35.727
2010/11/26 04:03:35,35.727
2010/11/26 04:04:40,35.727
2010/11/26 04:05:46,35.727
2010/11/26 04:06:54,35.727
2010/11/26 04:07:50,35.727
2010/11/26 04:08:49,35.727
2010/11/26 04:09:52,35.727
2010/11/26 04:10:53,35.727
2010/11/26 04:11:56,35.727
2010/11/26 04:59:20,35.727
2010/11/26 05:00:22,35.727
2010/11/26 05:01:27,35.727
2010/11/26 05:02:34,35.727
2010/11/26 05:03:38,35.727
2010/11/26 05:04:32,35.727
2010/11/26 05:05:31,35.727
2010/11/26 05:06:37,35.727
2010/11/26 05:07:36,35.727
2010/11/26 05:08:39,35.727
2010/11/26 05:09:43,35.727
2010/11/26 05:10:48,35.727
2010/11/26 05:11:52,35.727
2010/11/26 05:12:57,35.727
2010/11/26 05:14:03,35.727
2010/11/26 05:15:12,35.727
2010/11/26 05:16:15,35.727
2010/11/26 05:17:23,35.727
2010/11/26 05:18:30,35.727
2010/11/26 05:55:24,35.734
2010/11/26 05:56:32,35.734
2010/11/26 05:57:39,35.734
2010/11/26 05:58:44,35.734
2010/11/26 05:59:48,35.734
2010/11/26 06:00:54,35.734
2010/11/26 06:01:58,35.734
2010/11/26 06:03:01,35.734
2010/11/26 06:04:07,35.734
2010/11/26 06:05:16,35.734
2010/11/26 06:06:24,35.734
2010/11/26 06:07:27,35.734
2010/11/26 06:08:34,35.734
2010/11/26 06:09:37,35.734
2010/11/26 06:10:41,35.734
2010/11/26 06:11:45,35.734
2010/11/26 06:12:49,35.734
2010/11/26 06:13:49,35.734
2010/11/26 06:14:51,35.734
2010/11/26 07:02:19,35.778
2010/11/26 07:03:22,35.778
2010/11/26 07:04:28,35.778
2010/11/26 07:05:37,35.778
2010/11/26 07:06:41,35.778
2010/11/26 07:07:43,35.778
2010/11/26 07:08:50,35.778
2010/11/26 07:09:56,35.778
2010/11/26 07:11:01,35.778
2010/11/26 07:12:06,35.778
2010/11/26 07:13:09,35.778
2010/11/26 07:14:14,35.778
2010/11/26 07:15:14,35.778
2010/11/26 07:16:17,35.778
2010/11/26 07:17:24,35.778
2010/11/26 07:18:20,35.778
2010/11/26 07:19:28,35.778
2010/11/26 07:20:32,35.778
2010/11/26 07:21:39,35.778
2010/11/26 07:59:13,35.778
2010/11/26 08:00:18,35.778
2010/11/26 08:01:23,35.778
2010/11/26 08:02:28,35.778
2010/11/26 08:03:34,35.778
2010/11/26 08:04:42,35.778
2010/11/26 08:05:47,35.778
2010/11/26 08:06:52,35.778
2010/11/26 08:08:00,35.778
2010/11/26 08:09:06,35.778
2010/11/26 08:10:13,35.778
2010/11/26 08:11:18,35.778
2010/11/26 08:12:23,35.778
2010/11/26 08:13:27,35.778
2010/11/26 08:14:30,35.778
2010/11/26 08:15:32,35.778
2010/11/26 08:16:35,35.778
2010/11/26 08:17:42,35.778
2010/11/26 08:18:49,35.778
2010/11/26 09:05:36,35.79
2010/11/26 09:06:34,35.79
2010/11/26 09:07:37,35.79
2010/11/26 09:08:39,35.79
2010/11/26 09:09:47,35.79
2010/11/26 09:10:46,35.79
2010/11/26 09:11:48,35.79
2010/11/26 09:12:51,35.79
2010/11/26 09:13:55,35.79
2010/11/26 09:14:57,35.79
2010/11/26 09:16:00,35.79
2010/11/26 09:17:06,35.79
2010/11/26 09:18:13,35.79
2010/11/26 09:19:13,35.79
2010/11/26 09:20:18,35.79
2010/11/26 09:21:21,35.79
2010/11/26 09:22:20,35.79
2010/11/26 09:23:27,35.79
2010/11/26 09:24:32,35.79
2010/11/26 10:01:49,35.79
2010/11/26 10:02:55,35.79
2010/11/26 10:04:00,35.79
2010/11/26 10:05:06,35.79
2010/11/26 10:06:06,35.79
2010/11/26 10:07:08,35.79
2010/11/26 10:08:17,35.79
2010/11/26 10:09:25,35.79
2010/11/26 10:10:28,35.79
2010/11/26 10:11:34,35.79
2010/11/26 10:12:38,35.79
2010/11/26 10:13:47,35.79
2010/11/26 10:14:51,35.79
2010/11/26 10:15:54,35.79
2010/11/26 10:16:59,35.79
2010/11/26 10:18:01,35.79
2010/11/26 10:19:06,35.79
2010/11/26 10:20:09,35.79
2010/11/26 10:21:11,35.79
2010/11/26 11:07:22,35.804
2010/11/26 11:08:25,35.804
2010/11/26 11:09:29,35.804
2010/11/26 11:10:29,35.804
2010/11/26 11:11:28,35.804
2010/11/26 11:12:35,35.804
2010/11/26 11:13:41,35.804
2010/11/26 11:14:38,35.804
2010/11/26 11:15:43,35.804
2010/11/26 11:16:50,35.804
2010/11/26 11:17:52,35.804
2010/11/26 11:18:52,35.804
2010/11/26 11:19:56,35.804
2010/11/26 11:21:03,35.804
2010/11/26 11:22:03,35.804
2010/11/26 11:23:08,35.804
2010/11/26 11:24:06,35.804
2010/11/26 11:25:11,35.804
2010/11/26 11:26:17,35.804
2010/11/26 12:03:00,35.865
2010/11/26 12:04:02,35.865
2010/11/26 12:05:07,35.865
2010/11/26 12:06:05,35.865
2010/11/26 12:07:08,35.865
2010/11/26 12:08:10,35.865
2010/11/26 12:09:15,35.865
2010/11/26 12:10:20,35.865
2010/11/26 12:11:22,35.865
2010/11/26 12:12:23,35.865
2010/11/26 12:13:23,35.865
2010/11/26 12:14:31,35.865
2010/11/26 12:15:36,35.865
2010/11/26 12:16:42,35.865
2010/11/26 12:17:45,35.865
2010/11/26 12:18:51,35.865
2010/11/26 12:19:50,35.865
2010/11/26 12:20:55,35.865
2010/11/26 12:21:58,35.865
2010/11/26 13:07:44,35.865
2010/11/26 13:08:49,35.865
2010/11/26 13:09:59,35.865
2010/11/26 13:11:00,35.865
2010/11/26 13:12:01,35.865
2010/11/26 13:13:06,35.865
2010/11/26 13:14:13,35.865
2010/11/26 13:15:20,35.865
2010/11/26 13:16:20,35.865
2010/11/26 13:17:29,35.865
2010/11/26 13:18:35,35.865
2010/11/26 13:19:44,35.865
2010/11/26 13:20:53,35.865
2010/11/26 13:22:01,35.865
2010/11/26 13:23:06,35.865
2010/11/26 13:24:07,35.865
2010/11/26 13:25:09,35.865
2010/11/26 13:26:14,35.865
2010/11/26 13:27:09,35.865
2010/11/26 14:03:08,35.881
2010/11/26 14:04:09,35.881
2010/11/26 14:05:13,35.881
2010/11/26 14:06:21,35.881
2010/11/26 14:07:23,35.881
2010/11/26 14:08:27,35.881
2010/11/26 14:09:33,35.881
2010/11/26 14:10:33,35.881
2010/11/26 14:11:38,35.881
2010/11/26 14:12:46,35.881
2010/11/26 14:13:53,35.881
2010/11/26 14:14:59,35.881
2010/11/26 14:16:02,35.881
2010/11/26 14:16:59,35.881
2010/11/26 14:18:05,35.881
2010/11/26 14:19:16,35.881
2010/11/26 14:20:28,35.881
2010/11/26 14:21:27,35.881
2010/11/26 14:22:29,35.881
2010/11/26 15:08:57,35.881
2010/11/26 15:09:59,35.881
2010/11/26 15:11:06,35.881
2010/11/26 15:12:09,35.881
2010/11/26 15:13:10,35.881
2010/11/26 15:14:14,35.881
2010/11/26 15:15:19,35.881
2010/11/26 15:16:28,35.881
2010/11/26 15:17:34,35.881
2010/11/26 15:18:37,35.881
2010/11/26 15:19:41,35.881
2010/11/26 15:20:46,35.881
2010/11/26 15:21:48,35.881
2010/11/26 15:22:52,35.881
2010/11/26 15:23:54,35.881
2010/11/26 15:25:01,35.881
2010/11/26 15:26:09,35.881
2010/11/26 15:27:11,35.881
2010/11/26 15:28:14,35.881
2010/11/26 16:04:21,35.881
2010/11/26 16:05:21,35.881
2010/11/26 16:06:24,35.881
2010/11/26 16:07:28,35.881
2010/11/26 16:08:27,35.881
2010/11/26 16:09:25,35.881
2010/11/26 16:10:26,35.881
2010/11/26 16:11:28,35.881
2010/11/26 16:12:21,35.881
2010/11/26 16:13:19,35.881
2010/11/26 16:14:15,35.881
2010/11/26 16:15:19,35.881
2010/11/26 16:16:19,35.881
2010/11/26 16:17:19,35.881
2010/11/26 16:18:19,35.881
2010/11/26 16:19:20,35.881
2010/11/26 16:20:16,35.881
2010/11/26 16:21:16,35.881
2010/11/26 16:22:19,35.881
2010/11/26 17:08:37,35.971
2010/11/26 17:09:39,35.971
2010/11/26 17:10:42,35.971
2010/11/26 17:11:45,35.971
2010/11/26 17:12:50,35.971
2010/11/26 17:13:53,35.971
2010/11/26 17:15:02,35.971
2010/11/26 17:16:04,35.971
2010/11/26 17:17:07,35.971
2010/11/26 17:18:13,35.971
2010/11/26 17:19:15,35.971
2010/11/26 17:20:17,35.971
2010/11/26 17:21:22,35.971
2010/11/26 17:22:28,35.971
2010/11/26 17:23:29,35.971
2010/11/26 17:24:36,35.971
2010/11/26 17:25:39,35.971
2010/11/26 17:26:43,35.971
2010/11/26 17:27:45,35.971
2010/11/26 18:02:35,35.971
2010/11/26 18:03:30,35.971
2010/11/26 18:04:30,35.971
2010/11/26 18:05:35,35.971
2010/11/26 18:06:33,35.971
2010/11/26 18:07:33,35.971
2010/11/26 18:08:34,35.971
2010/11/26 18:09:35,35.971
2010/11/26 18:10:35,35.971
2010/11/26 18:11:45,35.971
2010/11/26 18:12:50,35.971
2010/11/26 18:13:52,35.971
2010/11/26 18:14:53,35.971
2010/11/26 18:16:01,35.971
2010/11/26 18:17:10,35.971
2010/11/26 18:18:18,35.971
2010/11/26 18:19:17,35.971
2010/11/26 18:20:21,35.971
2010/11/26 18:21:23,35.971
2010/11/26 19:08:47,35.971
2010/11/26 19:09:55,35.971
2010/11/26 19:10:59,35.971
2010/11/26 19:11:59,35.971
2010/11/26 19:12:56,35.971
2010/11/26 19:13:58,35.971
2010/11/26 19:15:04,35.971
2010/11/26 19:16:10,35.971
2010/11/26 19:17:14,35.978
2010/11/26 19:18:13,35.978
2010/11/26 19:19:19,35.978
2010/11/26 19:20:27,35.978
2010/11/26 19:21:33,35.978
2010/11/26 19:22:40,35.978
2010/11/26 19:23:39,35.978
2010/11/26 19:24:36,35.978
2010/11/26 19:25:41,35.978
2010/11/26 19:26:48,35.978
2010/11/26 19:27:47,35.978
2010/11/26 20:04:29,35.978
2010/11/26 20:05:36,35.978
2010/11/26 20:06:38,35.978
2010/11/26 20:07:43,35.978
2010/11/26 20:08:44,35.978
2010/11/26 20:09:49,35.978
2010/11/26 20:10:50,35.978
2010/11/26 20:11:50,35.978
2010/11/26 20:12:55,35.978
2010/11/26 20:14:01,35.978
2010/11/26 20:15:07,35.978
2010/11/26 20:16:05,35.978
2010/11/26 20:17:12,35.978
2010/11/26 20:18:13,35.978
2010/11/26 20:19:16,35.978
2010/11/26 20:20:23,35.978
2010/11/26 20:21:30,35.978
2010/11/26 20:22:36,35.978
2010/11/26 20:23:40,35.978
2010/11/26 21:10:32,35.978
2010/11/26 21:11:35,35.978
2010/11/26 21:12:35,35.978
2010/11/26 21:13:36,35.978
2010/11/26 21:14:41,35.978
2010/11/26 21:15:47,35.978
2010/11/26 21:16:50,35.978
2010/11/26 21:17:49,35.978
2010/11/26 21:18:49,35.978
2010/11/26 21:19:48,35.978
2010/11/26 21:20:53,35.978
2010/11/26 21:22:01,35.978
2010/11/26 21:23:05,35.978
2010/11/26 21:24:09,35.978
2010/11/26 21:25:08,35.978
2010/11/26 21:26:10,35.978
2010/11/26 21:27:14,35.978
2010/11/26 21:28:12,35.978
2010/11/26 21:29:09,35.978
2010/11/26 22:06:16,36.053
2010/11/26 22:07:24,36.053
2010/11/26 22:08:27,36.054
2010/11/26 22:09:31,36.054
2010/11/26 22:10:33,36.054
2010/11/26 22:11:39,36.054
2010/11/26 22:12:42,36.054
2010/11/26 22:13:44,36.054
2010/11/26 22:14:50,36.054
2010/11/26 22:15:55,36.054
2010/11/26 22:16:57,36.054
2010/11/26 22:18:05,36.054
2010/11/26 22:19:13,36.054
2010/11/26 22:20:18,36.054
2010/11/26 22:21:19,36.054
2010/11/26 22:22:23,36.054
2010/11/26 22:23:22,36.054
2010/11/26 22:24:25,36.054
2010/11/26 22:25:29,36.054
2010/11/26 23:11:42,36.054
2010/11/26 23:12:45,36.054
2010/11/26 23:13:54,36.054
2010/11/26 23:14:55,36.054
2010/11/26 23:16:01,36.054
2010/11/26 23:17:07,36.054
2010/11/26 23:18:08,36.054
2010/11/26 23:19:11,36.054
2010/11/26 23:20:18,36.054
2010/11/26 23:21:23,36.054
2010/11/26 23:22:23,36.054
2010/11/26 23:23:25,36.054
2010/11/26 23:24:29,36.054
2010/11/26 23:25:31,36.054
2010/11/26 23:26:34,36.054
2010/11/26 23:27:39,36.054
2010/11/26 23:28:44,36.054
2010/11/26 23:29:53,36.054
2010/11/26 23:30:52,36.054
2010/11/27 00:07:10,36.054
2010/11/27 00:08:10,36.054
2010/11/27 00:09:11,36.054
2010/11/27 00:10:20,36.054
2010/11/27 00:11:22,36.054
2010/11/27 00:12:25,36.054
2010/11/27 00:13:32,36.054
2010/11/27 00:14:31,36.054
2010/11/27 00:15:33,36.054
2010/11/27 00:16:36,36.054
2010/11/27 00:17:39,36.054
2010/11/27 00:18:43,36.054
2010/11/27 00:19:49,36.054
2010/11/27 00:20:46,36.054
2010/11/27 00:21:51,36.054
2010/11/27 00:22:53,36.054
2010/11/27 00:23:56,36.054
2010/11/27 00:24:59,36.054
2010/11/27 00:26:01,36.054
2010/11/27 01:14:05,36.047
2010/11/27 01:15:14,36.047
2010/11/27 01:16:18,36.047
2010/11/27 01:17:21,36.047
2010/11/27 01:18:26,36.047
2010/11/27 01:19:34,36.047
2010/11/27 01:20:37,36.047
2010/11/27 01:21:45,36.047
2010/11/27 01:22:51,36.047
2010/11/27 01:23:59,36.047
2010/11/27 01:25:00,36.047
2010/11/27 01:26:08,36.047
2010/11/27 01:27:12,36.047
2010/11/27 01:28:17,36.047
2010/11/27 01:29:23,36.047
2010/11/27 01:30:29,36.047
2010/11/27 01:31:36,36.047
2010/11/27 01:32:41,36.047
2010/11/27 01:33:46,36.047
2010/11/27 02:12:31,36.047
2010/11/27 02:13:35,36.047
2010/11/27 02:14:42,36.047
2010/11/27 02:15:51,36.047
2010/11/27 02:16:58,36.047
2010/11/27 02:18:07,36.047
2010/11/27 02:19:15,36.047
2010/11/27 02:20:23,36.047
2010/11/27 02:21:25,36.047
2010/11/27 02:22:30,36.047
2010/11/27 02:23:35,36.047
2010/11/27 02:24:42,36.047
2010/11/27 02:25:49,36.112
2010/11/27 02:26:54,36.112
2010/11/27 02:28:02,36.112
2010/11/27 02:29:03,36.112
2010/11/27 02:30:02,36.112
2010/11/27 02:31:11,36.112
2010/11/27 02:32:21,36.112
2010/11/27 03:20:42,36.112
2010/11/27 03:21:45,36.112
2010/11/27 03:22:49,36.112
2010/11/27 03:23:57,36.112
2010/11/27 03:25:02,36.112
2010/11/27 03:26:04,36.112
2010/11/27 03:27:09,36.112
2010/11/27 03:28:16,36.112
2010/11/27 03:29:20,36.112
2010/11/27 03:30:28,36.112
2010/11/27 03:31:32,36.112
2010/11/27 03:32:37,36.112
2010/11/27 03:33:43,36.112
2010/11/27 03:34:49,36.112
2010/11/27 03:35:55,36.112
2010/11/27 03:36:59,36.112
2010/11/27 03:38:05,36.112
2010/11/27 03:39:11,36.112
2010/11/27 03:40:13,36.112
2010/11/27 04:18:06,36.107
2010/11/27 04:19:11,36.107
2010/11/27 04:20:07,36.107
2010/11/27 04:21:15,36.107
2010/11/27 04:22:20,36.107
2010/11/27 04:23:26,36.107
2010/11/27 04:24:33,36.107
2010/11/27 04:25:32,36.107
2010/11/27 04:26:38,36.107
2010/11/27 04:27:44,36.107
2010/11/27 04:28:48,36.107
2010/11/27 04:29:49,36.107
2010/11/27 04:30:52,36.107
2010/11/27 04:31:57,36.107
2010/11/27 04:33:02,36.107
2010/11/27 04:34:04,36.107
2010/11/27 04:35:08,36.107
2010/11/27 04:36:13,36.107
2010/11/27 04:37:24,36.107
2010/11/27 05:25:56,36.107
2010/11/27 05:27:04,36.107
2010/11/27 05:28:09,36.107
2010/11/27 05:29:16,36.107
2010/11/27 05:30:18,36.107
2010/11/27 05:31:25,36.107
2010/11/27 05:32:27,36.107
2010/11/27 05:33:30,36.107
2010/11/27 05:34:37,36.107
2010/11/27 05:35:39,36.107
2010/11/27 05:36:47,36.107
2010/11/27 05:37:51,36.107
2010/11/27 05:38:57,36.107
2010/11/27 05:40:04,36.107
2010/11/27 05:41:12,36.107
2010/11/27 05:42:17,36.107
2010/11/27 05:43:22,36.107
2010/11/27 05:44:28,36.107
2010/11/27 05:45:33,36.107
2010/11/27 06:23:37,36.107
2010/11/27 06:24:41,36.107
2010/11/27 06:25:45,36.107
2010/11/27 06:26:56,36.107
2010/11/27 06:28:03,36.107
2010/11/27 06:29:08,36.107
2010/11/27 06:30:14,36.107
2010/11/27 06:31:19,36.107
2010/11/27 06:32:20,36.107
2010/11/27 06:33:22,36.107
2010/11/27 06:34:26,36.107
2010/11/27 06:35:31,36.107
2010/11/27 06:36:36,36.107
2010/11/27 06:37:39,36.107
2010/11/27 06:38:44,36.107
2010/11/27 06:39:48,36.107
2010/11/27 06:40:53,36.107
2010/11/27 06:41:56,36.107
2010/11/27 06:43:00,36.107
2010/11/27 07:30:27,36.164
2010/11/27 07:31:29,36.164
2010/11/27 07:32:30,36.164
2010/11/27 07:33:22,36.164
2010/11/27 07:34:23,36.164
2010/11/27 07:35:30,36.164
2010/11/27 07:36:28,36.164
2010/11/27 07:37:28,36.164
2010/11/27 07:38:29,36.164
2010/11/27 07:39:32,36.164
2010/11/27 07:40:37,36.164
2010/11/27 07:41:44,36.164
2010/11/27 07:42:47,36.164
2010/11/27 07:43:52,36.164
2010/11/27 07:44:53,36.164
2010/11/27 07:45:51,36.164
2010/11/27 07:46:57,36.164
2010/11/27 07:48:03,36.164
2010/11/27 07:49:12,36.164
2010/11/27 08:25:41,36.164
2010/11/27 08:26:42,36.164
2010/11/27 08:27:47,36.164
2010/11/27 08:28:51,36.164
2010/11/27 08:29:55,36.164
2010/11/27 08:30:59,36.164
2010/11/27 08:32:07,36.164
2010/11/27 08:33:12,36.164
2010/11/27 08:34:13,36.164
2010/11/27 08:35:16,36.164
2010/11/27 08:36:20,36.164
2010/11/27 08:37:20,36.164
2010/11/27 08:38:16,36.164
2010/11/27 08:39:15,36.164
2010/11/27 08:40:18,36.164
2010/11/27 08:41:20,36.164
2010/11/27 08:42:28,36.164
2010/11/27 08:43:28,36.164
2010/11/27 08:44:30,36.164
2010/11/27 09:31:10,36.164
2010/11/27 09:32:11,36.164
2010/11/27 09:33:13,36.164
2010/11/27 09:34:15,36.164
2010/11/27 09:35:17,36.164
2010/11/27 09:36:18,36.164
2010/11/27 09:37:26,36.164
2010/11/27 09:38:29,36.164
2010/11/27 09:39:26,36.164
2010/11/27 09:40:27,36.164
2010/11/27 09:41:36,36.164
2010/11/27 09:42:40,36.164
2010/11/27 09:43:42,36.125
2010/11/27 09:44:45,36.125
2010/11/27 09:45:48,36.125
2010/11/27 09:46:51,36.125
2010/11/27 09:47:51,36.125
2010/11/27 09:48:58,36.125
2010/11/27 09:50:01,36.125
2010/11/27 10:26:33,36.125
2010/11/27 10:27:42,36.125
2010/11/27 10:28:46,36.125
2010/11/27 10:29:45,36.125
2010/11/27 10:30:44,36.125
2010/11/27 10:31:48,36.125
2010/11/27 10:32:48,36.125
2010/11/27 10:33:53,36.125
2010/11/27 10:35:00,36.125
2010/11/27 10:35:58,36.125
2010/11/27 10:37:04,36.125
2010/11/27 10:38:10,36.125
2010/11/27 10:39:04,36.125
2010/11/27 10:40:11,36.125
2010/11/27 10:41:15,36.125
2010/11/27 10:42:23,36.125
2010/11/27 10:43:23,36.125
2010/11/27 10:44:29,36.125
2010/11/27 10:45:33,36.125
2010/11/27 11:31:53,36.125
2010/11/27 11:33:00,36.125
2010/11/27 11:33:59,36.125
2010/11/27 11:35:06,36.125
2010/11/27 11:36:09,36.125
2010/11/27 11:37:16,36.125
2010/11/27 11:38:18,36.125
2010/11/27 11:39:21,36.125
2010/11/27 11:40:29,36.125
2010/11/27 11:41:34,36.125
2010/11/27 11:42:40,36.125
2010/11/27 11:43:45,36.125
2010/11/27 11:44:44,36.125
2010/11/27 11:45:47,36.125
2010/11/27 11:46:51,36.125
2010/11/27 11:47:58,36.125
2010/11/27 11:49:01,36.125
2010/11/27 11:50:04,36.125
2010/11/27 11:51:05,36.125
2010/11/27 12:37:24,36.171
2010/11/27 12:38:22,36.171
2010/11/27 12:39:19,36.171
2010/11/27 12:40:17,36.171
2010/11/27 12:41:15,36.171
2010/11/27 12:42:12,36.171
2010/11/27 12:43:11,36.171
2010/11/27 12:44:09,36.171
2010/11/27 12:45:09,36.171
2010/11/27 13:30:56,36.171
2010/11/27 13:31:54,36.171
2010/11/27 13:32:52,36.171
2010/11/27 13:33:45,36.171
2010/11/27 13:34:37,36.171
2010/11/27 13:35:37,36.171
2010/11/27 13:36:36,36.171
2010/11/27 13:37:36,36.171
2010/11/27 13:38:35,36.171
2010/11/27 13:39:38,36.171
2010/11/27 13:40:34,36.171
2010/11/27 13:41:31,36.171
2010/11/27 13:42:29,36.171
2010/11/27 13:43:28,36.171
2010/11/27 13:44:32,36.171
2010/11/27 13:45:36,36.171
2010/11/27 13:46:36,36.171
2010/11/27 13:47:40,36.171
2010/11/27 13:48:45,36.171
2010/11/27 14:24:32,36.171
2010/11/27 14:25:40,36.171
2010/11/27 14:26:48,36.171
2010/11/27 14:27:55,36.171
2010/11/27 14:28:53,36.171
2010/11/27 14:29:57,36.171
2010/11/27 14:31:06,36.171
2010/11/27 14:32:04,36.171
2010/11/27 14:33:08,36.171
2010/11/27 14:34:17,36.171
2010/11/27 14:35:23,36.171
2010/11/27 14:36:23,36.171
2010/11/27 14:37:21,36.171
2010/11/27 14:38:17,36.171
2010/11/27 14:39:17,36.171
2010/11/27 14:40:19,36.171
2010/11/27 14:41:22,36.171
2010/11/27 14:42:17,36.171
2010/11/27 14:43:16,36.171
2010/11/27 15:29:16,36.171
2010/11/27 15:30:20,36.171
2010/11/27 15:31:21,36.171
2010/11/27 15:32:26,36.171
2010/11/27 15:33:31,36.171
2010/11/27 15:34:34,36.198
2010/11/27 15:35:35,36.198
2010/11/27 15:36:34,36.198
2010/11/27 15:37:36,36.198
2010/11/27 15:38:40,36.198
2010/11/27 15:39:47,36.198
2010/11/27 15:40:51,36.198
2010/11/27 15:41:54,36.198
2010/11/27 15:42:55,36.198
2010/11/27 15:43:54,36.198
2010/11/27 15:44:56,36.198
2010/11/27 15:46:04,36.198
2010/11/27 15:47:09,36.198
2010/11/27 15:48:18,36.198
2010/11/27 16:24:44,36.198
2010/11/27 16:25:46,36.198
2010/11/27 16:26:50,36.198
2010/11/27 16:27:52,36.198
2010/11/27 16:28:59,36.198
2010/11/27 16:30:04,36.198
2010/11/27 16:31:06,36.198
2010/11/27 16:32:10,36.198
2010/11/27 16:33:16,36.198
2010/11/27 16:34:18,36.198
2010/11/27 16:35:21,36.198
2010/11/27 16:36:23,36.198
2010/11/27 16:37:26,36.198
2010/11/27 16:38:28,36.198
2010/11/27 16:39:34,36.198
2010/11/27 16:40:36,36.198
2010/11/27 16:41:42,36.198
2010/11/27 16:42:37,36.198
2010/11/27 16:43:42,36.198
2010/11/27 17:29:21,36.317
2010/11/27 17:30:26,36.317
2010/11/27 17:31:30,36.317
2010/11/27 17:32:34,36.317
2010/11/27 17:33:33,36.317
2010/11/27 17:34:36,36.317
2010/11/27 17:35:42,36.317
2010/11/27 17:36:47,36.317
2010/11/27 17:37:55,36.317
2010/11/27 17:38:59,36.317
2010/11/27 17:40:00,36.317
2010/11/27 17:41:06,36.317
2010/11/27 17:42:09,36.317
2010/11/27 17:43:17,36.317
2010/11/27 17:44:25,36.317
2010/11/27 17:45:24,36.317
2010/11/27 17:46:24,36.317
2010/11/27 17:47:28,36.317
2010/11/27 17:48:36,36.317
2010/11/27 18:26:04,36.317
2010/11/27 18:27:06,36.317
2010/11/27 18:28:11,36.317
2010/11/27 18:29:18,36.317
2010/11/27 18:30:21,36.317
2010/11/27 18:31:32,36.317
2010/11/27 18:32:36,36.317
2010/11/27 18:33:40,36.317
2010/11/27 18:34:43,36.317
2010/11/27 18:35:45,36.317
2010/11/27 18:36:52,36.316
2010/11/27 18:37:52,36.316
2010/11/27 18:38:52,36.316
2010/11/27 18:39:59,36.316
2010/11/27 18:41:03,36.316
2010/11/27 18:42:02,36.316
2010/11/27 18:43:01,36.316
2010/11/27 18:44:01,36.316
2010/11/27 18:45:03,36.316
2010/11/27 19:30:26,36.316
2010/11/27 19:31:26,36.316
2010/11/27 19:32:25,36.316
2010/11/27 19:33:24,36.316
2010/11/27 19:34:21,36.316
2010/11/27 19:35:30,36.316
2010/11/27 19:36:31,36.316
2010/11/27 19:37:35,36.316
2010/11/27 19:38:36,36.316
2010/11/27 19:39:40,36.316
2010/11/27 19:40:41,36.316
2010/11/27 19:41:36,36.316
2010/11/27 19:42:36,36.316
2010/11/27 19:43:43,36.316
2010/11/27 19:44:42,36.316
2010/11/27 19:45:51,36.316
2010/11/27 19:46:53,36.316
2010/11/27 19:47:55,36.316
2010/11/27 19:49:03,36.316
2010/11/27 20:24:57,36.316
2010/11/27 20:26:02,36.316
2010/11/27 20:27:08,36.316
2010/11/27 20:28:14,36.316
2010/11/27 20:29:20,36.316
2010/11/27 20:30:25,36.316
2010/11/27 20:31:33,36.316
2010/11/27 20:32:39,36.316
2010/11/27 20:33:46,36.316
2010/11/27 20:34:54,36.316
2010/11/27 20:35:55,36.316
2010/11/27 20:37:01,36.316
2010/11/27 20:38:08,36.316
2010/11/27 20:39:09,36.316
2010/11/27 20:40:09,36.316
2010/11/27 20:41:14,36.316
2010/11/27 20:42:21,36.316
2010/11/27 20:43:27,36.316
2010/11/27 20:44:28,36.316
2010/11/27 21:30:45,36.316
2010/11/27 21:31:52,36.316
2010/11/27 21:32:58,36.316
2010/11/27 21:34:00,36.316
2010/11/27 21:35:04,36.316
2010/11/27 21:36:08,36.316
2010/11/27 21:37:10,36.316
2010/11/27 21:38:12,36.316
2010/11/27 21:39:15,36.316
2010/11/27 21:40:19,36.316
2010/11/27 21:41:22,36.316
2010/11/27 21:42:21,36.316
2010/11/27 21:43:25,36.316
2010/11/27 21:44:30,36.316
2010/11/27 21:45:34,36.316
2010/11/27 21:46:30,36.316
2010/11/27 21:47:33,36.32
2010/11/27 21:48:38,36.32
2010/11/27 21:49:42,36.32
2010/11/27 22:26:56,36.32
2010/11/27 22:28:06,36.32
2010/11/27 22:29:09,36.32
2010/11/27 22:30:17,36.32
2010/11/27 22:31:14,36.32
2010/11/27 22:32:10,36.32
2010/11/27 22:33:18,36.449
2010/11/27 22:34:24,36.449
2010/11/27 22:35:25,36.449
2010/11/27 22:36:34,36.449
2010/11/27 22:37:34,36.449
2010/11/27 22:38:34,36.449
2010/11/27 22:39:28,36.449
2010/11/27 22:40:26,36.449
2010/11/27 22:41:30,36.449
2010/11/27 22:42:39,36.449
2010/11/27 22:43:40,36.449
2010/11/27 22:44:45,36.449
2010/11/27 22:45:48,36.449
2010/11/27 23:29:48,36.449
2010/11/27 23:30:46,36.449
2010/11/27 23:31:54,36.449
2010/11/27 23:32:55,36.449
2010/11/27 23:33:58,36.449
2010/11/27 23:35:00,36.449
2010/11/27 23:36:06,36.449
2010/11/27 23:37:10,36.449
2010/11/27 23:38:11,36.449
2010/11/27 23:39:09,36.449
2010/11/27 23:40:09,36.449
2010/11/27 23:41:11,36.449
2010/11/27 23:42:13,36.449
2010/11/27 23:43:15,36.449
2010/11/27 23:44:13,36.449
2010/11/27 23:45:13,36.449
2010/11/27 23:46:16,36.449
2010/11/27 23:47:17,36.449
2010/11/27 23:48:27,36.449
2010/11/28 00:24:26,36.449
2010/11/28 00:25:23,36.449
2010/11/28 00:26:27,36.449
2010/11/28 00:27:31,36.449
2010/11/28 00:28:39,36.449
2010/11/28 00:29:40,36.449
2010/11/28 00:30:46,36.449
2010/11/28 00:31:51,36.449
2010/11/28 00:32:54,36.449
2010/11/28 00:33:59,36.449
2010/11/28 00:35:04,36.449
2010/11/28 00:36:13,36.449
2010/11/28 00:37:13,36.449
2010/11/28 00:38:16,36.449
2010/11/28 00:39:20,36.449
2010/11/28 00:40:22,36.449
2010/11/28 00:41:27,36.449
2010/11/28 00:42:28,36.449
2010/11/28 00:43:34,36.449
2010/11/28 01:30:12,36.442
2010/11/28 01:31:16,36.442
2010/11/28 01:32:18,36.442
2010/11/28 01:33:24,36.442
2010/11/28 01:34:25,36.442
2010/11/28 01:35:29,36.442
2010/11/28 01:36:36,36.442
2010/11/28 01:37:34,36.442
2010/11/28 01:38:39,36.442
2010/11/28 01:39:45,36.442
2010/11/28 01:40:46,36.442
2010/11/28 01:41:53,36.442
2010/11/28 01:42:55,36.442
2010/11/28 01:44:00,36.442
2010/11/28 01:45:09,36.442
2010/11/28 01:46:13,36.442
2010/11/28 01:47:16,36.442
2010/11/28 01:48:18,36.442
2010/11/28 01:49:21,36.442
2010/11/28 02:25:59,36.442
2010/11/28 02:27:05,36.442
2010/11/28 02:28:10,36.442
2010/11/28 02:29:16,36.442
2010/11/28 02:30:20,36.442
2010/11/28 02:31:25,36.442
2010/11/28 02:32:32,36.442
2010/11/28 02:33:39,36.442
2010/11/28 02:34:44,36.442
2010/11/28 02:35:47,36.442
2010/11/28 02:36:48,36.442
2010/11/28 02:37:51,36.442
2010/11/28 02:38:55,36.442
2010/11/28 02:39:56,36.442
2010/11/28 02:41:00,36.442
2010/11/28 02:42:08,36.442
2010/11/28 02:43:14,36.442
2010/11/28 02:44:19,36.442
2010/11/28 02:45:24,36.442
2010/11/28 03:33:02,36.442
2010/11/28 03:34:08,36.442
2010/11/28 03:35:11,36.442
2010/11/28 03:36:19,36.442
2010/11/28 03:37:21,36.442
2010/11/28 03:38:27,36.442
2010/11/28 03:39:29,36.442
2010/11/28 03:40:35,36.442
2010/11/28 03:41:36,36.442
2010/11/28 03:42:41,36.442
2010/11/28 03:43:47,36.442
2010/11/28 03:44:55,36.442
2010/11/28 03:46:01,36.442
2010/11/28 03:47:07,36.442
2010/11/28 03:48:08,36.442
2010/11/28 03:49:17,36.442
2010/11/28 03:50:24,36.442
2010/11/28 03:51:33,36.442
2010/11/28 03:52:41,36.442
2010/11/28 04:30:09,36.552
2010/11/28 04:31:16,36.552
2010/11/28 04:32:19,36.552
2010/11/28 04:33:27,36.552
2010/11/28 04:34:31,36.552
2010/11/28 04:35:34,36.552
2010/11/28 04:36:36,36.552
2010/11/28 04:37:39,36.552
2010/11/28 04:38:47,36.552
2010/11/28 04:39:49,36.552
2010/11/28 04:40:56,36.552
2010/11/28 04:41:58,36.552
2010/11/28 04:43:01,36.552
2010/11/28 04:44:02,36.552
2010/11/28 04:45:07,36.552
2010/11/28 04:46:09,36.552
2010/11/28 04:47:14,36.552
2010/11/28 04:48:22,36.552
2010/11/28 04:49:26,36.552
2010/11/28 05:37:03,36.552
2010/11/28 05:38:06,36.552
2010/11/28 05:39:16,36.552
2010/11/28 05:40:19,36.552
2010/11/28 05:41:23,36.552
2010/11/28 05:42:29,36.552
2010/11/28 05:43:35,36.552
2010/11/28 05:44:43,36.552
2010/11/28 05:45:51,36.552
2010/11/28 05:46:55,36.552
2010/11/28 05:48:04,36.552
2010/11/28 05:49:13,36.552
2010/11/28 05:50:15,36.552
2010/11/28 05:51:25,36.552
2010/11/28 05:52:32,36.552
2010/11/28 05:53:40,36.552
2010/11/28 05:54:46,36.552
2010/11/28 05:55:48,36.552
2010/11/28 05:56:55,36.552
2010/11/28 06:34:17,36.552
2010/11/28 06:35:20,36.552
2010/11/28 06:36:19,36.552
2010/11/28 06:37:20,36.552
2010/11/28 06:38:23,36.552
2010/11/28 06:39:26,36.552
2010/11/28 06:40:34,36.552
2010/11/28 06:41:38,36.552
2010/11/28 06:42:41,36.552
2010/11/28 06:43:44,36.552
2010/11/28 06:44:46,36.552
2010/11/28 06:45:51,36.552
2010/11/28 06:46:58,36.552
2010/11/28 06:48:01,36.552
2010/11/28 06:49:07,36.552
2010/11/28 06:50:11,36.552
2010/11/28 06:51:14,36.552
2010/11/28 06:52:20,36.552
2010/11/28 06:53:22,36.552
2010/11/28 07:40:08,36.552
2010/11/28 07:41:12,36.552
2010/11/28 07:42:15,36.552
2010/11/28 07:43:20,36.552
2010/11/28 07:44:24,36.552
2010/11/28 07:45:29,36.539
2010/11/28 07:46:33,36.539
2010/11/28 07:47:37,36.539
2010/11/28 07:48:43,36.539
2010/11/28 07:49:47,36.539
2010/11/28 07:50:50,36.539
2010/11/28 07:51:56,36.539
2010/11/28 07:52:59,36.539
2010/11/28 07:54:07,36.539
2010/11/28 07:55:13,36.539
2010/11/28 07:56:15,36.539
2010/11/28 07:57:23,36.539
2010/11/28 07:58:28,36.539
2010/11/28 07:59:33,36.539
2010/11/28 08:37:12,36.539
2010/11/28 08:38:18,36.539
2010/11/28 08:39:23,36.539
2010/11/28 08:40:23,36.539
2010/11/28 08:41:29,36.539
2010/11/28 08:42:41,36.539
2010/11/28 08:43:48,36.539
2010/11/28 08:44:54,36.539
2010/11/28 08:46:00,36.539
2010/11/28 08:47:06,36.539
2010/11/28 08:48:08,36.539
2010/11/28 08:49:14,36.539
2010/11/28 08:50:19,36.539
2010/11/28 08:51:31,36.539
2010/11/28 08:52:36,36.539
2010/11/28 08:53:44,36.539
2010/11/28 08:54:52,36.539
2010/11/28 08:55:59,36.539
2010/11/28 08:57:04,36.539
2010/11/28 09:43:49,36.633
2010/11/28 09:44:56,36.633
2010/11/28 09:45:58,36.633
2010/11/28 09:46:59,36.633
2010/11/28 09:48:04,36.633
2010/11/28 09:49:06,36.633
2010/11/28 09:50:13,36.633
2010/11/28 09:51:17,36.633
2010/11/28 09:52:20,36.633
2010/11/28 09:53:25,36.633
2010/11/28 09:54:29,36.633
2010/11/28 09:55:33,36.633
2010/11/28 09:56:38,36.633
2010/11/28 09:57:41,36.633
2010/11/28 09:58:43,36.633
2010/11/28 09:59:45,36.633
2010/11/28 10:00:49,36.633
2010/11/28 10:01:55,36.633
2010/11/28 10:02:58,36.633
2010/11/28 10:40:27,36.633
2010/11/28 10:41:31,36.633
2010/11/28 10:42:34,36.633
2010/11/28 10:43:39,36.633
2010/11/28 10:44:43,36.633
2010/11/28 10:45:49,36.633
2010/11/28 10:46:51,36.633
2010/11/28 10:47:56,36.633
2010/11/28 10:49:00,36.633
2010/11/28 10:50:01,36.633
2010/11/28 10:51:05,36.633
2010/11/28 10:52:06,36.633
2010/11/28 10:53:13,36.633
2010/11/28 10:54:21,36.633
2010/11/28 10:55:25,36.633
2010/11/28 10:56:36,36.633
2010/11/28 10:57:44,36.633
2010/11/28 10:58:49,36.633
2010/11/28 10:59:54,36.633
2010/11/28 11:46:49,36.613
2010/11/28 11:47:54,36.613
2010/11/28 11:49:00,36.613
2010/11/28 11:50:04,36.613
2010/11/28 11:51:13,36.613
2010/11/28 11:52:15,36.613
2010/11/28 11:53:19,36.613
2010/11/28 11:54:24,36.613
2010/11/28 11:55:28,36.613
2010/11/28 11:56:34,36.613
2010/11/28 11:57:43,36.613
2010/11/28 11:58:50,36.613
2010/11/28 11:59:54,36.613
2010/11/28 12:01:00,36.613
2010/11/28 12:02:05,36.613
2010/11/28 12:03:10,36.613
2010/11/28 12:04:13,36.613
2010/11/28 12:05:18,36.613
2010/11/28 12:06:17,36.613
2010/11/28 12:42:49,36.613
2010/11/28 12:43:56,36.613
2010/11/28 12:45:00,36.613
2010/11/28 12:46:08,36.613
2010/11/28 12:47:15,36.613
2010/11/28 12:48:19,36.613
2010/11/28 12:49:23,36.613
2010/11/28 12:50:31,36.613
2010/11/28 12:51:35,36.613
2010/11/28 12:52:39,36.613
2010/11/28 12:53:51,36.613
2010/11/28 12:54:58,36.613
2010/11/28 12:56:05,36.613
2010/11/28 12:57:11,36.613
2010/11/28 12:58:16,36.613
2010/11/28 12:59:23,36.613
2010/11/28 13:00:27,36.613
2010/11/28 13:01:30,36.613
2010/11/28 13:02:30,36.613
2010/11/28 13:50:00,36.613
2010/11/28 13:51:07,36.613
2010/11/28 13:52:11,36.613
2010/11/28 13:53:18,36.613
2010/11/28 13:54:26,36.613
2010/11/28 13:55:36,36.613
2010/11/28 13:56:40,36.613
2010/11/28 13:57:47,36.613
2010/11/28 13:58:51,36.613
2010/11/28 13:59:58,36.613
2010/11/28 14:01:04,36.613
2010/11/28 14:02:06,36.613
2010/11/28 14:03:10,36.613
2010/11/28 14:04:15,36.613
2010/11/28 14:05:16,36.613
2010/11/28 14:06:22,36.613
2010/11/28 14:07:30,36.613
2010/11/28 14:08:35,36.613
2010/11/28 14:09:42,36.613
2010/11/28 14:48:21,36.592
2010/11/28 14:49:21,36.592
2010/11/28 14:50:28,36.592
2010/11/28 14:51:33,36.592
2010/11/28 14:52:36,36.592
2010/11/28 14:53:38,36.592
2010/11/28 14:54:51,36.592
2010/11/28 14:55:55,36.694
2010/11/28 14:57:00,36.694
2010/11/28 14:58:04,36.694
2010/11/28 14:59:07,36.694
2010/11/28 15:00:14,36.694
2010/11/28 15:01:18,36.694
2010/11/28 15:02:23,36.694
2010/11/28 15:03:30,36.694
2010/11/28 15:04:34,36.694
2010/11/28 15:05:39,36.694
2010/11/28 15:06:45,36.694
2010/11/28 15:07:52,36.694
2010/11/28 15:55:47,36.694
2010/11/28 15:56:53,36.694
2010/11/28 15:57:57,36.694
2010/11/28 15:59:00,36.694
2010/11/28 16:00:07,36.694
2010/11/28 16:01:13,36.694
2010/11/28 16:02:18,36.694
2010/11/28 16:03:22,36.694
2010/11/28 16:04:27,36.694
2010/11/28 16:05:31,36.694
2010/11/28 16:06:35,36.694
2010/11/28 16:07:37,36.694
2010/11/28 16:08:39,36.694
2010/11/28 16:09:42,36.694
2010/11/28 16:10:45,36.694
2010/11/28 16:11:50,36.694
2010/11/28 16:12:53,36.694
2010/11/28 16:13:53,36.694
2010/11/28 16:14:53,36.694
2010/11/28 16:53:02,36.694
2010/11/28 16:54:08,36.694
2010/11/28 16:55:15,36.694
2010/11/28 16:56:19,36.694
2010/11/28 16:57:23,36.694
2010/11/28 16:58:25,36.694
2010/11/28 16:59:31,36.694
2010/11/28 17:00:36,36.694
2010/11/28 17:01:38,36.694
2010/11/28 17:02:43,36.694
2010/11/28 17:03:49,36.694
2010/11/28 17:04:58,36.694
2010/11/28 17:06:01,36.694
2010/11/28 17:07:03,36.694
2010/11/28 17:08:11,36.694
2010/11/28 17:09:19,36.694
2010/11/28 17:10:23,36.694
2010/11/28 17:11:28,36.694
2010/11/28 17:12:35,36.694
2010/11/28 18:00:39,36.68
2010/11/28 18:01:43,36.68
2010/11/28 18:02:50,36.68
2010/11/28 18:03:53,36.68
2010/11/28 18:05:02,36.68
2010/11/28 18:06:05,36.68
2010/11/28 18:07:11,36.68
2010/11/28 18:08:21,36.68
2010/11/28 18:09:23,36.68
2010/11/28 18:10:27,36.68
2010/11/28 18:11:33,36.68
2010/11/28 18:12:37,36.68
2010/11/28 18:13:42,36.68
2010/11/28 18:14:48,36.68
2010/11/28 18:15:55,36.68
2010/11/28 18:17:03,36.68
2010/11/28 18:18:10,36.68
2010/11/28 18:19:21,36.68
2010/11/28 18:20:25,36.68
2010/11/28 18:58:44,36.68
2010/11/28 18:59:50,36.68
2010/11/28 19:00:57,36.68
2010/11/28 19:02:05,36.68
2010/11/28 19:03:13,36.68
2010/11/28 19:04:22,36.68
2010/11/28 19:05:28,36.68
2010/11/28 19:06:30,36.68
2010/11/28 19:07:34,36.68
2010/11/28 19:08:38,36.68
2010/11/28 19:09:45,36.68
2010/11/28 19:10:48,36.68
2010/11/28 19:11:55,36.68
2010/11/28 19:12:58,36.68
2010/11/28 19:14:02,36.68
2010/11/28 19:15:03,36.68
2010/11/28 19:16:06,36.68
2010/11/28 19:17:11,36.68
2010/11/28 19:18:19,36.68
2010/11/28 20:06:24,36.794
2010/11/28 20:07:32,36.794
2010/11/28 20:08:37,36.794
2010/11/28 20:09:42,36.794
2010/11/28 20:10:48,36.794
2010/11/28 20:11:52,36.794
2010/11/28 20:12:53,36.794
2010/11/28 20:13:58,36.794
2010/11/28 20:15:03,36.794
2010/11/28 20:16:05,36.794
2010/11/28 20:17:09,36.794
2010/11/28 20:18:14,36.794
2010/11/28 20:19:21,36.794
2010/11/28 20:20:33,36.794
2010/11/28 20:21:35,36.794
2010/11/28 20:22:41,36.794
2010/11/28 20:23:49,36.794
2010/11/28 20:24:57,36.794
2010/11/28 20:26:02,36.794
2010/11/28 21:04:00,36.786
2010/11/28 21:05:05,36.786
2010/11/28 21:06:08,36.786
2010/11/28 21:07:11,36.786
2010/11/28 21:08:21,36.786
2010/11/28 21:09:27,36.786
2010/11/28 21:10:30,36.786
2010/11/28 21:11:34,36.786
2010/11/28 21:12:40,36.786
2010/11/28 21:13:46,36.786
2010/11/28 21:14:49,36.786
2010/11/28 21:15:52,36.786
2010/11/28 21:16:54,36.786
2010/11/28 21:17:58,36.786
2010/11/28 21:19:04,36.786
2010/11/28 21:20:06,36.786
2010/11/28 21:21:09,36.786
2010/11/28 21:22:13,36.786
2010/11/28 21:23:16,36.786
2010/11/28 22:10:46,36.786
2010/11/28 22:11:50,36.786
2010/11/28 22:12:53,36.786
2010/11/28 22:13:57,36.786
2010/11/28 22:14:59,36.786
2010/11/28 22:16:06,36.786
2010/11/28 22:17:08,36.786
2010/11/28 22:18:12,36.786
2010/11/28 22:19:16,36.786
2010/11/28 22:20:20,36.786
2010/11/28 22:21:22,36.786
2010/11/28 22:22:28,36.786
2010/11/28 22:23:31,36.786
2010/11/28 22:24:32,36.786
2010/11/28 22:25:36,36.786
2010/11/28 22:26:45,36.786
2010/11/28 22:27:51,36.786
2010/11/28 22:28:59,36.786
2010/11/28 22:30:04,36.786
2010/11/28 23:09:43,36.786
2010/11/28 23:10:53,36.786
2010/11/28 23:12:00,36.786
2010/11/28 23:13:08,36.786
2010/11/28 23:14:14,36.786
2010/11/28 23:15:19,36.786
2010/11/28 23:16:27,36.786
2010/11/28 23:17:32,36.786
2010/11/28 23:18:39,36.786
2010/11/28 23:19:47,36.786
2010/11/28 23:20:57,36.786
2010/11/28 23:22:01,36.786
2010/11/28 23:23:04,36.786
2010/11/28 23:24:05,36.786
2010/11/28 23:25:11,36.786
2010/11/28 23:26:14,36.786
2010/11/28 23:27:19,36.786
2010/11/28 23:28:22,36.786
2010/11/28 23:29:29,36.786
2010/11/29 00:18:57,36.779
2010/11/29 00:20:07,36.779
2010/11/29 00:21:14,36.779
2010/11/29 00:22:21,36.779
2010/11/29 00:23:31,36.779
2010/11/29 00:24:34,36.779
2010/11/29 00:25:40,36.779
2010/11/29 00:26:47,36.779
2010/11/29 00:27:50,36.779
2010/11/29 00:28:56,36.779
2010/11/29 00:30:00,36.779
2010/11/29 00:31:05,36.779
2010/11/29 00:32:10,36.779
2010/11/29 00:33:14,36.779
2010/11/29 00:34:19,36.779
2010/11/29 00:35:19,36.779
2010/11/29 00:36:21,36.779
2010/11/29 00:37:30,36.779
2010/11/29 00:38:34,36.779
2010/11/29 01:15:23,36.903
2010/11/29 01:16:31,36.903
2010/11/29 01:17:38,36.903
2010/11/29 01:18:40,36.903
2010/11/29 01:19:44,36.903
2010/11/29 01:20:46,36.903
2010/11/29 01:21:52,36.903
2010/11/29 01:23:01,36.903
2010/11/29 01:24:03,36.903
2010/11/29 01:25:09,36.903
2010/11/29 01:26:13,36.903
2010/11/29 01:27:13,36.903
2010/11/29 01:28:16,36.903
2010/11/29 01:29:20,36.903
2010/11/29 01:30:24,36.903
2010/11/29 01:31:27,36.903
2010/11/29 01:32:30,36.903
2010/11/29 01:33:32,36.903
2010/11/29 01:34:34,36.903
2010/11/29 02:22:35,36.903
2010/11/29 02:23:41,36.903
2010/11/29 02:24:52,36.903
2010/11/29 02:25:53,36.903
2010/11/29 02:26:58,36.903
2010/11/29 02:28:07,36.903
2010/11/29 02:29:11,36.903
2010/11/29 02:30:15,36.903
2010/11/29 02:31:21,36.903
2010/11/29 02:32:31,36.903
2010/11/29 02:33:35,36.903
2010/11/29 02:34:41,36.903
2010/11/29 02:35:48,36.903
2010/11/29 02:36:55,36.903
2010/11/29 02:37:58,36.903
2010/11/29 02:39:00,36.903
2010/11/29 02:40:06,36.903
2010/11/29 02:41:10,36.903
2010/11/29 02:42:15,36.903
2010/11/29 03:20:34,36.9
2010/11/29 03:21:39,36.9
2010/11/29 03:22:43,36.9
2010/11/29 03:23:49,36.9
2010/11/29 03:24:59,36.9
2010/11/29 03:26:04,36.9
2010/11/29 03:27:09,36.9
2010/11/29 03:28:15,36.9
2010/11/29 03:29:21,36.9
2010/11/29 03:30:24,36.9
2010/11/29 03:31:29,36.9
2010/11/29 03:32:33,36.9
2010/11/29 03:33:43,36.9
2010/11/29 03:34:47,36.9
2010/11/29 03:35:52,36.9
2010/11/29 03:36:54,36.9
2010/11/29 03:37:59,36.9
2010/11/29 03:39:05,36.9
2010/11/29 03:40:10,36.9
2010/11/29 04:29:20,36.9
2010/11/29 04:30:24,36.9
2010/11/29 04:31:31,36.9
2010/11/29 04:32:33,36.9
2010/11/29 04:33:34,36.9
2010/11/29 04:34:41,36.9
2010/11/29 04:35:47,36.9
2010/11/29 04:36:53,36.9
2010/11/29 04:37:57,36.9
2010/11/29 04:39:10,36.9
2010/11/29 04:40:11,36.9
2010/11/29 04:41:16,36.9
2010/11/29 04:42:22,36.9
2010/11/29 04:43:28,36.9
2010/11/29 04:44:34,36.9
2010/11/29 04:45:43,36.9
2010/11/29 04:46:49,36.9
2010/11/29 04:47:52,36.9
2010/11/29 04:48:55,36.9
2010/11/29 05:27:38,36.9
2010/11/29 05:28:45,36.9
2010/11/29 05:29:55,36.9
2010/11/29 05:31:04,36.9
2010/11/29 05:32:13,36.9
2010/11/29 05:33:17,36.9
2010/11/29 05:34:21,36.9
2010/11/29 05:35:27,36.9
2010/11/29 05:36:30,36.9
2010/11/29 05:37:38,36.9
2010/11/29 05:38:47,36.9
2010/11/29 05:39:54,36.9
2010/11/29 05:41:01,36.9
2010/11/29 05:42:06,36.9
2010/11/29 05:43:07,36.9
2010/11/29 05:44:11,36.9
2010/11/29 05:45:17,36.9
2010/11/29 05:46:22,36.9
2010/11/29 05:47:25,36.9
2010/11/29 06:35:18,37.04
2010/11/29 06:36:22,37.04
2010/11/29 06:37:25,37.04
2010/11/29 06:38:32,37.04
2010/11/29 06:39:37,37.04
2010/11/29 06:40:45,37.04
2010/11/29 06:41:56,37.04
2010/11/29 06:43:02,37.04
2010/11/29 06:44:09,37.04
2010/11/29 06:45:14,37.04
2010/11/29 06:46:18,37.04
2010/11/29 06:47:22,37.04
2010/11/29 06:48:26,37.04
2010/11/29 06:49:31,37.04
2010/11/29 06:50:36,37.04
2010/11/29 06:51:44,37.04
2010/11/29 06:52:49,37.04
2010/11/29 06:53:52,37.04
2010/11/29 06:54:58,37.04
2010/11/29 07:33:32,37.04
2010/11/29 07:34:39,37.04
2010/11/29 07:35:46,37.04
2010/11/29 07:36:52,37.04
2010/11/29 07:37:59,37.04
2010/11/29 07:39:07,37.04
2010/11/29 07:40:12,37.04
2010/11/29 07:41:25,37.04
2010/11/29 07:42:36,37.04
2010/11/29 07:43:45,37.04
2010/11/29 07:44:56,37.04
2010/11/29 07:46:01,37.04
2010/11/29 07:47:08,37.04
2010/11/29 07:48:13,37.04
2010/11/29 07:49:20,37.04
2010/11/29 07:50:27,37.04
2010/11/29 07:51:36,37.04
2010/11/29 07:52:44,37.04
2010/11/29 07:53:48,37.04
2010/11/29 08:42:44,37.04
2010/11/29 08:43:50,37.04
2010/11/29 08:44:55,37.04
2010/11/29 08:46:03,37.04
2010/11/29 08:47:07,37.04
2010/11/29 08:48:13,37.04
2010/11/29 08:49:18,37.04
2010/11/29 08:50:19,37.04
2010/11/29 08:51:24,37.04
2010/11/29 08:52:28,37.04
2010/11/29 08:53:36,37.04
2010/11/29 08:54:43,37.04
2010/11/29 08:55:47,37.04
2010/11/29 08:56:56,37.04
2010/11/29 08:58:01,37.04
2010/11/29 08:59:06,37.04
2010/11/29 09:00:14,37.04
2010/11/29 09:01:21,37.04
2010/11/29 09:02:26,37.04
2010/11/29 09:40:10,37.048
2010/11/29 09:41:13,37.048
2010/11/29 09:42:16,37.048
2010/11/29 09:43:21,37.048
2010/11/29 09:44:28,37.048
2010/11/29 09:45:34,37.048
2010/11/29 09:46:40,37.048
2010/11/29 09:47:44,37.048
2010/11/29 09:48:50,37.048
2010/11/29 09:49:53,37.048
2010/11/29 09:50:58,37.048
2010/11/29 09:52:00,37.048
2010/11/29 09:53:07,37.048
2010/11/29 09:54:07,37.048
2010/11/29 09:55:09,37.048
2010/11/29 09:56:16,37.048
2010/11/29 09:57:21,37.048
2010/11/29 09:58:25,37.048
2010/11/29 09:59:28,37.048
2010/11/29 10:48:07,37.048
2010/11/29 10:49:10,37.048
2010/11/29 10:50:16,37.048
2010/11/29 10:51:25,37.048
2010/11/29 10:52:35,37.048
2010/11/29 10:53:44,37.048
2010/11/29 10:54:53,37.048
2010/11/29 10:56:01,37.048
2010/11/29 10:57:08,37.048
2010/11/29 10:58:15,37.048
2010/11/29 10:59:21,37.048
2010/11/29 11:00:30,37.182
2010/11/29 11:01:39,37.182
2010/11/29 11:02:45,37.182
2010/11/29 11:03:59,37.182
2010/11/29 11:05:04,37.182
2010/11/29 11:06:15,37.182
2010/11/29 11:07:25,37.182
2010/11/29 11:08:30,37.182
2010/11/29 11:48:36,37.182
2010/11/29 11:49:42,37.182
2010/11/29 11:50:48,37.182
2010/11/29 11:52:00,37.182
2010/11/29 11:53:04,37.182
2010/11/29 11:54:14,37.182
2010/11/29 11:55:20,37.182
2010/11/29 11:56:28,37.182
2010/11/29 11:57:36,37.182
2010/11/29 11:58:41,37.182
2010/11/29 11:59:51,37.182
2010/11/29 12:01:00,37.182
2010/11/29 12:02:10,37.182
2010/11/29 12:03:15,37.182
2010/11/29 12:04:24,37.182
2010/11/29 12:05:26,37.182
2010/11/29 12:06:38,37.182
2010/11/29 12:07:47,37.182
2010/11/29 12:08:57,37.182
2010/11/29 12:58:37,37.173
2010/11/29 12:59:43,37.173
2010/11/29 13:00:48,37.173
2010/11/29 13:01:54,37.173
2010/11/29 13:03:02,37.173
2010/11/29 13:04:08,37.173
2010/11/29 13:05:14,37.173
2010/11/29 13:06:24,37.173
2010/11/29 13:07:29,37.173
2010/11/29 13:08:35,37.173
2010/11/29 13:09:41,37.173
2010/11/29 13:10:48,37.173
2010/11/29 13:11:55,37.173
2010/11/29 13:13:03,37.173
2010/11/29 13:14:15,37.173
2010/11/29 13:15:20,37.173
2010/11/29 13:16:27,37.173
2010/11/29 13:17:32,37.173
2010/11/29 13:18:40,37.173
2010/11/29 13:57:46,37.173
2010/11/29 13:58:54,37.173
2010/11/29 14:00:01,37.173
2010/11/29 14:01:07,37.173
2010/11/29 14:02:15,37.173
2010/11/29 14:03:19,37.173
2010/11/29 14:04:21,37.173
2010/11/29 14:05:25,37.173
2010/11/29 14:06:34,37.173
2010/11/29 14:07:42,37.173
2010/11/29 14:08:51,37.173
2010/11/29 14:09:58,37.173
2010/11/29 14:11:03,37.173
2010/11/29 14:12:07,37.173
2010/11/29 14:13:14,37.173
2010/11/29 14:14:21,37.173
2010/11/29 14:15:31,37.173
2010/11/29 14:16:33,37.173
2010/11/29 14:17:40,37.173
2010/11/29 15:06:47,37.173
2010/11/29 15:07:56,37.173
2010/11/29 15:09:00,37.173
2010/11/29 15:10:10,37.173
2010/11/29 15:11:15,37.173
2010/11/29 15:12:26,37.173
2010/11/29 15:13:33,37.173
2010/11/29 15:14:43,37.173
2010/11/29 15:15:48,37.173
2010/11/29 15:16:54,37.173
2010/11/29 15:17:56,37.173
2010/11/29 15:19:03,37.173
2010/11/29 15:20:09,37.173
2010/11/29 15:21:20,37.173
2010/11/29 15:22:26,37.173
2010/11/29 15:23:33,37.173
2010/11/29 15:24:38,37.173
2010/11/29 15:25:44,37.173
2010/11/29 15:26:47,37.173
2010/11/29 16:05:30,37.251
2010/11/29 16:06:39,37.251
2010/11/29 16:07:49,37.251
2010/11/29 16:08:57,37.251
2010/11/29 16:10:04,37.251
2010/11/29 16:11:12,37.251
2010/11/29 16:12:16,37.251
2010/11/29 16:13:22,37.251
2010/11/29 16:14:24,37.251
2010/11/29 16:15:35,37.251
2010/11/29 16:16:46,37.251
2010/11/29 16:17:57,37.251
2010/11/29 16:19:05,37.251
2010/11/29 16:20:10,37.251
2010/11/29 16:21:13,37.251
2010/11/29 16:22:19,37.251
2010/11/29 16:23:27,37.251
2010/11/29 16:24:32,37.251
2010/11/29 16:25:39,37.251
2010/11/29 17:14:24,37.251
2010/11/29 17:15:26,37.251
2010/11/29 17:16:33,37.251
2010/11/29 17:17:36,37.251
2010/11/29 17:18:41,37.251
2010/11/29 17:19:50,37.251
2010/11/29 17:20:58,37.251
2010/11/29 17:22:02,37.251
2010/11/29 17:23:07,37.251
2010/11/29 17:24:13,37.251
2010/11/29 17:25:18,37.251
2010/11/29 17:26:27,37.251
2010/11/29 17:27:31,37.251
2010/11/29 17:28:30,37.251
2010/11/29 17:29:34,37.251
2010/11/29 17:30:40,37.251
2010/11/29 17:31:43,37.251
2010/11/29 17:32:51,37.251
2010/11/29 17:33:55,37.251
2010/11/29 18:12:33,37.251
2010/11/29 18:13:40,37.251
2010/11/29 18:14:43,37.251
2010/11/29 18:15:50,37.251
2010/11/29 18:16:54,37.251
2010/11/29 18:17:57,37.251
2010/11/29 18:19:04,37.251
2010/11/29 18:20:14,37.251
2010/11/29 18:21:23,37.251
2010/11/29 18:22:31,37.251
2010/11/29 18:23:35,37.251
2010/11/29 18:24:44,37.251
2010/11/29 18:25:49,37.251
2010/11/29 18:26:56,37.251
2010/11/29 18:28:02,37.251
2010/11/29 18:29:03,37.251
2010/11/29 18:30:09,37.251
2010/11/29 18:31:15,37.251
2010/11/29 18:32:18,37.251
2010/11/29 19:20:58,37.2
2010/11/29 19:22:02,37.2
2010/11/29 19:23:12,37.2
2010/11/29 19:24:21,37.2
2010/11/29 19:25:27,37.2
2010/11/29 19:26:35,37.2
2010/11/29 19:27:38,37.2
2010/11/29 19:28:48,37.2
2010/11/29 19:29:46,37.2
2010/11/29 19:30:52,37.2
2010/11/29 19:31:55,37.2
2010/11/29 19:33:00,37.2
2010/11/29 19:34:06,37.2
2010/11/29 19:35:11,37.2
2010/11/29 19:36:14,37.2
2010/11/29 19:37:22,37.2
2010/11/29 19:38:27,37.2
2010/11/29 19:39:33,37.2
2010/11/29 19:40:42,37.2
2010/11/29 20:19:36,37.2
2010/11/29 20:20:44,37.2
2010/11/29 20:21:45,37.2
2010/11/29 20:22:48,37.2
2010/11/29 20:23:56,37.2
2010/11/29 20:25:02,37.2
2010/11/29 20:26:05,37.2
2010/11/29 20:27:08,37.2
2010/11/29 20:28:11,37.2
2010/11/29 20:29:17,37.2
2010/11/29 20:30:26,37.2
2010/11/29 20:31:35,37.2
2010/11/29 20:32:42,37.2
2010/11/29 20:33:49,37.2
2010/11/29 20:34:54,37.2
2010/11/29 20:36:03,37.2
2010/11/29 20:37:09,37.2
2010/11/29 20:38:17,37.2
2010/11/29 20:39:22,37.2
2010/11/29 21:27:33,37.293
2010/11/29 21:28:38,37.293
2010/11/29 21:29:39,37.293
2010/11/29 21:30:44,37.293
2010/11/29 21:31:49,37.293
2010/11/29 21:32:54,37.293
2010/11/29 21:34:00,37.293
2010/11/29 21:35:05,37.293
2010/11/29 21:36:07,37.293
2010/11/29 21:37:10,37.293
2010/11/29 21:38:15,37.293
2010/11/29 21:39:23,37.293
2010/11/29 21:40:30,37.293
2010/11/29 21:41:38,37.293
2010/11/29 21:42:43,37.293
2010/11/29 21:43:48,37.293
2010/11/29 21:44:53,37.293
2010/11/29 21:46:01,37.293
2010/11/29 21:47:03,37.293
2010/11/29 22:24:40,37.236
2010/11/29 22:25:47,37.236
2010/11/29 22:26:54,37.236
2010/11/29 22:28:00,37.236
2010/11/29 22:29:11,37.236
2010/11/29 22:30:24,37.236
2010/11/29 22:31:27,37.236
2010/11/29 22:32:33,37.236
2010/11/29 22:33:38,37.236
2010/11/29 22:34:46,37.236
2010/11/29 22:35:55,37.236
2010/11/29 22:37:02,37.236
2010/11/29 22:38:05,37.236
2010/11/29 22:39:12,37.236
2010/11/29 22:40:22,37.236
2010/11/29 22:41:29,37.236
2010/11/29 22:42:34,37.236
2010/11/29 22:43:41,37.236
2010/11/29 22:44:44,37.236
2010/11/29 23:34:00,37.236
2010/11/29 23:35:12,37.236
2010/11/29 23:36:21,37.236
2010/11/29 23:37:24,37.236
2010/11/29 23:38:31,37.236
2010/11/29 23:39:41,37.236
2010/11/29 23:40:47,37.236
2010/11/29 23:41:53,37.236
2010/11/29 23:43:03,37.236
2010/11/29 23:44:10,37.236
2010/11/29 23:45:21,37.236
2010/11/29 23:46:23,37.236
2010/11/29 23:47:32,37.236
2010/11/29 23:48:38,37.236
2010/11/29 23:49:45,37.236
2010/11/29 23:50:52,37.236
2010/11/29 23:51:57,37.236
2010/11/29 23:53:05,37.236
2010/11/29 23:54:12,37.236
2010/11/30 00:33:41,37.236
2010/11/30 00:34:45,37.236
2010/11/30 00:35:46,37.236
2010/11/30 00:36:55,37.236
2010/11/30 00:38:00,37.236
2010/11/30 00:39:02,37.236
2010/11/30 00:40:07,37.236
2010/11/30 00:41:10,37.236
2010/11/30 00:42:13,37.236
2010/11/30 00:43:20,37.236
2010/11/30 00:44:25,37.236
2010/11/30 00:45:30,37.236
2010/11/30 00:46:38,37.236
2010/11/30 00:47:38,37.236
2010/11/30 00:48:45,37.236
2010/11/30 00:49:50,37.236
2010/11/30 00:50:54,37.236
2010/11/30 00:51:56,37.236
2010/11/30 00:52:57,37.236
2010/11/30 01:40:36,37.236
2010/11/30 01:41:41,37.189
2010/11/30 01:42:46,37.189
2010/11/30 01:43:54,37.189
2010/11/30 01:44:59,37.189
2010/11/30 01:46:08,37.189
2010/11/30 01:47:13,37.189
2010/11/30 01:48:21,37.189
2010/11/30 01:49:25,37.189
2010/11/30 01:50:28,37.189
2010/11/30 01:51:30,37.189
2010/11/30 01:52:35,37.189
2010/11/30 01:53:41,37.189
2010/11/30 01:54:51,37.189
2010/11/30 01:55:59,37.189
2010/11/30 01:57:06,37.189
2010/11/30 01:58:13,37.189
2010/11/30 01:59:24,37.189
2010/11/30 02:00:32,37.189
2010/11/30 02:38:56,37.26
2010/11/30 02:39:59,37.26
2010/11/30 02:41:04,37.26
2010/11/30 02:42:08,37.26
2010/11/30 02:43:10,37.26
2010/11/30 02:44:18,37.26
2010/11/30 02:45:24,37.26
2010/11/30 02:46:27,37.26
2010/11/30 02:47:32,37.26
2010/11/30 02:48:38,37.26
2010/11/30 02:49:39,37.26
2010/11/30 02:50:42,37.26
2010/11/30 02:51:46,37.26
2010/11/30 02:52:52,37.26
2010/11/30 02:53:51,37.26
2010/11/30 02:54:56,37.26
2010/11/30 02:56:02,37.26
2010/11/30 02:57:11,37.26
2010/11/30 02:58:19,37.26
2010/11/30 03:47:03,37.26
2010/11/30 03:48:11,37.26
2010/11/30 03:49:17,37.26
2010/11/30 03:50:22,37.26
2010/11/30 03:51:31,37.26
2010/11/30 03:52:39,37.26
2010/11/30 03:53:48,37.26
2010/11/30 03:54:53,37.26
2010/11/30 03:55:57,37.26
2010/11/30 03:57:02,37.26
2010/11/30 03:58:07,37.26
2010/11/30 03:59:19,37.26
2010/11/30 04:00:27,37.26
2010/11/30 04:01:31,37.26
2010/11/30 04:02:35,37.26
2010/11/30 04:03:43,37.26
2010/11/30 04:04:55,37.26
2010/11/30 04:06:02,37.26
2010/11/30 04:07:10,37.26
2010/11/30 04:45:39,37.26
2010/11/30 04:46:40,37.26
2010/11/30 04:47:44,37.26
2010/11/30 04:48:49,37.26
2010/11/30 04:49:54,37.26
2010/11/30 04:50:59,37.26
2010/11/30 04:52:03,37.26
2010/11/30 04:53:08,37.26
2010/11/30 04:54:12,37.26
2010/11/30 04:55:20,37.26
2010/11/30 04:56:28,37.26
2010/11/30 04:57:36,37.26
2010/11/30 04:58:40,37.26
2010/11/30 04:59:49,37.26
2010/11/30 05:00:57,37.26
2010/11/30 05:02:00,37.26
2010/11/30 05:03:07,37.215
2010/11/30 05:04:14,37.215
2010/11/30 05:05:21,37.215
2010/11/30 05:54:05,37.215
2010/11/30 05:55:11,37.215
2010/11/30 05:56:17,37.215
2010/11/30 05:57:21,37.215
2010/11/30 05:58:30,37.215
2010/11/30 05:59:33,37.215
2010/11/30 06:00:38,37.215
2010/11/30 06:01:43,37.215
2010/11/30 06:02:48,37.215
2010/11/30 06:03:52,37.215
2010/11/30 06:04:54,37.215
2010/11/30 06:06:03,37.215
2010/11/30 06:07:06,37.215
2010/11/30 06:08:14,37.215
2010/11/30 06:09:18,37.215
2010/11/30 06:10:27,37.215
2010/11/30 06:11:32,37.215
2010/11/30 06:12:37,37.215
2010/11/30 06:13:45,37.215
2010/11/30 06:52:31,37.215
2010/11/30 06:53:37,37.215
2010/11/30 06:54:40,37.215
2010/11/30 06:55:48,37.215
2010/11/30 06:56:55,37.215
2010/11/30 06:57:59,37.215
2010/11/30 06:59:07,37.215
2010/11/30 07:00:14,37.215
2010/11/30 07:01:21,37.215
2010/11/30 07:02:31,37.215
2010/11/30 07:03:40,37.255
2010/11/30 07:04:44,37.255
2010/11/30 07:05:55,37.255
2010/11/30 07:06:59,37.255
2010/11/30 07:08:07,37.255
2010/11/30 07:09:13,37.255
2010/11/30 07:10:20,37.255
2010/11/30 07:11:28,37.255
2010/11/30 07:12:32,37.255
2010/11/30 08:01:38,37.255
2010/11/30 08:02:45,37.255
2010/11/30 08:03:55,37.255
2010/11/30 08:05:00,37.255
2010/11/30 08:06:08,37.255
2010/11/30 08:07:13,37.255
2010/11/30 08:08:22,37.255
2010/11/30 08:09:30,37.255
2010/11/30 08:10:36,37.255
2010/11/30 08:11:42,37.255
2010/11/30 08:12:50,37.255
2010/11/30 08:13:58,37.255
2010/11/30 08:15:02,37.255
2010/11/30 08:16:08,37.255
2010/11/30 08:17:17,37.255
2010/11/30 08:18:23,37.255
2010/11/30 08:19:29,37.255
2010/11/30 08:20:36,37.255
2010/11/30 08:21:43,37.255
2010/11/30 09:00:52,37.204
2010/11/30 09:01:59,37.204
2010/11/30 09:03:06,37.204
2010/11/30 09:04:11,37.204
2010/11/30 09:05:18,37.204
2010/11/30 09:06:25,37.204
2010/11/30 09:07:34,37.204
2010/11/30 09:08:38,37.204
2010/11/30 09:09:44,37.204
2010/11/30 09:10:54,37.204
2010/11/30 09:11:57,37.204
2010/11/30 09:13:01,37.204
2010/11/30 09:14:01,37.204
2010/11/30 09:15:07,37.204
2010/11/30 09:16:09,37.204
2010/11/30 09:17:14,37.204
2010/11/30 09:18:19,37.204
2010/11/30 09:19:22,37.204
2010/11/30 09:20:26,37.204
2010/11/30 10:08:39,37.204
2010/11/30 10:09:47,37.204
2010/11/30 10:10:50,37.204
2010/11/30 10:11:54,37.204
2010/11/30 10:13:00,37.204
2010/11/30 10:14:07,37.204
2010/11/30 10:15:17,37.204
2010/11/30 10:16:26,37.204
2010/11/30 10:17:31,37.204
2010/11/30 10:18:38,37.204
2010/11/30 10:19:47,37.204
2010/11/30 10:20:52,37.204
2010/11/30 10:22:00,37.204
2010/11/30 10:23:05,37.204
2010/11/30 10:24:14,37.204
2010/11/30 10:25:22,37.204
2010/11/30 10:26:31,37.204
2010/11/30 10:27:37,37.204
2010/11/30 10:28:47,37.204
2010/11/30 11:07:52,37.204
2010/11/30 11:08:58,37.204
2010/11/30 11:10:03,37.204
2010/11/30 11:11:11,37.204
2010/11/30 11:12:17,37.204
2010/11/30 11:13:28,37.204
2010/11/30 11:14:34,37.204
2010/11/30 11:15:43,37.204
2010/11/30 11:16:49,37.204
2010/11/30 11:17:56,37.204
2010/11/30 11:18:58,37.204
2010/11/30 11:20:06,37.204
2010/11/30 11:21:11,37.204
2010/11/30 11:22:21,37.204
2010/11/30 11:23:28,37.204
2010/11/30 11:24:37,37.204
2010/11/30 11:25:49,37.204
2010/11/30 11:26:59,37.204
2010/11/30 11:28:05,37.204
2010/11/30 12:16:54,37.147
2010/11/30 12:18:02,37.147
2010/11/30 12:19:15,37.147
2010/11/30 12:20:24,37.147
2010/11/30 12:21:30,37.147
2010/11/30 12:22:39,37.147
2010/11/30 12:23:46,37.147
2010/11/30 12:24:54,37.147
2010/11/30 12:26:00,37.147
2010/11/30 12:27:09,37.147
2010/11/30 12:28:15,37.147
2010/11/30 12:29:22,37.147
2010/11/30 12:30:29,37.147
2010/11/30 12:31:36,37.147
2010/11/30 12:32:44,37.147
2010/11/30 12:33:48,37.147
2010/11/30 12:34:59,37.147
2010/11/30 12:36:09,37.147
2010/11/30 12:37:17,37.147
2010/11/30 13:16:33,37.147
2010/11/30 13:17:42,37.147
2010/11/30 13:18:52,37.147
2010/11/30 13:19:54,37.147
2010/11/30 13:20:59,37.147
2010/11/30 13:22:07,37.147
2010/11/30 13:23:13,37.147
2010/11/30 13:24:20,37.147
2010/11/30 13:25:27,37.147
2010/11/30 13:26:33,37.147
2010/11/30 13:27:37,37.147
2010/11/30 13:28:41,37.147
2010/11/30 13:29:46,37.147
2010/11/30 13:30:54,37.147
2010/11/30 13:32:00,37.147
2010/11/30 13:33:05,37.147
2010/11/30 13:34:10,37.147
2010/11/30 13:35:17,37.147
2010/11/30 13:36:26,37.147
2010/11/30 14:25:06,37.147
2010/11/30 14:26:12,37.147
2010/11/30 14:27:15,37.147
2010/11/30 14:28:20,37.147
2010/11/30 14:29:26,37.147
2010/11/30 14:30:32,37.147
2010/11/30 14:31:37,37.147
2010/11/30 14:32:44,37.147
2010/11/30 14:33:51,37.147
2010/11/30 14:34:58,37.147
2010/11/30 14:36:04,37.147
2010/11/30 14:37:11,37.147
2010/11/30 14:38:17,37.147
2010/11/30 14:39:26,37.147
2010/11/30 14:40:34,37.147
2010/11/30 14:41:48,37.147
2010/11/30 14:42:55,37.147
2010/11/30 14:44:06,37.147
2010/11/30 14:45:17,37.147
2010/11/30 18:58:20,36.918
2010/11/30 18:59:16,36.918
2010/11/30 19:00:08,36.918
2010/11/30 19:01:09,36.918
2010/11/30 19:02:03,36.918
2010/11/30 19:03:04,36.918
2010/11/30 19:03:57,36.918
2010/11/30 19:04:50,36.918
2010/11/30 19:05:45,36.918
2010/11/30 19:06:38,36.918
2010/11/30 19:07:39,36.918
2010/11/30 19:08:33,36.918
2010/11/30 19:09:28,36.918
2010/11/30 19:10:21,36.918
2010/11/30 19:11:17,36.918
2010/11/30 19:12:14,36.918
2010/11/30 19:13:15,36.918
2010/11/30 19:14:14,36.918
2010/11/30 19:15:05,36.918
2010/11/30 19:46:27,36.918
2010/11/30 19:47:27,36.918
2010/11/30 19:48:31,36.918
2010/11/30 19:49:31,36.918
2010/11/30 19:50:45,36.918
2010/11/30 19:51:43,36.918
2010/11/30 19:52:50,36.918
2010/11/30 19:53:58,36.918
2010/11/30 19:55:01,36.918
2010/11/30 19:56:08,36.918
2010/11/30 19:57:05,36.918
2010/11/30 19:58:05,36.918
2010/11/30 19:59:05,36.918
2010/11/30 20:00:05,36.918
2010/11/30 20:01:01,36.918
2010/11/30 20:02:00,36.918
2010/11/30 20:03:02,36.918
2010/11/30 20:04:00,36.918
2010/11/30 20:05:02,36.918
2010/11/30 20:47:28,36.918
2010/11/30 20:48:37,36.918
2010/11/30 20:49:44,36.918
2010/11/30 20:50:44,36.918
2010/11/30 20:51:46,36.918
2010/11/30 20:52:52,36.918
2010/11/30 20:53:49,36.918
2010/11/30 20:54:49,36.918
2010/11/30 20:55:42,36.918
2010/11/30 20:56:38,36.918
2010/11/30 20:57:37,36.918
2010/11/30 20:58:42,36.918
2010/11/30 20:59:33,36.918
2010/11/30 21:00:27,36.918
2010/11/30 21:01:21,36.918
2010/11/30 21:02:14,36.918
2010/11/30 21:03:08,36.918
2010/11/30 21:04:05,36.918
2010/11/30 21:04:56,36.918
2010/11/30 21:37:46,36.918
2010/11/30 21:38:42,36.918
2010/11/30 21:39:39,36.918
2010/11/30 21:40:32,36.918
2010/11/30 21:41:42,36.918
2010/11/30 21:42:35,36.918
2010/11/30 21:43:33,36.918
2010/11/30 21:44:30,36.918
2010/11/30 21:45:26,36.918
2010/11/30 21:46:21,36.918
2010/11/30 21:47:11,36.918
2010/11/30 21:48:05,36.796
2010/11/30 21:49:01,36.796
2010/11/30 21:49:54,36.796
2010/11/30 21:50:47,36.796
2010/11/30 21:51:41,36.796
2010/11/30 21:52:35,36.796
2010/11/30 21:53:25,36.796
2010/11/30 21:54:16,36.796
2010/11/30 22:34:05,36.687
2010/11/30 22:35:05,36.687
2010/11/30 22:35:59,36.687
2010/11/30 22:37:01,36.687
2010/11/30 22:37:52,36.687
2010/11/30 22:38:40,36.687
2010/11/30 22:39:38,36.687
2010/11/30 22:40:35,36.687
2010/11/30 22:41:29,36.687
2010/11/30 22:42:20,36.687
2010/11/30 22:43:15,36.687
2010/11/30 22:44:09,36.687
2010/11/30 22:45:02,36.687
2010/11/30 22:46:01,36.687
2010/11/30 22:46:59,36.687
2010/11/30 22:47:53,36.687
2010/11/30 22:48:46,36.687
2010/11/30 22:49:38,36.687
2010/11/30 22:50:28,36.687
2010/11/30 23:23:17,36.687
2010/11/30 23:24:07,36.687
2010/11/30 23:25:02,36.687
2010/11/30 23:25:52,36.687
2010/11/30 23:26:44,36.687
2010/11/30 23:27:36,36.687
2010/11/30 23:28:26,36.687
2010/11/30 23:29:17,36.687
2010/11/30 23:30:14,36.687
2010/11/30 23:31:04,36.687
2010/11/30 23:31:55,36.687
2010/11/30 23:32:50,36.687
2010/11/30 23:33:41,36.687
2010/11/30 23:34:32,36.687
2010/11/30 23:35:24,36.687
2010/11/30 23:36:13,36.687
2010/11/30 23:37:06,36.687
2010/11/30 23:38:02,36.687
2010/11/30 23:39:05,36.687
2010/12/01 00:18:09,36.961
2010/12/01 00:19:03,36.961
2010/12/01 00:19:53,36.961
2010/12/01 00:20:45,36.961
2010/12/01 00:21:39,36.961
2010/12/01 00:22:30,36.961
2010/12/01 00:23:25,36.961
2010/12/01 00:24:21,36.961
2010/12/01 00:25:17,36.961
2010/12/01 00:26:10,36.961
2010/12/01 00:27:06,36.961
2010/12/01 00:28:04,36.961
2010/12/01 00:29:04,36.961
2010/12/01 00:30:06,36.961
2010/12/01 00:31:04,36.961
2010/12/01 00:32:02,36.961
2010/12/01 00:32:59,36.961
2010/12/01 00:34:03,36.961
2010/12/01 00:35:07,36.961
2010/12/01 01:07:00,36.961
2010/12/01 01:07:54,36.961
2010/12/01 01:08:48,36.961
2010/12/01 01:09:36,36.961
2010/12/01 01:10:26,36.961
2010/12/01 01:11:16,36.868
2010/12/01 01:12:12,36.868
2010/12/01 01:13:04,36.868
2010/12/01 01:13:53,36.868
2010/12/01 01:14:45,36.868
2010/12/01 01:15:36,36.868
2010/12/01 01:16:28,36.868
2010/12/01 01:17:20,36.868
2010/12/01 01:18:14,36.868
2010/12/01 01:19:07,36.868
2010/12/01 01:19:59,36.868
2010/12/01 01:20:53,36.868
2010/12/01 01:21:48,36.868
2010/12/01 01:22:41,36.868
2010/12/01 02:03:16,36.868
2010/12/01 02:04:10,36.868
2010/12/01 02:05:09,36.868
2010/12/01 02:06:03,36.868
2010/12/01 02:06:57,36.868
2010/12/01 02:07:56,36.868
2010/12/01 02:08:47,36.868
2010/12/01 02:09:42,36.868
2010/12/01 02:10:36,36.868
2010/12/01 02:11:29,36.868
2010/12/01 02:12:20,36.868
2010/12/01 02:13:14,36.868
2010/12/01 02:14:08,36.868
2010/12/01 02:14:58,36.868
2010/12/01 02:15:50,36.868
2010/12/01 02:16:46,36.868
2010/12/01 02:17:39,36.868
2010/12/01 02:18:31,36.868
2010/12/01 02:19:39,36.868
2010/12/01 02:52:57,36.868
2010/12/01 02:53:48,36.821
2010/12/01 02:54:47,36.821
2010/12/01 02:55:43,36.821
2010/12/01 02:56:37,36.821
2010/12/01 02:57:37,36.821
2010/12/01 02:58:28,36.821
2010/12/01 02:59:24,36.821
2010/12/01 03:00:26,36.821
2010/12/01 03:01:22,36.821
2010/12/01 03:02:12,36.821
2010/12/01 03:03:05,36.821
2010/12/01 03:04:00,36.821
2010/12/01 03:04:53,36.821
2010/12/01 03:05:56,36.821
2010/12/01 03:06:50,36.821
2010/12/01 03:07:53,36.821
2010/12/01 03:08:57,36.821
2010/12/01 03:09:50,36.821
2010/12/01 03:49:21,36.821
2010/12/01 03:50:24,36.821
2010/12/01 03:51:18,36.821
2010/12/01 03:52:11,36.821
2010/12/01 03:53:04,36.821
2010/12/01 03:53:57,36.821
2010/12/01 03:54:48,36.821
2010/12/01 03:55:39,36.821
2010/12/01 03:56:31,36.821
2010/12/01 03:57:24,36.821
2010/12/01 03:58:20,36.821
2010/12/01 03:59:13,36.821
2010/12/01 04:00:04,36.821
2010/12/01 04:00:57,36.821
2010/12/01 04:01:52,36.821
2010/12/01 04:02:42,36.821
2010/12/01 04:03:39,36.821
2010/12/01 04:04:28,36.821
2010/12/01 04:05:19,36.821
2010/12/01 04:36:03,36.755
2010/12/01 04:36:58,36.755
2010/12/01 04:37:54,36.755
2010/12/01 04:38:47,36.755
2010/12/01 04:39:39,36.755
2010/12/01 04:40:34,36.755
2010/12/01 04:41:35,36.755
2010/12/01 04:42:27,36.755
2010/12/01 04:43:17,36.755
2010/12/01 04:44:11,36.755
2010/12/01 04:45:00,36.755
2010/12/01 04:45:53,36.755
2010/12/01 04:46:47,36.755
2010/12/01 04:47:40,36.755
2010/12/01 04:48:33,36.755
2010/12/01 04:49:23,36.755
2010/12/01 04:50:14,36.755
2010/12/01 04:51:07,36.755
2010/12/01 04:52:01,36.755
2010/12/01 05:30:54,36.755
2010/12/01 05:31:42,36.755
2010/12/01 05:32:33,36.755
2010/12/01 05:33:26,36.755
2010/12/01 05:34:22,36.755
2010/12/01 05:35:13,36.755
2010/12/01 05:36:02,36.755
2010/12/01 05:36:55,36.755
2010/12/01 05:37:50,36.755
2010/12/01 05:38:44,36.755
2010/12/01 05:39:35,36.755
2010/12/01 05:40:24,36.755
2010/12/01 05:41:12,36.755
2010/12/01 05:42:01,36.755
2010/12/01 05:42:51,36.755
2010/12/01 05:43:44,36.755
2010/12/01 05:44:34,36.755
2010/12/01 05:45:29,36.755
2010/12/01 05:46:28,36.755
2010/12/01 06:18:43,36.755
2010/12/01 06:19:36,36.755
2010/12/01 06:20:27,36.755
2010/12/01 06:21:27,36.755
2010/12/01 06:22:25,36.755
2010/12/01 06:23:25,36.755
2010/12/01 06:24:24,36.755
2010/12/01 06:25:20,36.755
2010/12/01 06:26:12,36.755
2010/12/01 06:27:06,36.755
2010/12/01 06:28:04,36.755
2010/12/01 06:28:53,36.755
2010/12/01 06:29:50,36.755
2010/12/01 06:30:43,36.755
2010/12/01 06:31:35,36.755
2010/12/01 06:32:29,36.755
2010/12/01 06:33:20,36.755
2010/12/01 06:34:12,36.755
2010/12/01 06:35:04,36.755
2010/12/01 07:15:06,36.755
2010/12/01 07:15:59,36.755
2010/12/01 07:16:57,36.755
2010/12/01 07:17:50,36.755
2010/12/01 07:18:44,36.755
2010/12/01 07:19:36,36.755
2010/12/01 07:20:31,36.755
2010/12/01 07:21:22,36.755
2010/12/01 07:22:19,36.755
2010/12/01 07:23:12,36.755
2010/12/01 07:24:04,36.755
2010/12/01 07:24:54,36.755
2010/12/01 07:25:48,36.755
2010/12/01 07:26:42,36.755
2010/12/01 07:27:33,36.755
2010/12/01 07:28:22,36.755
2010/12/01 07:29:14,36.755
2010/12/01 07:30:07,36.755
2010/12/01 07:31:02,36.755
2010/12/01 08:02:45,36.63
2010/12/01 08:03:37,36.63
2010/12/01 08:04:33,36.63
2010/12/01 08:05:31,36.63
2010/12/01 08:06:25,36.63
2010/12/01 08:07:18,36.63
2010/12/01 08:08:09,36.63
2010/12/01 08:09:03,36.63
2010/12/01 08:09:59,36.63
2010/12/01 08:10:57,36.63
2010/12/01 08:11:50,36.63
2010/12/01 08:12:50,36.63
2010/12/01 08:13:46,36.63
2010/12/01 08:14:46,36.63
2010/12/01 08:15:40,36.63
2010/12/01 08:16:43,36.63
2010/12/01 08:17:35,36.63
2010/12/01 08:18:28,36.63
2010/12/01 08:19:29,36.63
2010/12/01 08:59:06,36.63
2010/12/01 09:00:03,36.63
2010/12/01 09:01:03,36.63
2010/12/01 09:01:57,36.63
2010/12/01 09:02:47,36.63
2010/12/01 09:03:45,36.63
2010/12/01 09:04:37,36.63
2010/12/01 09:05:31,36.63
2010/12/01 09:06:21,36.63
2010/12/01 09:07:15,36.63
2010/12/01 09:08:12,36.63
2010/12/01 09:09:03,36.63
2010/12/01 09:09:57,36.63
2010/12/01 09:10:57,36.63
2010/12/01 09:11:50,36.63
2010/12/01 09:12:52,36.63
2010/12/01 09:13:51,36.63
2010/12/01 09:14:48,36.63
2010/12/01 09:15:40,36.63
2010/12/01 09:46:59,36.63
2010/12/01 09:47:50,36.63
2010/12/01 09:48:49,36.63
2010/12/01 09:49:42,36.63
2010/12/01 09:50:32,36.63
2010/12/01 09:51:28,36.63
2010/12/01 09:52:25,36.63
2010/12/01 09:53:19,36.63
2010/12/01 09:54:11,36.63
2010/12/01 09:55:02,36.63
2010/12/01 09:55:56,36.63
2010/12/01 09:56:49,36.63
2010/12/01 09:57:47,36.63
2010/12/01 09:58:38,36.63
2010/12/01 09:59:32,36.63
2010/12/01 10:00:28,36.63
2010/12/01 10:01:19,36.63
2010/12/01 10:02:15,36.63
2010/12/01 10:03:11,36.63
2010/12/01 10:42:15,36.63
2010/12/01 10:43:10,36.63
2010/12/01 10:43:58,36.63
2010/12/01 10:44:50,36.63
2010/12/01 10:45:44,36.63
2010/12/01 10:46:37,36.63
2010/12/01 10:47:34,36.63
2010/12/01 10:48:27,36.63
2010/12/01 10:49:18,36.63
2010/12/01 10:50:09,36.63
2010/12/01 10:51:00,36.63
2010/12/01 10:51:54,36.63
2010/12/01 10:52:46,36.63
2010/12/01 10:53:39,36.63
2010/12/01 10:54:36,36.63
2010/12/01 10:55:32,36.63
2010/12/01 10:56:24,36.63
2010/12/01 10:57:22,36.63
2010/12/01 10:58:13,36.63
2010/12/01 11:29:41,36.523
2010/12/01 11:30:36,36.523
2010/12/01 11:31:27,36.523
2010/12/01 11:32:17,36.523
2010/12/01 11:33:09,36.523
2010/12/01 11:34:05,36.523
2010/12/01 11:34:55,36.523
2010/12/01 11:35:43,36.523
2010/12/01 11:36:40,36.523
2010/12/01 11:37:37,36.523
2010/12/01 11:38:28,36.523
2010/12/01 11:39:18,36.523
2010/12/01 11:40:10,36.523
2010/12/01 11:41:01,36.523
2010/12/01 11:41:56,36.523
2010/12/01 11:42:47,36.523
2010/12/01 11:43:37,36.523
2010/12/01 11:44:31,36.523
2010/12/01 11:45:24,36.523
2010/12/01 12:25:04,36.523
2010/12/01 12:26:09,36.523
2010/12/01 12:27:04,36.523
2010/12/01 12:27:55,36.523
2010/12/01 12:29:01,36.523
2010/12/01 12:29:57,36.523
2010/12/01 12:30:53,36.523
2010/12/01 12:31:54,36.523
2010/12/01 12:32:53,36.523
2010/12/01 12:33:53,36.523
2010/12/01 12:34:50,36.523
2010/12/01 12:35:57,36.523
2010/12/01 12:36:56,36.523
2010/12/01 12:37:57,36.523
2010/12/01 12:38:57,36.523
2010/12/01 12:39:52,36.523
2010/12/01 12:40:43,36.523
2010/12/01 12:41:36,36.523
2010/12/01 12:42:30,36.418
2010/12/01 13:15:08,36.418
2010/12/01 13:16:03,36.418
2010/12/01 13:17:01,36.418
2010/12/01 13:18:04,36.418
2010/12/01 13:19:07,36.418
2010/12/01 13:20:04,36.418
2010/12/01 13:20:54,36.418
2010/12/01 13:21:46,36.418
2010/12/01 13:22:39,36.418
2010/12/01 13:23:38,36.418
2010/12/01 13:24:40,36.418
2010/12/01 13:25:32,36.418
2010/12/01 13:26:32,36.418
2010/12/01 13:27:26,36.418
2010/12/01 13:28:26,36.418
2010/12/01 13:29:24,36.418
2010/12/01 13:30:20,36.418
2010/12/01 13:31:14,36.418
2010/12/01 13:32:08,36.418
2010/12/01 14:13:51,36.418
2010/12/01 14:14:48,36.418
2010/12/01 14:15:39,36.418
2010/12/01 14:16:29,36.418
2010/12/01 14:17:28,36.418
2010/12/01 14:18:28,36.418
2010/12/01 14:19:28,36.418
2010/12/01 14:20:27,36.418
2010/12/01 14:21:30,36.418
2010/12/01 14:22:23,36.418
2010/12/01 14:23:25,36.418
2010/12/01 14:24:26,36.418
2010/12/01 14:25:21,36.418
2010/12/01 14:26:11,36.418
2010/12/01 14:27:09,36.418
2010/12/01 14:28:01,36.418
2010/12/01 14:28:56,36.418
2010/12/01 14:29:49,36.418
2010/12/01 14:30:47,36.418
2010/12/01 15:02:01,36.277
2010/12/01 15:02:54,36.277
2010/12/01 15:03:46,36.277
2010/12/01 15:04:43,36.277
2010/12/01 15:05:33,36.277
2010/12/01 15:06:23,36.277
2010/12/01 15:07:13,36.277
2010/12/01 15:08:13,36.277
2010/12/01 15:09:07,36.277
2010/12/01 15:09:57,36.277
2010/12/01 15:10:50,36.277
2010/12/01 15:11:48,36.277
2010/12/01 15:12:39,36.277
2010/12/01 15:13:34,36.277
2010/12/01 15:14:35,36.277
2010/12/01 15:15:31,36.277
2010/12/01 15:16:29,36.277
2010/12/01 15:17:20,36.277
2010/12/01 15:18:11,36.277
2010/12/01 15:58:33,36.277
2010/12/01 15:59:33,36.277
2010/12/01 16:00:26,36.277
2010/12/01 16:01:21,36.277
2010/12/01 16:02:19,36.277
2010/12/01 16:03:19,36.277
2010/12/01 16:04:13,36.277
2010/12/01 16:05:09,36.277
2010/12/01 16:06:05,36.277
2010/12/01 16:07:04,36.277
2010/12/01 16:07:57,36.277
2010/12/01 16:08:50,36.277
2010/12/01 16:09:44,36.277
2010/12/01 16:10:45,36.277
2010/12/01 16:11:34,36.277
2010/12/01 16:12:31,36.277
2010/12/01 16:13:25,36.277
2010/12/01 16:14:17,36.277
2010/12/01 16:15:12,36.277
2010/12/01 16:46:26,36.277
2010/12/01 16:47:21,36.277
2010/12/01 16:48:09,36.277
2010/12/01 16:49:00,36.277
2010/12/01 16:49:50,36.277
2010/12/01 16:50:44,36.277
2010/12/01 16:51:40,36.277
2010/12/01 16:52:30,36.277
2010/12/01 16:53:23,36.277
2010/12/01 16:54:15,36.277
2010/12/01 16:55:10,36.277
2010/12/01 16:56:01,36.277
2010/12/01 16:56:51,36.277
2010/12/01 16:57:51,36.277
2010/12/01 16:58:48,36.277
2010/12/01 16:59:44,36.277
2010/12/01 17:00:40,36.277
2010/12/01 17:01:29,36.277
2010/12/01 17:02:31,36.277
2010/12/01 17:41:49,36.16
2010/12/01 17:42:47,36.16
2010/12/01 17:43:41,36.16
2010/12/01 17:44:30,36.16
2010/12/01 17:45:22,36.16
2010/12/01 17:46:18,36.16
2010/12/01 17:47:12,36.16
2010/12/01 17:48:06,36.16
2010/12/01 17:49:01,36.16
2010/12/01 17:49:53,36.16
2010/12/01 17:50:47,36.16
2010/12/01 17:51:49,36.16
2010/12/01 17:52:43,36.16
2010/12/01 17:53:42,36.16
2010/12/01 17:54:31,36.16
2010/12/01 17:55:21,36.16
2010/12/01 17:56:13,36.16
2010/12/01 17:57:12,36.16
2010/12/01 17:58:06,36.16
2010/12/01 18:30:15,36.004
2010/12/01 18:31:08,36.004
2010/12/01 18:32:08,36.004
2010/12/01 18:33:01,36.004
2010/12/01 18:33:57,36.004
2010/12/01 18:34:51,36.004
2010/12/01 18:35:50,36.004
2010/12/01 18:36:54,36.004
2010/12/01 18:37:52,36.004
2010/12/01 18:38:53,36.004
2010/12/01 18:39:44,36.004
2010/12/01 18:40:40,36.004
2010/12/01 18:41:30,36.004
2010/12/01 18:42:29,36.004
2010/12/01 18:43:27,36.004
2010/12/01 18:44:21,36.004
2010/12/01 18:45:16,36.004
2010/12/01 18:46:11,36.004
2010/12/01 18:47:04,36.004
2010/12/01 19:26:22,36.004
2010/12/01 19:27:12,36.004
2010/12/01 19:28:04,36.004
2010/12/01 19:28:54,36.004
2010/12/01 19:29:45,36.004
2010/12/01 19:30:35,36.004
2010/12/01 19:31:25,36.004
2010/12/01 19:32:17,36.004
2010/12/01 19:33:09,36.004
2010/12/01 19:33:59,36.004
2010/12/01 19:34:50,36.004
2010/12/01 19:35:42,36.004
2010/12/01 19:36:37,36.004
2010/12/01 19:37:32,36.004
2010/12/01 19:38:23,36.004
2010/12/01 19:39:16,36.004
2010/12/01 19:40:06,36.004
2010/12/01 19:40:58,36.004
2010/12/01 19:41:50,36.004
2010/12/01 20:12:50,36.004
2010/12/01 20:13:45,36.004
2010/12/01 20:14:40,36.004
2010/12/01 20:15:32,36.004
2010/12/01 20:16:25,36.004
2010/12/01 20:17:20,36.004
2010/12/01 20:18:18,36.004
2010/12/01 20:19:13,36.004
2010/12/01 20:20:09,36.004
2010/12/01 20:21:04,36.004
2010/12/01 20:21:58,36.004
2010/12/01 20:22:49,36.004
2010/12/01 20:23:40,36.004
2010/12/01 20:24:32,36.004
2010/12/01 20:25:28,36.004
2010/12/01 20:26:20,36.004
2010/12/01 20:27:12,36.004
2010/12/01 20:28:02,36.004
2010/12/01 20:28:53,36.004
2010/12/01 21:09:28,36.004
2010/12/01 21:10:20,36.004
2010/12/01 21:11:11,36.004
2010/12/01 21:12:16,36.004
2010/12/01 21:13:12,36.004
2010/12/01 21:14:12,36.004
2010/12/01 21:15:05,36.004
2010/12/01 21:16:00,36.004
2010/12/01 21:16:55,36.004
2010/12/01 21:17:47,36.004
2010/12/01 21:18:47,36.004
2010/12/01 21:19:47,36.004
2010/12/01 21:20:41,36.004
2010/12/01 21:21:35,36.004
2010/12/01 21:22:31,36.004
2010/12/01 21:23:28,36.004
2010/12/01 21:24:26,36.004
2010/12/01 21:25:22,36.004
2010/12/01 21:26:12,36.004
2010/12/01 21:59:48,35.782
2010/12/01 22:00:48,35.782
2010/12/01 22:01:47,35.782
2010/12/01 22:02:45,35.782
2010/12/01 22:03:48,35.782
2010/12/01 22:04:46,35.782
2010/12/01 22:05:50,35.782
2010/12/01 22:06:53,35.782
2010/12/01 22:07:58,35.782
2010/12/01 22:09:02,35.782
2010/12/01 22:10:04,35.782
2010/12/01 22:11:10,35.782
2010/12/01 22:12:00,35.782
2010/12/01 22:12:57,35.782
2010/12/01 22:13:49,35.782
2010/12/01 22:14:47,35.782
2010/12/01 22:15:50,35.782
2010/12/01 22:16:54,35.782
2010/12/01 22:17:55,35.782
2010/12/01 23:01:03,35.746
2010/12/01 23:02:04,35.746
2010/12/01 23:02:57,35.746
2010/12/01 23:03:54,35.746
2010/12/01 23:04:56,35.746
2010/12/01 23:06:01,35.746
2010/12/01 23:06:59,35.746
2010/12/01 23:08:03,35.746
2010/12/01 23:09:05,35.746
2010/12/01 23:10:00,35.746
2010/12/01 23:10:59,35.746
2010/12/01 23:11:53,35.746
2010/12/01 23:12:49,35.746
2010/12/01 23:13:47,35.746
2010/12/01 23:14:47,35.746
2010/12/01 23:15:36,35.746
2010/12/01 23:16:31,35.746
2010/12/01 23:17:34,35.746
2010/12/01 23:18:42,35.746
2010/12/01 23:52:40,35.746
2010/12/01 23:53:34,35.746
2010/12/01 23:54:27,35.746
2010/12/01 23:55:24,35.746
2010/12/01 23:56:18,35.746
2010/12/01 23:57:09,35.746
2010/12/01 23:58:08,35.746
2010/12/01 23:59:04,35.746
2010/12/02 00:00:11,35.746
2010/12/02 00:01:12,35.746
2010/12/02 00:02:07,35.746
2010/12/02 00:02:58,35.746
2010/12/02 00:03:58,35.746
2010/12/02 00:04:56,35.746
2010/12/02 00:05:54,35.746
2010/12/02 00:06:53,35.746
2010/12/02 00:07:48,35.746
2010/12/02 00:08:47,35.746
2010/12/02 00:09:41,35.746
2010/12/02 00:53:12,35.746
2010/12/02 00:54:08,35.746
2010/12/02 00:55:03,35.746
2010/12/02 00:55:57,35.746
2010/12/02 00:56:51,35.746
2010/12/02 00:57:54,35.746
2010/12/02 00:58:49,35.746
2010/12/02 00:59:51,35.746
2010/12/02 01:00:46,35.746
2010/12/02 01:01:42,35.746
2010/12/02 01:02:37,35.746
2010/12/02 01:03:29,35.746
2010/12/02 01:04:24,35.746
2010/12/02 01:05:18,35.746
2010/12/02 01:06:17,35.746
2010/12/02 01:07:20,35.746
2010/12/02 01:08:26,35.746
2010/12/02 01:09:29,35.746
2010/12/02 01:10:24,35.746
2010/12/02 01:45:02,35.527
2010/12/02 01:46:03,35.527
2010/12/02 01:46:57,35.527
2010/12/02 01:47:53,35.527
2010/12/02 01:48:54,35.527
2010/12/02 01:49:52,35.527
2010/12/02 01:50:58,35.527
2010/12/02 01:52:03,35.527
2010/12/02 01:53:02,35.527
2010/12/02 01:53:59,35.527
2010/12/02 01:54:58,35.527
2010/12/02 01:56:00,35.527
2010/12/02 01:57:02,35.527
2010/12/02 01:58:06,35.527
2010/12/02 01:59:07,35.527
2010/12/02 02:00:00,35.527
2010/12/02 02:01:04,35.527
2010/12/02 02:02:05,35.527
2010/12/02 02:03:09,35.527
2010/12/02 02:47:00,35.527
2010/12/02 02:48:06,35.527
2010/12/02 02:49:01,35.527
2010/12/02 02:50:01,35.527
2010/12/02 02:51:04,35.527
2010/12/02 02:52:06,35.527
2010/12/02 02:53:06,35.527
2010/12/02 02:54:03,35.527
2010/12/02 02:55:05,35.527
2010/12/02 02:56:08,35.527
2010/12/02 02:57:10,35.527
2010/12/02 02:58:09,35.527
2010/12/02 02:59:10,35.527
2010/12/02 03:00:11,35.527
2010/12/02 03:01:11,35.527
2010/12/02 03:02:10,35.527
2010/12/02 03:03:10,35.527
2010/12/02 03:04:18,35.527
2010/12/02 03:05:25,35.527
2010/12/02 03:40:25,35.493
2010/12/02 03:41:19,35.493
2010/12/02 03:42:15,35.493
2010/12/02 03:43:17,35.493
2010/12/02 03:44:13,35.493
2010/12/02 03:45:16,35.493
2010/12/02 03:46:18,35.493
2010/12/02 03:47:26,35.493
2010/12/02 03:48:32,35.493
2010/12/02 03:49:41,35.493
2010/12/02 03:50:41,35.493
2010/12/02 03:51:38,35.493
2010/12/02 03:52:38,35.493
2010/12/02 03:53:32,35.493
2010/12/02 03:54:33,35.493
2010/12/02 03:55:30,35.493
2010/12/02 03:56:26,35.493
2010/12/02 03:57:23,35.493
2010/12/02 03:58:28,35.493
2010/12/02 04:41:37,35.313
2010/12/02 04:42:34,35.313
2010/12/02 04:43:36,35.313
2010/12/02 04:44:38,35.313
2010/12/02 04:45:32,35.313
2010/12/02 04:46:33,35.313
2010/12/02 04:47:31,35.313
2010/12/02 04:48:26,35.313
2010/12/02 04:49:30,35.313
2010/12/02 04:50:24,35.313
2010/12/02 04:51:24,35.313
2010/12/02 04:52:17,35.313
2010/12/02 04:53:12,35.313
2010/12/02 04:54:15,35.313
2010/12/02 04:55:20,35.313
2010/12/02 04:56:22,35.313
2010/12/02 04:57:22,35.313
2010/12/02 04:58:28,35.313
2010/12/02 04:59:26,35.313
2010/12/02 05:33:27,35.313
2010/12/02 05:34:26,35.313
2010/12/02 05:35:24,35.313
2010/12/02 05:36:27,35.313
2010/12/02 05:37:31,35.313
2010/12/02 05:38:31,35.313
2010/12/02 05:39:28,35.313
2010/12/02 05:40:29,35.313
2010/12/02 05:41:40,35.313
2010/12/02 05:42:45,35.313
2010/12/02 05:43:49,35.313
2010/12/02 05:44:48,35.313
2010/12/02 05:45:57,35.313
2010/12/02 05:46:55,35.313
2010/12/02 05:47:52,35.313
2010/12/02 05:48:49,35.313
2010/12/02 05:49:46,35.313
2010/12/02 05:50:49,35.313
2010/12/02 05:51:55,35.313
2010/12/02 06:36:33,35.313
2010/12/02 06:37:34,35.313
2010/12/02 06:38:38,35.313
2010/12/02 06:39:44,35.313
2010/12/02 06:40:50,35.313
2010/12/02 06:41:48,35.313
2010/12/02 06:42:46,35.313
2010/12/02 06:43:50,35.313
2010/12/02 06:44:56,35.313
2010/12/02 06:46:03,35.313
2010/12/02 06:47:03,35.313
2010/12/02 06:48:00,35.313
2010/12/02 06:49:06,35.313
2010/12/02 06:50:12,35.313
2010/12/02 06:51:13,35.313
2010/12/02 06:52:14,35.313
2010/12/02 06:53:14,35.313
2010/12/02 06:54:22,35.313
2010/12/02 06:55:22,35.313
2010/12/02 07:31:34,35.313
2010/12/02 07:32:27,35.313
2010/12/02 07:33:24,35.313
2010/12/02 07:34:26,35.313
2010/12/02 07:35:31,35.313
2010/12/02 07:36:36,35.313
2010/12/02 07:37:40,35.313
2010/12/02 07:38:39,35.313
2010/12/02 07:39:37,35.313
2010/12/02 07:40:33,35.313
2010/12/02 07:41:34,35.313
2010/12/02 07:42:31,35.313
2010/12/02 07:43:35,35.313
2010/12/02 07:44:33,35.313
2010/12/02 07:45:33,35.313
2010/12/02 07:46:40,35.313
2010/12/02 07:47:39,35.313
2010/12/02 07:48:43,35.313
2010/12/02 07:49:38,35.313
