Date,SST
2010/11/24 18:15:33,12.11
2010/11/24 18:16:36,12.134
2010/11/24 18:17:45,12.146
2010/11/24 18:18:51,12.161
2010/11/24 18:19:56,12.183
2010/11/24 18:20:58,12.194
2010/11/24 18:22:01,12.218
2010/11/24 18:23:05,12.23
2010/11/24 18:24:09,12.237
2010/11/24 18:25:15,12.251
2010/11/24 18:26:21,12.262
2010/11/24 18:27:23,12.276
2010/11/24 18:28:30,12.295
2010/11/24 18:29:35,12.312
2010/11/24 18:30:45,12.33
2010/11/24 18:31:51,12.34
2010/11/24 18:32:51,12.349
2010/11/24 18:34:00,12.365
2010/11/24 18:35:08,12.382
2010/11/24 19:12:32,12.818
2010/11/24 19:13:36,12.837
2010/11/24 19:14:42,12.869
2010/11/24 19:15:42,12.884
2010/11/24 19:16:42,12.897
2010/11/24 19:17:45,12.906
2010/11/24 19:18:48,12.913
2010/11/24 19:19:52,12.918
2010/11/24 19:20:57,12.927
2010/11/24 19:22:04,12.939
2010/11/24 19:23:08,12.944
2010/11/24 19:24:12,12.951
2010/11/24 19:25:14,12.956
2010/11/24 19:26:19,12.965
2010/11/24 19:27:28,12.973
2010/11/24 19:28:32,12.986
2010/11/24 19:29:39,12.988
2010/11/24 19:30:42,12.997
2010/11/24 19:31:44,13.003
2010/11/24 21:20:31,13.596
2010/11/24 21:21:33,13.601
2010/11/24 21:22:36,13.593
2010/11/24 21:23:41,13.59
2010/11/24 21:24:42,13.589
2010/11/24 21:25:43,13.589
2010/11/24 21:26:45,13.587
2010/11/24 21:27:50,13.598
2010/11/24 21:28:55,13.593
2010/11/24 21:29:58,13.596
2010/11/24 21:31:01,13.598
2010/11/24 21:32:06,13.6
2010/11/24 21:33:07,13.604
2010/11/24 21:34:07,13.609
2010/11/25 00:21:15,13.194
2010/11/25 00:22:18,13.183
2010/11/25 00:23:27,13.175
2010/11/25 00:24:35,13.166
2010/11/25 00:25:39,13.172
2010/11/25 00:26:40,13.163
2010/11/25 00:27:43,13.165
2010/11/25 00:28:49,13.159
2010/11/25 00:29:56,13.152
2010/11/25 00:31:00,13.152
2010/11/25 00:32:04,13.142
2010/11/25 00:33:13,13.143
2010/11/25 00:34:11,13.136
2010/11/25 00:35:21,13.129
2010/11/25 00:36:27,13.118
2010/11/25 00:37:24,13.122
2010/11/25 00:38:28,13.111
2010/11/25 00:39:33,13.109
2010/11/25 00:40:38,13.113
2010/11/25 01:17:32,13.069
2010/11/25 01:18:33,13.072
2010/11/25 01:19:30,13.055
2010/11/25 01:20:38,13.044
2010/11/25 01:21:42,13.022
2010/11/25 01:22:50,13.007
2010/11/25 01:23:53,13
2010/11/25 01:24:59,13.013
2010/11/25 01:26:05,12.999
2010/11/25 01:27:05,12.976
2010/11/25 01:28:07,12.994
2010/11/25 01:29:14,12.973
2010/11/25 01:30:20,12.969
2010/11/25 01:31:32,12.961
2010/11/25 01:32:41,12.959
2010/11/25 01:33:43,12.965
2010/11/25 01:34:44,12.971
2010/11/25 01:35:47,12.969
2010/11/25 01:36:51,12.963
2010/11/25 02:22:55,12.783
2010/11/25 02:23:58,12.793
2010/11/25 02:25:05,12.784
2010/11/25 02:26:08,12.79
2010/11/25 02:27:13,12.784
2010/11/25 02:28:19,12.784
2010/11/25 02:29:22,12.782
2010/11/25 02:30:26,12.793
2010/11/25 02:31:31,12.779
2010/11/25 02:32:33,12.786
2010/11/25 02:33:38,12.777
2010/11/25 02:34:45,12.771
2010/11/25 02:35:47,12.772
2010/11/25 02:36:48,12.763
2010/11/25 02:37:50,12.768
2010/11/25 02:38:53,12.764
2010/11/25 02:39:58,12.757
2010/11/25 02:41:01,12.753
2010/11/25 02:42:08,12.744
2010/11/25 03:19:41,12.728
2010/11/25 03:20:50,12.724
2010/11/25 03:21:50,12.728
2010/11/25 03:22:47,12.736
2010/11/25 03:23:50,12.736
2010/11/25 03:24:56,12.737
2010/11/25 03:25:57,12.738
2010/11/25 03:27:01,12.749
2010/11/25 03:28:06,12.761
2010/11/25 03:29:15,12.764
2010/11/25 03:30:21,12.759
2010/11/25 03:31:19,12.751
2010/11/25 03:32:21,12.739
2010/11/25 03:33:28,12.738
2010/11/25 03:34:25,12.727
2010/11/25 03:35:26,12.716
2010/11/25 03:36:32,12.702
2010/11/25 03:37:36,12.696
2010/11/25 03:38:36,12.692
2010/11/25 04:25:16,12.545
2010/11/25 04:26:21,12.546
2010/11/25 04:27:25,12.559
2010/11/25 04:28:30,12.567
2010/11/25 04:29:35,12.565
2010/11/25 04:30:42,12.568
2010/11/25 04:31:46,12.579
2010/11/25 04:32:51,12.579
2010/11/25 04:34:00,12.587
2010/11/25 04:35:01,12.579
2010/11/25 04:36:04,12.579
2010/11/25 04:37:08,12.576
2010/11/25 04:38:15,12.574
2010/11/25 04:39:26,12.568
2010/11/25 04:40:24,12.559
2010/11/25 04:41:19,12.554
2010/11/25 04:42:23,12.546
2010/11/25 04:43:30,12.54
2010/11/25 04:44:32,12.529
2010/11/25 05:21:13,12.402
2010/11/25 05:22:18,12.406
2010/11/25 05:23:21,12.418
2010/11/25 05:24:22,12.419
2010/11/25 05:25:28,12.431
2010/11/25 05:26:28,12.431
2010/11/25 05:27:35,12.437
2010/11/25 05:28:41,12.418
2010/11/25 05:29:45,12.402
2010/11/25 05:30:53,12.376
2010/11/25 05:32:01,12.348
2010/11/25 05:33:04,12.334
2010/11/25 05:34:08,12.322
2010/11/25 05:35:10,12.315
2010/11/25 05:36:10,12.318
2010/11/25 05:37:20,12.324
2010/11/25 05:38:26,12.348
2010/11/25 05:39:35,12.36
2010/11/25 05:40:37,12.365
2010/11/25 06:27:25,12.608
2010/11/25 06:28:31,12.619
2010/11/25 06:29:38,12.615
2010/11/25 06:30:38,12.613
2010/11/25 06:31:46,12.601
2010/11/25 06:32:49,12.608
2010/11/25 06:33:54,12.616
2010/11/25 06:35:01,12.626
2010/11/25 06:36:05,12.625
2010/11/25 06:37:07,12.648
2010/11/25 06:38:12,12.671
2010/11/25 06:39:15,12.693
2010/11/25 06:40:16,12.708
2010/11/25 06:41:19,12.692
2010/11/25 06:42:17,12.679
2010/11/25 06:43:25,12.645
2010/11/25 06:44:28,12.64
2010/11/25 06:45:29,12.599
2010/11/25 06:46:32,12.535
2010/11/25 07:23:51,12.758
2010/11/25 07:24:53,12.756
2010/11/25 07:25:59,12.766
2010/11/25 07:27:04,12.761
2010/11/25 07:28:09,12.767
2010/11/25 07:29:13,12.777
2010/11/25 07:30:20,12.78
2010/11/25 07:31:24,12.823
2010/11/25 07:32:30,12.848
2010/11/25 07:33:33,12.863
2010/11/25 07:34:37,12.888
2010/11/25 07:35:42,12.897
2010/11/25 07:36:41,12.898
2010/11/25 07:37:41,12.911
2010/11/25 07:38:43,12.901
2010/11/25 07:39:46,12.897
2010/11/25 07:40:50,12.887
2010/11/25 07:41:51,12.864
2010/11/25 07:42:53,12.843
2010/11/25 08:29:10,12.775
2010/11/25 08:30:18,12.81
2010/11/25 08:31:19,12.827
2010/11/25 08:32:25,12.827
2010/11/25 08:33:31,12.753
2010/11/25 08:34:41,12.703
2010/11/25 08:35:53,12.726
2010/11/25 08:36:57,12.72
2010/11/25 08:38:03,12.665
2010/11/25 08:39:11,12.61
2010/11/25 08:40:15,12.605
2010/11/25 08:41:21,12.645
2010/11/25 08:42:22,12.688
2010/11/25 08:43:25,12.701
2010/11/25 08:44:29,12.779
2010/11/25 08:45:33,12.829
2010/11/25 08:46:37,12.851
2010/11/25 08:47:42,12.838
2010/11/25 08:48:48,12.83
2010/11/25 09:26:07,12.806
2010/11/25 09:27:14,12.878
2010/11/25 09:28:19,12.931
2010/11/25 09:29:25,12.934
2010/11/25 09:30:29,12.919
2010/11/25 09:31:32,12.903
2010/11/25 09:32:34,12.909
2010/11/25 09:33:36,12.909
2010/11/25 09:34:40,12.908
2010/11/25 09:35:48,12.904
2010/11/25 09:36:51,12.891
2010/11/25 09:37:55,12.87
2010/11/25 09:39:01,12.868
2010/11/25 09:40:03,12.857
2010/11/25 09:41:05,12.851
2010/11/25 09:42:03,12.863
2010/11/25 09:43:08,12.873
2010/11/25 09:44:12,12.865
2010/11/25 09:45:16,12.859
2010/11/25 10:32:08,12.997
2010/11/25 10:33:11,12.991
2010/11/25 10:34:26,12.979
2010/11/25 10:35:34,12.965
2010/11/25 10:36:42,12.969
2010/11/25 10:37:47,12.958
2010/11/25 10:38:51,12.958
2010/11/25 10:39:51,12.958
2010/11/25 10:40:52,12.965
2010/11/25 10:41:52,12.953
2010/11/25 10:42:52,12.946
2010/11/25 10:43:50,12.954
2010/11/25 10:44:59,12.974
2010/11/25 10:46:01,12.991
2010/11/25 10:47:04,13.013
2010/11/25 10:48:11,13.039
2010/11/25 10:49:14,13.039
2010/11/25 10:50:16,13.038
2010/11/25 10:51:19,13.044
2010/11/25 11:29:01,13.091
2010/11/25 11:30:08,13.106
2010/11/25 11:31:11,13.114
2010/11/25 11:32:13,13.124
2010/11/25 11:33:18,13.127
2010/11/25 11:34:20,13.113
2010/11/25 11:35:25,13.082
2010/11/25 11:36:37,13.053
2010/11/25 11:37:37,13.038
2010/11/25 11:38:43,13.03
2010/11/25 11:39:45,13.021
2010/11/25 11:40:51,13.018
2010/11/25 11:41:58,13.159
2010/11/25 11:43:02,13.225
2010/11/25 11:44:13,13.229
2010/11/25 11:45:16,13.232
2010/11/25 11:46:21,13.204
2010/11/25 11:47:22,13.117
2010/11/25 11:48:26,13.056
2010/11/25 12:34:57,13.426
2010/11/25 12:36:03,13.4
2010/11/25 12:37:10,13.288
2010/11/25 12:38:18,13.227
2010/11/25 12:39:19,13.242
2010/11/25 12:40:26,13.266
2010/11/25 12:41:29,13.266
2010/11/25 12:42:36,13.215
2010/11/25 12:43:47,13.199
2010/11/25 12:44:52,13.176
2010/11/25 12:46:01,13.173
2010/11/25 12:47:12,13.319
2010/11/25 12:48:21,13.434
2010/11/25 12:49:23,13.496
2010/11/25 12:50:25,13.494
2010/11/25 12:51:29,13.452
2010/11/25 12:52:27,13.426
2010/11/25 12:53:33,13.411
2010/11/25 12:54:35,13.374
2010/11/25 13:31:38,13.698
2010/11/25 13:32:44,13.737
2010/11/25 13:33:47,13.796
2010/11/25 13:34:50,13.86
2010/11/25 13:35:50,13.911
2010/11/25 13:36:52,13.981
2010/11/25 13:37:59,14.009
2010/11/25 13:39:05,14.003
2010/11/25 13:40:14,13.998
2010/11/25 13:41:21,13.983
2010/11/25 13:42:23,14.008
2010/11/25 13:43:30,14.041
2010/11/25 13:44:34,14.039
2010/11/25 13:45:35,14.029
2010/11/25 13:46:40,14.007
2010/11/25 13:47:50,13.982
2010/11/25 13:48:56,13.937
2010/11/25 13:50:01,13.895
2010/11/25 13:51:04,13.896
2010/11/25 14:37:04,13.676
2010/11/25 14:38:05,13.703
2010/11/25 14:39:10,13.771
2010/11/25 14:40:16,13.808
2010/11/25 14:41:19,13.845
2010/11/25 14:42:24,13.883
2010/11/25 14:43:28,13.876
2010/11/25 14:44:27,13.87
2010/11/25 14:45:29,13.867
2010/11/25 14:46:34,13.864
2010/11/25 14:47:38,13.861
2010/11/25 14:48:35,13.861
2010/11/25 14:49:33,13.868
2010/11/25 14:50:31,13.863
2010/11/25 14:51:25,13.87
2010/11/25 14:52:31,13.889
2010/11/25 14:53:26,13.894
2010/11/25 14:54:30,13.893
2010/11/25 14:55:35,13.9
2010/11/25 15:32:23,13.616
2010/11/25 15:33:26,13.614
2010/11/25 15:34:26,13.619
2010/11/25 15:35:25,13.636
2010/11/25 15:36:18,13.62
2010/11/25 15:37:24,13.627
2010/11/25 15:38:30,13.617
2010/11/25 15:39:32,13.615
2010/11/25 15:40:35,13.644
2010/11/25 15:41:40,13.66
2010/11/25 15:42:44,13.703
2010/11/25 15:43:50,13.747
2010/11/25 15:44:56,13.755
2010/11/25 15:46:01,13.734
2010/11/25 15:47:08,13.7
2010/11/25 15:48:11,13.63
2010/11/25 15:49:17,13.61
2010/11/25 15:50:27,13.585
2010/11/25 15:51:31,13.517
2010/11/25 16:38:04,13.508
2010/11/25 16:39:08,13.602
2010/11/25 16:40:09,13.646
2010/11/25 16:41:15,13.614
2010/11/25 16:42:17,13.584
2010/11/25 16:43:19,13.601
2010/11/25 16:44:15,13.601
2010/11/25 16:45:21,13.608
2010/11/25 16:46:22,13.588
2010/11/25 16:47:27,13.589
2010/11/25 16:48:32,13.569
2010/11/25 16:49:27,13.53
2010/11/25 16:50:26,13.454
2010/11/25 16:51:31,13.44
2010/11/25 16:52:38,13.436
2010/11/25 16:53:41,13.424
2010/11/25 16:54:40,13.419
2010/11/25 16:55:44,13.42
2010/11/25 16:56:45,13.433
2010/11/25 17:33:32,14.056
2010/11/25 17:34:37,14.048
2010/11/25 17:35:40,14.052
2010/11/25 17:36:44,14.054
2010/11/25 17:37:52,14.057
2010/11/25 17:38:48,14.066
2010/11/25 17:39:56,14.065
2010/11/25 17:41:02,14.062
2010/11/25 17:42:05,14.065
2010/11/25 17:43:12,14.06
2010/11/25 17:44:15,14.065
2010/11/25 17:45:18,14.058
2010/11/25 17:46:23,14.054
2010/11/25 17:47:28,14.059
2010/11/25 17:48:33,14.064
2010/11/25 17:49:32,14.06
2010/11/25 17:50:40,14.119
2010/11/25 17:51:41,14.168
2010/11/25 17:52:40,14.217
2010/11/25 18:39:12,14.157
2010/11/25 18:40:12,14.148
2010/11/25 18:41:18,14.141
2010/11/25 18:42:16,14.133
2010/11/25 18:43:24,14.119
2010/11/25 18:44:26,14.097
2010/11/25 18:45:30,14.089
2010/11/25 18:46:33,14.097
2010/11/25 18:47:38,14.104
2010/11/25 18:48:40,14.094
2010/11/25 18:49:44,14.065
2010/11/25 18:50:46,14.044
2010/11/25 18:51:41,14.019
2010/11/25 18:52:47,14.003
2010/11/25 18:53:53,14.003
2010/11/25 18:54:59,14.009
2010/11/25 18:56:05,14.003
2010/11/25 18:57:07,14.004
2010/11/25 18:58:02,14.007
2010/11/25 19:35:23,14.175
2010/11/25 19:36:30,14.183
2010/11/25 19:37:34,14.194
2010/11/25 19:38:37,14.184
2010/11/25 19:39:48,14.181
2010/11/25 19:40:54,14.171
2010/11/25 19:41:58,14.142
2010/11/25 19:43:01,14.133
2010/11/25 19:44:06,14.103
2010/11/25 19:45:14,14.079
2010/11/25 19:46:17,14.045
2010/11/25 19:47:22,14.092
2010/11/25 19:48:27,14.085
2010/11/25 19:49:31,14.087
2010/11/25 19:50:36,14.074
2010/11/25 19:51:41,14.061
2010/11/25 19:52:44,14.048
2010/11/25 19:53:50,14.023
2010/11/25 19:55:00,14.032
2010/11/25 20:42:31,13.926
2010/11/25 20:43:39,13.904
2010/11/25 20:44:41,13.877
2010/11/25 20:45:45,13.841
2010/11/25 20:46:41,13.828
2010/11/25 20:47:42,13.82
2010/11/25 20:48:46,13.798
2010/11/25 20:49:52,13.764
2010/11/25 20:50:57,13.735
2010/11/25 20:52:00,13.717
2010/11/25 20:53:06,13.703
2010/11/25 20:54:14,13.676
2010/11/25 20:55:19,13.637
2010/11/25 20:56:24,13.593
2010/11/25 20:57:32,13.547
2010/11/25 20:58:39,13.505
2010/11/25 20:59:46,13.493
2010/11/25 21:00:50,13.483
2010/11/25 21:01:57,13.481
2010/11/25 21:39:50,13.783
2010/11/25 21:40:56,13.78
2010/11/25 21:42:01,13.77
2010/11/25 21:43:10,13.78
2010/11/25 21:44:12,13.915
2010/11/25 21:45:16,13.979
2010/11/25 21:46:21,14
2010/11/25 21:47:23,14.009
2010/11/25 21:48:31,14.022
2010/11/25 21:49:36,14.028
2010/11/25 21:50:40,14.016
2010/11/25 21:51:47,14.003
2010/11/25 21:52:53,13.989
2010/11/25 21:53:55,13.973
2010/11/25 21:54:59,13.973
2010/11/25 21:56:05,13.969
2010/11/25 21:57:08,13.96
2010/11/25 21:58:12,13.97
2010/11/25 21:59:10,13.971
2010/11/25 22:47:01,14.048
2010/11/25 22:48:06,14.032
2010/11/25 22:49:14,14.033
2010/11/25 22:50:19,14.045
2010/11/25 22:51:28,14.044
2010/11/25 22:52:33,14.054
2010/11/25 22:53:36,14.052
2010/11/25 22:54:43,14.055
2010/11/25 22:55:46,14.075
2010/11/25 22:56:56,14.103
2010/11/25 22:58:01,14.108
2010/11/25 22:59:10,14.106
2010/11/25 23:00:17,14.092
2010/11/25 23:01:24,14.068
2010/11/25 23:02:28,14.048
2010/11/25 23:03:36,14.066
2010/11/25 23:04:38,14.067
2010/11/25 23:05:43,14.071
2010/11/25 23:06:44,14.048
2010/11/25 23:44:20,14.196
2010/11/25 23:45:26,14.217
2010/11/25 23:46:30,14.189
2010/11/25 23:47:36,14.146
2010/11/25 23:48:41,14.117
2010/11/25 23:49:47,14.227
2010/11/25 23:50:51,14.231
2010/11/25 23:51:54,14.272
2010/11/25 23:52:59,14.312
2010/11/25 23:54:03,14.31
2010/11/25 23:55:12,14.297
2010/11/25 23:56:17,14.295
2010/11/25 23:57:24,14.29
2010/11/25 23:58:28,14.256
2010/11/25 23:59:31,14.213
2010/11/26 00:00:30,14.173
2010/11/26 00:01:34,14.186
2010/11/26 00:02:39,14.207
2010/11/26 00:03:47,14.226
2010/11/26 00:51:30,14.23
2010/11/26 00:52:41,14.219
2010/11/26 00:53:47,14.21
2010/11/26 00:54:51,14.215
2010/11/26 00:56:00,14.227
2010/11/26 00:57:03,14.217
2010/11/26 00:58:05,14.209
2010/11/26 00:59:08,14.211
2010/11/26 01:00:09,14.227
2010/11/26 01:01:16,14.221
2010/11/26 01:02:26,14.215
2010/11/26 01:03:28,14.224
2010/11/26 01:04:35,14.238
2010/11/26 01:05:38,14.258
2010/11/26 01:06:42,14.247
2010/11/26 01:07:48,14.231
2010/11/26 01:09:00,14.237
2010/11/26 01:10:07,14.238
2010/11/26 01:11:09,14.219
2010/11/26 01:48:50,14.276
2010/11/26 01:49:52,14.305
2010/11/26 01:50:58,14.32
2010/11/26 01:52:02,14.311
2010/11/26 01:53:07,14.308
2010/11/26 01:54:17,14.303
2010/11/26 01:55:12,14.306
2010/11/26 01:56:11,14.307
2010/11/26 01:57:13,14.298
2010/11/26 01:58:19,14.289
2010/11/26 01:59:25,14.308
2010/11/26 02:00:31,14.295
2010/11/26 02:01:39,14.308
2010/11/26 02:02:45,14.304
2010/11/26 02:03:52,14.3
2010/11/26 02:04:59,14.299
2010/11/26 02:06:04,14.295
2010/11/26 02:07:07,14.304
2010/11/26 02:08:16,14.313
2010/11/26 02:56:08,14.685
2010/11/26 02:57:14,14.774
2010/11/26 02:58:20,14.823
2010/11/26 02:59:26,14.864
2010/11/26 03:00:31,14.86
2010/11/26 03:01:39,14.815
2010/11/26 03:02:38,14.82
2010/11/26 03:03:42,14.78
2010/11/26 03:04:44,14.835
2010/11/26 03:05:52,14.896
2010/11/26 03:06:57,14.946
2010/11/26 03:08:04,14.982
2010/11/26 03:09:10,14.993
2010/11/26 03:10:14,14.959
2010/11/26 03:11:16,14.947
2010/11/26 03:12:19,14.923
2010/11/26 03:13:19,14.918
2010/11/26 03:14:19,14.92
2010/11/26 03:15:17,14.93
2010/11/26 03:53:00,14.997
2010/11/26 03:54:06,15.043
2010/11/26 03:55:12,15.03
2010/11/26 03:56:17,14.977
2010/11/26 03:57:22,14.995
2010/11/26 03:58:26,15.027
2010/11/26 03:59:32,15.013
2010/11/26 04:00:30,14.984
2010/11/26 04:01:29,14.939
2010/11/26 04:02:28,14.921
2010/11/26 04:03:35,14.946
2010/11/26 04:04:40,14.943
2010/11/26 04:05:46,14.961
2010/11/26 04:06:54,14.975
2010/11/26 04:07:50,15.004
2010/11/26 04:08:49,14.982
2010/11/26 04:09:52,14.99
2010/11/26 04:10:53,14.979
2010/11/26 04:11:56,14.963
2010/11/26 04:59:20,14.879
2010/11/26 05:00:22,14.895
2010/11/26 05:01:27,14.891
2010/11/26 05:02:34,14.885
2010/11/26 05:03:38,14.925
2010/11/26 05:04:32,14.949
2010/11/26 05:05:31,14.941
2010/11/26 05:06:37,14.947
2010/11/26 05:07:36,14.949
2010/11/26 05:08:39,14.921
2010/11/26 05:09:43,14.959
2010/11/26 05:10:48,14.971
2010/11/26 05:11:52,14.987
2010/11/26 05:12:57,14.993
2010/11/26 05:14:03,14.995
2010/11/26 05:15:12,15
2010/11/26 05:16:15,15.017
2010/11/26 05:17:23,14.84
2010/11/26 05:18:30,14.83
2010/11/26 05:55:24,15.061
2010/11/26 05:56:32,15.018
2010/11/26 05:57:39,15.103
2010/11/26 05:58:44,15.12
2010/11/26 05:59:48,15.109
2010/11/26 06:00:54,15.105
2010/11/26 06:01:58,15.115
2010/11/26 06:03:01,15.105
2010/11/26 06:04:07,15.147
2010/11/26 06:05:16,15.157
2010/11/26 06:06:24,15.16
2010/11/26 06:07:27,15.152
2010/11/26 06:08:34,15.128
2010/11/26 06:09:37,15.115
2010/11/26 06:10:41,15.109
2010/11/26 06:11:45,15.106
2010/11/26 06:12:49,15.101
2010/11/26 06:13:49,15.11
2010/11/26 06:14:51,15.138
2010/11/26 07:02:19,15.285
2010/11/26 07:03:22,15.317
2010/11/26 07:04:28,15.33
2010/11/26 07:05:37,15.321
2010/11/26 07:06:41,15.314
2010/11/26 07:07:43,15.306
2010/11/26 07:08:50,15.297
2010/11/26 07:09:56,15.238
2010/11/26 07:11:01,15.225
2010/11/26 07:12:06,15.233
2010/11/26 07:13:09,15.257
2010/11/26 07:14:14,15.249
2010/11/26 07:15:14,15.31
2010/11/26 07:16:17,15.395
2010/11/26 07:17:24,15.424
2010/11/26 07:18:20,15.419
2010/11/26 07:19:28,15.395
2010/11/26 07:20:32,15.399
2010/11/26 07:21:39,15.406
2010/11/26 07:59:13,15.395
2010/11/26 08:00:18,15.376
2010/11/26 08:01:23,15.42
2010/11/26 08:02:28,15.447
2010/11/26 08:03:34,15.406
2010/11/26 08:04:42,15.364
2010/11/26 08:05:47,15.371
2010/11/26 08:06:52,15.331
2010/11/26 08:08:00,15.247
2010/11/26 08:09:06,15.367
2010/11/26 08:10:13,15.423
2010/11/26 08:11:18,15.45
2010/11/26 08:12:23,15.503
2010/11/26 08:13:27,15.515
2010/11/26 08:14:30,15.527
2010/11/26 08:15:32,15.511
2010/11/26 08:16:35,15.498
2010/11/26 08:17:42,15.481
2010/11/26 08:18:49,15.474
2010/11/26 09:05:36,14.879
2010/11/26 09:06:34,14.881
2010/11/26 09:07:37,14.888
2010/11/26 09:08:39,14.879
2010/11/26 09:09:47,14.878
2010/11/26 09:10:46,14.88
2010/11/26 09:11:48,14.87
2010/11/26 09:12:51,14.861
2010/11/26 09:13:55,14.865
2010/11/26 09:14:57,14.872
2010/11/26 09:16:00,14.879
2010/11/26 09:17:06,14.884
2010/11/26 09:18:13,14.875
2010/11/26 09:19:13,14.871
2010/11/26 09:20:18,14.87
2010/11/26 09:21:21,14.876
2010/11/26 09:22:20,14.867
2010/11/26 09:23:27,14.842
2010/11/26 09:24:32,14.863
2010/11/26 10:01:49,14.771
2010/11/26 10:02:55,14.893
2010/11/26 10:04:00,14.94
2010/11/26 10:05:06,14.949
2010/11/26 10:06:06,14.94
2010/11/26 10:07:08,14.95
2010/11/26 10:08:17,14.976
2010/11/26 10:09:25,14.991
2010/11/26 10:10:28,15.004
2010/11/26 10:11:34,15.074
2010/11/26 10:12:38,15.136
2010/11/26 10:13:47,15.167
2010/11/26 10:14:51,15.166
2010/11/26 10:15:54,15.141
2010/11/26 10:16:59,15.091
2010/11/26 10:18:01,15.077
2010/11/26 10:19:06,15.109
2010/11/26 10:20:09,15.168
2010/11/26 10:21:11,15.146
2010/11/26 11:07:22,15.373
2010/11/26 11:08:25,15.371
2010/11/26 11:09:29,15.468
2010/11/26 11:10:29,15.426
2010/11/26 11:11:28,15.364
2010/11/26 11:12:35,15.323
2010/11/26 11:13:41,15.34
2010/11/26 11:14:38,15.353
2010/11/26 11:15:43,15.363
2010/11/26 11:16:50,15.372
2010/11/26 11:17:52,15.383
2010/11/26 11:18:52,15.387
2010/11/26 11:19:56,15.37
2010/11/26 11:21:03,15.377
2010/11/26 11:22:03,15.411
2010/11/26 11:23:08,15.405
2010/11/26 11:24:06,15.378
2010/11/26 11:25:11,15.393
2010/11/26 11:26:17,15.392
2010/11/26 12:03:00,15.482
2010/11/26 12:04:02,15.469
2010/11/26 12:05:07,15.46
2010/11/26 12:06:05,15.483
2010/11/26 12:07:08,15.491
2010/11/26 12:08:10,15.499
2010/11/26 12:09:15,15.558
2010/11/26 12:10:20,15.599
2010/11/26 12:11:22,15.603
2010/11/26 12:12:23,15.585
2010/11/26 12:13:23,15.477
2010/11/26 12:14:31,15.507
2010/11/26 12:15:36,15.506
2010/11/26 12:16:42,15.493
2010/11/26 12:17:45,15.49
2010/11/26 12:18:51,15.489
2010/11/26 12:19:50,15.49
2010/11/26 12:20:55,15.489
2010/11/26 12:21:58,15.47
2010/11/26 13:07:44,15.324
2010/11/26 13:08:49,15.329
2010/11/26 13:09:59,15.329
2010/11/26 13:11:00,15.336
2010/11/26 13:12:01,15.361
2010/11/26 13:13:06,15.379
2010/11/26 13:14:13,15.403
2010/11/26 13:15:20,15.419
2010/11/26 13:16:20,15.414
2010/11/26 13:17:29,15.375
2010/11/26 13:18:35,15.363
2010/11/26 13:19:44,15.344
2010/11/26 13:20:53,15.342
2010/11/26 13:22:01,15.347
2010/11/26 13:23:06,15.33
2010/11/26 13:24:07,15.306
2010/11/26 13:25:09,15.296
2010/11/26 13:26:14,15.283
2010/11/26 13:27:09,15.287
2010/11/26 14:03:08,15.412
2010/11/26 14:04:09,15.477
2010/11/26 14:05:13,15.482
2010/11/26 14:06:21,15.478
2010/11/26 14:07:23,15.458
2010/11/26 14:08:27,15.429
2010/11/26 14:09:33,15.416
2010/11/26 14:10:33,15.421
2010/11/26 14:11:38,15.42
2010/11/26 14:12:46,15.428
2010/11/26 14:13:53,15.435
2010/11/26 14:14:59,15.436
2010/11/26 14:16:02,15.441
2010/11/26 14:16:59,15.441
2010/11/26 14:18:05,15.456
2010/11/26 14:19:16,15.499
2010/11/26 14:20:28,15.505
2010/11/26 14:21:27,15.486
2010/11/26 14:22:29,15.488
2010/11/26 15:08:57,16.262
2010/11/26 15:09:59,16.263
2010/11/26 15:11:06,16.246
2010/11/26 15:12:09,16.248
2010/11/26 15:13:10,16.265
2010/11/26 15:14:14,16.273
2010/11/26 15:15:19,16.289
2010/11/26 15:16:28,16.295
2010/11/26 15:17:34,16.286
2010/11/26 15:18:37,16.305
2010/11/26 15:19:41,16.321
2010/11/26 15:20:46,16.327
2010/11/26 15:21:48,16.323
2010/11/26 15:22:52,16.321
2010/11/26 15:23:54,16.318
2010/11/26 15:25:01,16.305
2010/11/26 15:26:09,16.314
2010/11/26 15:27:11,16.3
2010/11/26 15:28:14,16.306
2010/11/26 16:04:21,16.288
2010/11/26 16:05:21,16.276
2010/11/26 16:06:24,16.251
2010/11/26 16:07:28,16.215
2010/11/26 16:08:27,16.194
2010/11/26 16:09:25,16.144
2010/11/26 16:10:26,16.139
2010/11/26 16:11:28,16.124
2010/11/26 16:12:21,16.027
2010/11/26 16:13:19,16.018
2010/11/26 16:14:15,16.043
2010/11/26 16:15:19,16.029
2010/11/26 16:16:19,16.033
2010/11/26 16:17:19,16.04
2010/11/26 16:18:19,16.044
2010/11/26 16:19:20,16.035
2010/11/26 16:20:16,16.015
2010/11/26 16:21:16,16
2010/11/26 16:22:19,15.997
2010/11/26 17:08:37,15.91
2010/11/26 17:09:39,15.906
2010/11/26 17:10:42,15.906
2010/11/26 17:11:45,15.9
2010/11/26 17:12:50,15.907
2010/11/26 17:13:53,15.91
2010/11/26 17:15:02,15.916
2010/11/26 17:16:04,15.929
2010/11/26 17:17:07,15.937
2010/11/26 17:18:13,15.937
2010/11/26 17:19:15,15.933
2010/11/26 17:20:17,15.924
2010/11/26 17:21:22,15.912
2010/11/26 17:22:28,15.925
2010/11/26 17:23:29,15.909
2010/11/26 17:24:36,15.914
2010/11/26 17:25:39,15.938
2010/11/26 17:26:43,15.98
2010/11/26 17:27:45,16.018
2010/11/26 18:02:35,16.128
2010/11/26 18:03:30,16.083
2010/11/26 18:04:30,16.064
2010/11/26 18:05:35,16.09
2010/11/26 18:06:33,16.12
2010/11/26 18:07:33,16.123
2010/11/26 18:08:34,16.139
2010/11/26 18:09:35,16.135
2010/11/26 18:10:35,16.145
2010/11/26 18:11:45,16.121
2010/11/26 18:12:50,16.105
2010/11/26 18:13:52,16.084
2010/11/26 18:14:53,16.094
2010/11/26 18:16:01,16.097
2010/11/26 18:17:10,16.098
2010/11/26 18:18:18,16.099
2010/11/26 18:19:17,16.127
2010/11/26 18:20:21,16.136
2010/11/26 18:21:23,16.112
2010/11/26 19:08:47,16.168
2010/11/26 19:09:55,16.177
2010/11/26 19:10:59,16.182
2010/11/26 19:11:59,16.194
2010/11/26 19:12:56,16.192
2010/11/26 19:13:58,16.202
2010/11/26 19:15:04,16.208
2010/11/26 19:16:10,16.226
2010/11/26 19:17:14,16.213
2010/11/26 19:18:13,16.207
2010/11/26 19:19:19,16.203
2010/11/26 19:20:27,16.202
2010/11/26 19:21:33,16.198
2010/11/26 19:22:40,16.205
2010/11/26 19:23:39,16.216
2010/11/26 19:24:36,16.216
2010/11/26 19:25:41,16.23
2010/11/26 19:26:48,16.226
2010/11/26 19:27:47,16.231
2010/11/26 20:04:29,16.242
2010/11/26 20:05:36,16.235
2010/11/26 20:06:38,16.245
2010/11/26 20:07:43,16.243
2010/11/26 20:08:44,16.25
2010/11/26 20:09:49,16.265
2010/11/26 20:10:50,16.228
2010/11/26 20:11:50,16.226
2010/11/26 20:12:55,16.173
2010/11/26 20:14:01,16.156
2010/11/26 20:15:07,16.158
2010/11/26 20:16:05,16.136
2010/11/26 20:17:12,16.129
2010/11/26 20:18:13,16.119
2010/11/26 20:19:16,16.122
2010/11/26 20:20:23,16.126
2010/11/26 20:21:30,16.114
2010/11/26 20:22:36,16.111
2010/11/26 20:23:40,16.113
2010/11/26 21:10:32,16.577
2010/11/26 21:11:35,16.576
2010/11/26 21:12:35,16.602
2010/11/26 21:13:36,16.604
2010/11/26 21:14:41,16.594
2010/11/26 21:15:47,16.624
2010/11/26 21:16:50,16.639
2010/11/26 21:17:49,16.629
2010/11/26 21:18:49,16.616
2010/11/26 21:19:48,16.642
2010/11/26 21:20:53,16.675
2010/11/26 21:22:01,16.71
2010/11/26 21:23:05,16.711
2010/11/26 21:24:09,16.702
2010/11/26 21:25:08,16.668
2010/11/26 21:26:10,16.666
2010/11/26 21:27:14,16.676
2010/11/26 21:28:12,16.673
2010/11/26 21:29:09,16.649
2010/11/26 22:06:16,16.765
2010/11/26 22:07:24,16.706
2010/11/26 22:08:27,16.575
2010/11/26 22:09:31,16.583
2010/11/26 22:10:33,16.619
2010/11/26 22:11:39,16.623
2010/11/26 22:12:42,16.597
2010/11/26 22:13:44,16.62
2010/11/26 22:14:50,16.693
2010/11/26 22:15:55,16.671
2010/11/26 22:16:57,16.641
2010/11/26 22:18:05,16.619
2010/11/26 22:19:13,16.574
2010/11/26 22:20:18,16.576
2010/11/26 22:21:19,16.545
2010/11/26 22:22:23,16.524
2010/11/26 22:23:22,16.556
2010/11/26 22:24:25,16.577
2010/11/26 22:25:29,16.584
2010/11/26 23:11:42,16.353
2010/11/26 23:12:45,16.353
2010/11/26 23:13:54,16.347
2010/11/26 23:14:55,16.351
2010/11/26 23:16:01,16.354
2010/11/26 23:17:07,16.353
2010/11/26 23:18:08,16.352
2010/11/26 23:19:11,16.352
2010/11/26 23:20:18,16.359
2010/11/26 23:21:23,16.361
2010/11/26 23:22:23,16.344
2010/11/26 23:23:25,16.313
2010/11/26 23:24:29,16.286
2010/11/26 23:25:31,16.229
2010/11/26 23:26:34,16.218
2010/11/26 23:27:39,16.209
2010/11/26 23:28:44,16.174
2010/11/26 23:29:53,16.178
2010/11/26 23:30:52,16.199
2010/11/27 00:07:10,16.188
2010/11/27 00:08:10,16.186
2010/11/27 00:09:11,16.194
2010/11/27 00:10:20,16.192
2010/11/27 00:11:22,16.188
2010/11/27 00:12:25,16.189
2010/11/27 00:13:32,16.185
2010/11/27 00:14:31,16.18
2010/11/27 00:15:33,16.174
2010/11/27 00:16:36,16.172
2010/11/27 00:17:39,16.163
2010/11/27 00:18:43,16.158
2010/11/27 00:19:49,16.161
2010/11/27 00:20:46,16.135
2010/11/27 00:21:51,16.122
2010/11/27 00:22:53,16.118
2010/11/27 00:23:56,16.151
2010/11/27 00:24:59,16.173
2010/11/27 00:26:01,16.139
2010/11/27 01:14:05,16.777
2010/11/27 01:15:14,16.729
2010/11/27 01:16:18,16.654
2010/11/27 01:17:21,16.604
2010/11/27 01:18:26,16.452
2010/11/27 01:19:34,16.339
2010/11/27 01:20:37,16.344
2010/11/27 01:21:45,16.247
2010/11/27 01:22:51,16.231
2010/11/27 01:23:59,16.344
2010/11/27 01:25:00,16.422
2010/11/27 01:26:08,16.497
2010/11/27 01:27:12,16.536
2010/11/27 01:28:17,16.548
2010/11/27 01:29:23,16.584
2010/11/27 01:30:29,16.605
2010/11/27 01:31:36,16.635
2010/11/27 01:32:41,16.645
2010/11/27 01:33:46,16.666
2010/11/27 02:12:31,17.054
2010/11/27 02:13:35,17.022
2010/11/27 02:14:42,17.03
2010/11/27 02:15:51,17.027
2010/11/27 02:16:58,17.031
2010/11/27 02:18:07,17.025
2010/11/27 02:19:15,17.031
2010/11/27 02:20:23,17.032
2010/11/27 02:21:25,17.026
2010/11/27 02:22:30,17.045
2010/11/27 02:23:35,17.039
2010/11/27 02:24:42,17.047
2010/11/27 02:25:49,17.044
2010/11/27 02:26:54,17.007
2010/11/27 02:28:02,16.965
2010/11/27 02:29:03,16.92
2010/11/27 02:30:02,16.914
2010/11/27 02:31:11,16.943
2010/11/27 02:32:21,16.959
2010/11/27 03:20:42,16.811
2010/11/27 03:21:45,16.772
2010/11/27 03:22:49,16.733
2010/11/27 03:23:57,16.915
2010/11/27 03:25:02,17.057
2010/11/27 03:26:04,17.176
2010/11/27 03:27:09,17.298
2010/11/27 03:28:16,17.391
2010/11/27 03:29:20,17.475
2010/11/27 03:30:28,17.529
2010/11/27 03:31:32,17.551
2010/11/27 03:32:37,17.562
2010/11/27 03:33:43,17.57
2010/11/27 03:34:49,17.594
2010/11/27 03:35:55,17.626
2010/11/27 03:36:59,17.675
2010/11/27 03:38:05,17.724
2010/11/27 03:39:11,17.735
2010/11/27 03:40:13,17.735
2010/11/27 04:18:06,17.662
2010/11/27 04:19:11,17.698
2010/11/27 04:20:07,17.716
2010/11/27 04:21:15,17.756
2010/11/27 04:22:20,17.769
2010/11/27 04:23:26,17.79
2010/11/27 04:24:33,17.798
2010/11/27 04:25:32,17.837
2010/11/27 04:26:38,17.868
2010/11/27 04:27:44,17.918
2010/11/27 04:28:48,17.95
2010/11/27 04:29:49,17.974
2010/11/27 04:30:52,17.988
2010/11/27 04:31:57,17.968
2010/11/27 04:33:02,17.967
2010/11/27 04:34:04,17.95
2010/11/27 04:35:08,17.922
2010/11/27 04:36:13,17.91
2010/11/27 04:37:24,17.913
2010/11/27 05:25:56,17.705
2010/11/27 05:27:04,17.72
2010/11/27 05:28:09,17.745
2010/11/27 05:29:16,17.803
2010/11/27 05:30:18,17.84
2010/11/27 05:31:25,17.851
2010/11/27 05:32:27,17.859
2010/11/27 05:33:30,17.862
2010/11/27 05:34:37,17.849
2010/11/27 05:35:39,17.855
2010/11/27 05:36:47,17.878
2010/11/27 05:37:51,17.871
2010/11/27 05:38:57,17.888
2010/11/27 05:40:04,17.91
2010/11/27 05:41:12,17.871
2010/11/27 05:42:17,17.847
2010/11/27 05:43:22,17.852
2010/11/27 05:44:28,17.825
2010/11/27 05:45:33,17.835
2010/11/27 06:23:37,17.763
2010/11/27 06:24:41,17.762
2010/11/27 06:25:45,17.769
2010/11/27 06:26:56,17.765
2010/11/27 06:28:03,17.768
2010/11/27 06:29:08,17.764
2010/11/27 06:30:14,17.771
2010/11/27 06:31:19,17.75
2010/11/27 06:32:20,17.743
2010/11/27 06:33:22,17.735
2010/11/27 06:34:26,17.74
2010/11/27 06:35:31,17.742
2010/11/27 06:36:36,17.727
2010/11/27 06:37:39,17.713
2010/11/27 06:38:44,17.709
2010/11/27 06:39:48,17.698
2010/11/27 06:40:53,17.7
2010/11/27 06:41:56,17.707
2010/11/27 06:43:00,17.715
2010/11/27 07:30:27,17.882
2010/11/27 07:31:29,17.871
2010/11/27 07:32:30,17.872
2010/11/27 07:33:22,17.867
2010/11/27 07:34:23,17.866
2010/11/27 07:35:30,17.864
2010/11/27 07:36:28,17.862
2010/11/27 07:37:28,17.861
2010/11/27 07:38:29,17.853
2010/11/27 07:39:32,17.854
2010/11/27 07:40:37,17.851
2010/11/27 07:41:44,17.859
2010/11/27 07:42:47,17.856
2010/11/27 07:43:52,17.869
2010/11/27 07:44:53,18.048
2010/11/27 07:45:51,18.153
2010/11/27 07:46:57,18.212
2010/11/27 07:48:03,18.246
2010/11/27 07:49:12,18.254
2010/11/27 08:25:41,18.282
2010/11/27 08:26:42,18.275
2010/11/27 08:27:47,18.277
2010/11/27 08:28:51,18.278
2010/11/27 08:29:55,18.266
2010/11/27 08:30:59,18.275
2010/11/27 08:32:07,18.286
2010/11/27 08:33:12,18.298
2010/11/27 08:34:13,18.314
2010/11/27 08:35:16,18.313
2010/11/27 08:36:20,18.3
2010/11/27 08:37:20,18.292
2010/11/27 08:38:16,18.299
2010/11/27 08:39:15,18.292
2010/11/27 08:40:18,18.301
2010/11/27 08:41:20,18.293
2010/11/27 08:42:28,18.309
2010/11/27 08:43:28,18.317
2010/11/27 08:44:30,18.316
2010/11/27 09:31:10,18.378
2010/11/27 09:32:11,18.378
2010/11/27 09:33:13,18.364
2010/11/27 09:34:15,18.348
2010/11/27 09:35:17,18.302
2010/11/27 09:36:18,18.245
2010/11/27 09:37:26,18.229
2010/11/27 09:38:29,18.234
2010/11/27 09:39:26,18.255
2010/11/27 09:40:27,18.255
2010/11/27 09:41:36,18.262
2010/11/27 09:42:40,18.267
2010/11/27 09:43:42,18.261
2010/11/27 09:44:45,18.244
2010/11/27 09:45:48,18.217
2010/11/27 09:46:51,18.181
2010/11/27 09:47:51,18.189
2010/11/27 09:48:58,18.238
2010/11/27 09:50:01,18.236
2010/11/27 10:26:33,17.731
2010/11/27 10:27:42,17.769
2010/11/27 10:28:46,17.74
2010/11/27 10:29:45,17.749
2010/11/27 10:30:44,17.745
2010/11/27 10:31:48,17.749
2010/11/27 10:32:48,17.74
2010/11/27 10:33:53,17.755
2010/11/27 10:35:00,17.743
2010/11/27 10:35:58,17.736
2010/11/27 10:37:04,17.756
2010/11/27 10:38:10,17.738
2010/11/27 10:39:04,17.742
2010/11/27 10:40:11,17.738
2010/11/27 10:41:15,17.745
2010/11/27 10:42:23,17.742
2010/11/27 10:43:23,17.751
2010/11/27 10:44:29,17.753
2010/11/27 10:45:33,17.766
2010/11/27 11:31:53,17.969
2010/11/27 11:33:00,17.93
2010/11/27 11:33:59,17.923
2010/11/27 11:35:06,17.903
2010/11/27 11:36:09,17.905
2010/11/27 11:37:16,17.865
2010/11/27 11:38:18,17.842
2010/11/27 11:39:21,17.807
2010/11/27 11:40:29,17.792
2010/11/27 11:41:34,17.802
2010/11/27 11:42:40,17.803
2010/11/27 11:43:45,17.8
2010/11/27 11:44:44,17.821
2010/11/27 11:45:47,17.848
2010/11/27 11:46:51,17.869
2010/11/27 11:47:58,17.859
2010/11/27 11:49:01,17.864
2010/11/27 11:50:04,17.864
2010/11/27 11:51:05,17.868
2010/11/27 12:37:24,17.987
2010/11/27 12:38:22,17.962
2010/11/27 12:39:19,17.953
2010/11/27 12:40:17,17.951
2010/11/27 12:41:15,17.95
2010/11/27 12:42:12,17.955
2010/11/27 12:43:11,18.067
2010/11/27 12:44:09,18.179
2010/11/27 12:45:09,18.249
2010/11/27 13:30:56,19.589
2010/11/27 13:31:54,19.626
2010/11/27 13:32:52,19.647
2010/11/27 13:33:45,19.663
2010/11/27 13:34:37,19.679
2010/11/27 13:35:37,19.677
2010/11/27 13:36:36,19.665
2010/11/27 13:37:36,19.661
2010/11/27 13:38:35,19.669
2010/11/27 13:39:38,19.682
2010/11/27 13:40:34,19.724
2010/11/27 13:41:31,19.749
2010/11/27 13:42:29,19.747
2010/11/27 13:43:28,19.704
2010/11/27 13:44:32,19.686
2010/11/27 13:45:36,19.653
2010/11/27 13:46:36,19.642
2010/11/27 13:47:40,19.612
2010/11/27 13:48:45,19.585
2010/11/27 14:24:32,18.99
2010/11/27 14:25:40,18.973
2010/11/27 14:26:48,18.953
2010/11/27 14:27:55,18.884
2010/11/27 14:28:53,18.908
2010/11/27 14:29:57,18.966
2010/11/27 14:31:06,18.964
2010/11/27 14:32:04,18.863
2010/11/27 14:33:08,18.81
2010/11/27 14:34:17,18.835
2010/11/27 14:35:23,18.848
2010/11/27 14:36:23,18.856
2010/11/27 14:37:21,18.881
2010/11/27 14:38:17,18.983
2010/11/27 14:39:17,19.054
2010/11/27 14:40:19,19.086
2010/11/27 14:41:22,19.183
2010/11/27 14:42:17,19.253
2010/11/27 14:43:16,19.29
2010/11/27 15:29:16,19.476
2010/11/27 15:30:20,19.499
2010/11/27 15:31:21,19.593
2010/11/27 15:32:26,19.653
2010/11/27 15:33:31,19.677
2010/11/27 15:34:34,19.685
2010/11/27 15:35:35,19.683
2010/11/27 15:36:34,19.697
2010/11/27 15:37:36,19.699
2010/11/27 15:38:40,19.675
2010/11/27 15:39:47,19.669
2010/11/27 15:40:51,19.668
2010/11/27 15:41:54,19.706
2010/11/27 15:42:55,19.697
2010/11/27 15:43:54,19.687
2010/11/27 15:44:56,19.712
2010/11/27 15:46:04,19.797
2010/11/27 15:47:09,19.871
2010/11/27 15:48:18,19.986
2010/11/27 16:24:44,20.54
2010/11/27 16:25:46,20.561
2010/11/27 16:26:50,20.538
2010/11/27 16:27:52,20.502
2010/11/27 16:28:59,20.464
2010/11/27 16:30:04,20.521
2010/11/27 16:31:06,20.533
2010/11/27 16:32:10,20.574
2010/11/27 16:33:16,20.571
2010/11/27 16:34:18,20.563
2010/11/27 16:35:21,20.547
2010/11/27 16:36:23,20.534
2010/11/27 16:37:26,20.522
2010/11/27 16:38:28,20.527
2010/11/27 16:39:34,20.517
2010/11/27 16:40:36,20.55
2010/11/27 16:41:42,20.557
2010/11/27 16:42:37,20.605
2010/11/27 16:43:42,20.633
2010/11/27 17:29:21,20.252
2010/11/27 17:30:26,20.239
2010/11/27 17:31:30,20.21
2010/11/27 17:32:34,20.187
2010/11/27 17:33:33,20.127
2010/11/27 17:34:36,20.102
2010/11/27 17:35:42,20.113
2010/11/27 17:36:47,20.143
2010/11/27 17:37:55,20.156
2010/11/27 17:38:59,20.158
2010/11/27 17:40:00,20.157
2010/11/27 17:41:06,20.157
2010/11/27 17:42:09,20.149
2010/11/27 17:43:17,20.14
2010/11/27 17:44:25,20.104
2010/11/27 17:45:24,20.117
2010/11/27 17:46:24,20.136
2010/11/27 17:47:28,20.15
2010/11/27 17:48:36,20.165
2010/11/27 18:26:04,20.216
2010/11/27 18:27:06,20.282
2010/11/27 18:28:11,20.225
2010/11/27 18:29:18,20.223
2010/11/27 18:30:21,20.232
2010/11/27 18:31:32,20.217
2010/11/27 18:32:36,20.228
2010/11/27 18:33:40,20.223
2010/11/27 18:34:43,20.24
2010/11/27 18:35:45,20.27
2010/11/27 18:36:52,20.252
2010/11/27 18:37:52,20.258
2010/11/27 18:38:52,20.277
2010/11/27 18:39:59,20.274
2010/11/27 18:41:03,20.269
2010/11/27 18:42:02,20.288
2010/11/27 18:43:01,20.297
2010/11/27 18:44:01,20.3
2010/11/27 18:45:03,20.308
2010/11/27 19:30:26,20.319
2010/11/27 19:31:26,20.33
2010/11/27 19:32:25,20.344
2010/11/27 19:33:24,20.356
2010/11/27 19:34:21,20.37
2010/11/27 19:35:30,20.365
2010/11/27 19:36:31,20.345
2010/11/27 19:37:35,20.332
2010/11/27 19:38:36,20.321
2010/11/27 19:39:40,20.356
2010/11/27 19:40:41,20.324
2010/11/27 19:41:36,20.325
2010/11/27 19:42:36,20.293
2010/11/27 19:43:43,20.302
2010/11/27 19:44:42,20.29
2010/11/27 19:45:51,20.264
2010/11/27 19:46:53,20.246
2010/11/27 19:47:55,20.225
2010/11/27 19:49:03,20.215
2010/11/27 20:24:57,20.11
2010/11/27 20:26:02,20.081
2010/11/27 20:27:08,20.093
2010/11/27 20:28:14,20.079
2010/11/27 20:29:20,20.071
2010/11/27 20:30:25,20.069
2010/11/27 20:31:33,20.077
2010/11/27 20:32:39,20.06
2010/11/27 20:33:46,20.048
2010/11/27 20:34:54,20.056
2010/11/27 20:35:55,20.042
2010/11/27 20:37:01,20.074
2010/11/27 20:38:08,20.044
2010/11/27 20:39:09,20.032
2010/11/27 20:40:09,20.061
2010/11/27 20:41:14,20.019
2010/11/27 20:42:21,20.043
2010/11/27 20:43:27,20.037
2010/11/27 20:44:28,20.035
2010/11/27 21:30:45,19.39
2010/11/27 21:31:52,19.245
2010/11/27 21:32:58,19.087
2010/11/27 21:34:00,19.093
2010/11/27 21:35:04,19.1
2010/11/27 21:36:08,19.23
2010/11/27 21:37:10,19.23
2010/11/27 21:38:12,19.018
2010/11/27 21:39:15,19.119
2010/11/27 21:40:19,19.127
2010/11/27 21:41:22,19.181
2010/11/27 21:42:21,19.242
2010/11/27 21:43:25,19.25
2010/11/27 21:44:30,19.25
2010/11/27 21:45:34,19.272
2010/11/27 21:46:30,19.294
2010/11/27 21:47:33,19.32
2010/11/27 21:48:38,19.349
2010/11/27 21:49:42,19.381
2010/11/27 22:26:56,19.782
2010/11/27 22:28:06,19.832
2010/11/27 22:29:09,19.872
2010/11/27 22:30:17,19.895
2010/11/27 22:31:14,19.895
2010/11/27 22:32:10,19.88
2010/11/27 22:33:18,19.907
2010/11/27 22:34:24,19.887
2010/11/27 22:35:25,19.915
2010/11/27 22:36:34,19.922
2010/11/27 22:37:34,19.884
2010/11/27 22:38:34,19.878
2010/11/27 22:39:28,19.866
2010/11/27 22:40:26,19.854
2010/11/27 22:41:30,19.854
2010/11/27 22:42:39,19.847
2010/11/27 22:43:40,19.864
2010/11/27 22:44:45,19.857
2010/11/27 22:45:48,19.845
2010/11/27 23:29:48,19.72
2010/11/27 23:30:46,19.725
2010/11/27 23:31:54,19.724
2010/11/27 23:32:55,19.752
2010/11/27 23:33:58,19.754
2010/11/27 23:35:00,19.719
2010/11/27 23:36:06,19.729
2010/11/27 23:37:10,19.725
2010/11/27 23:38:11,19.743
2010/11/27 23:39:09,19.735
2010/11/27 23:40:09,19.75
2010/11/27 23:41:11,19.76
2010/11/27 23:42:13,19.731
2010/11/27 23:43:15,19.735
2010/11/27 23:44:13,19.739
2010/11/27 23:45:13,19.734
2010/11/27 23:46:16,19.726
2010/11/27 23:47:17,19.725
2010/11/27 23:48:27,19.726
2010/11/28 00:24:26,19.662
2010/11/28 00:25:23,19.658
2010/11/28 00:26:27,19.649
2010/11/28 00:27:31,19.658
2010/11/28 00:28:39,19.656
2010/11/28 00:29:40,19.649
2010/11/28 00:30:46,19.703
2010/11/28 00:31:51,19.654
2010/11/28 00:32:54,19.706
2010/11/28 00:33:59,19.667
2010/11/28 00:35:04,19.679
2010/11/28 00:36:13,19.678
2010/11/28 00:37:13,19.677
2010/11/28 00:38:16,19.709
2010/11/28 00:39:20,19.759
2010/11/28 00:40:22,19.807
2010/11/28 00:41:27,19.898
2010/11/28 00:42:28,19.962
2010/11/28 00:43:34,19.913
2010/11/28 01:30:12,20.149
2010/11/28 01:31:16,20.094
2010/11/28 01:32:18,20.144
2010/11/28 01:33:24,20.075
2010/11/28 01:34:25,19.996
2010/11/28 01:35:29,19.941
2010/11/28 01:36:36,19.922
2010/11/28 01:37:34,19.927
2010/11/28 01:38:39,19.922
2010/11/28 01:39:45,19.911
2010/11/28 01:40:46,19.91
2010/11/28 01:41:53,19.908
2010/11/28 01:42:55,19.94
2010/11/28 01:44:00,20.001
2010/11/28 01:45:09,20.03
2010/11/28 01:46:13,20.059
2010/11/28 01:47:16,20.083
2010/11/28 01:48:18,20.107
2010/11/28 01:49:21,20.152
2010/11/28 02:25:59,20.308
2010/11/28 02:27:05,20.335
2010/11/28 02:28:10,20.346
2010/11/28 02:29:16,20.356
2010/11/28 02:30:20,20.345
2010/11/28 02:31:25,20.342
2010/11/28 02:32:32,20.377
2010/11/28 02:33:39,20.384
2010/11/28 02:34:44,20.362
2010/11/28 02:35:47,20.351
2010/11/28 02:36:48,20.351
2010/11/28 02:37:51,20.408
2010/11/28 02:38:55,20.354
2010/11/28 02:39:56,20.354
2010/11/28 02:41:00,20.344
2010/11/28 02:42:08,20.361
2010/11/28 02:43:14,20.33
2010/11/28 02:44:19,20.335
2010/11/28 02:45:24,20.348
2010/11/28 03:33:02,20.68
2010/11/28 03:34:08,20.71
2010/11/28 03:35:11,20.674
2010/11/28 03:36:19,20.666
2010/11/28 03:37:21,20.67
2010/11/28 03:38:27,20.66
2010/11/28 03:39:29,20.672
2010/11/28 03:40:35,20.637
2010/11/28 03:41:36,20.632
2010/11/28 03:42:41,20.608
2010/11/28 03:43:47,20.604
2010/11/28 03:44:55,20.684
2010/11/28 03:46:01,20.836
2010/11/28 03:47:07,20.917
2010/11/28 03:48:08,20.97
2010/11/28 03:49:17,20.988
2010/11/28 03:50:24,21.051
2010/11/28 03:51:33,21.078
2010/11/28 03:52:41,21.141
2010/11/28 04:30:09,21.806
2010/11/28 04:31:16,21.809
2010/11/28 04:32:19,21.833
2010/11/28 04:33:27,21.862
2010/11/28 04:34:31,21.867
2010/11/28 04:35:34,21.884
2010/11/28 04:36:36,21.887
2010/11/28 04:37:39,21.87
2010/11/28 04:38:47,21.783
2010/11/28 04:39:49,21.773
2010/11/28 04:40:56,21.785
2010/11/28 04:41:58,21.788
2010/11/28 04:43:01,21.749
2010/11/28 04:44:02,21.701
2010/11/28 04:45:07,21.658
2010/11/28 04:46:09,21.661
2010/11/28 04:47:14,21.661
2010/11/28 04:48:22,21.649
2010/11/28 04:49:26,21.684
2010/11/28 05:37:03,21.855
2010/11/28 05:38:06,21.858
2010/11/28 05:39:16,21.87
2010/11/28 05:40:19,21.886
2010/11/28 05:41:23,21.901
2010/11/28 05:42:29,21.922
2010/11/28 05:43:35,21.918
2010/11/28 05:44:43,21.905
2010/11/28 05:45:51,21.909
2010/11/28 05:46:55,21.919
2010/11/28 05:48:04,21.919
2010/11/28 05:49:13,21.931
2010/11/28 05:50:15,21.922
2010/11/28 05:51:25,21.92
2010/11/28 05:52:32,21.91
2010/11/28 05:53:40,21.901
2010/11/28 05:54:46,21.924
2010/11/28 05:55:48,21.918
2010/11/28 05:56:55,21.924
2010/11/28 06:34:17,22.03
2010/11/28 06:35:20,22.029
2010/11/28 06:36:19,22.043
2010/11/28 06:37:20,22.04
2010/11/28 06:38:23,22.03
2010/11/28 06:39:26,22.084
2010/11/28 06:40:34,22.062
2010/11/28 06:41:38,22.079
2010/11/28 06:42:41,22.102
2010/11/28 06:43:44,22.119
2010/11/28 06:44:46,22.134
2010/11/28 06:45:51,22.173
2010/11/28 06:46:58,22.211
2010/11/28 06:48:01,22.228
2010/11/28 06:49:07,22.233
2010/11/28 06:50:11,22.263
2010/11/28 06:51:14,22.278
2010/11/28 06:52:20,22.317
2010/11/28 06:53:22,22.363
2010/11/28 07:40:08,22.327
2010/11/28 07:41:12,22.319
2010/11/28 07:42:15,22.365
2010/11/28 07:43:20,22.376
2010/11/28 07:44:24,22.347
2010/11/28 07:45:29,22.356
2010/11/28 07:46:33,22.34
2010/11/28 07:47:37,22.252
2010/11/28 07:48:43,22.17
2010/11/28 07:49:47,22.199
2010/11/28 07:50:50,22.255
2010/11/28 07:51:56,22.35
2010/11/28 07:52:59,22.468
2010/11/28 07:54:07,22.508
2010/11/28 07:55:13,22.502
2010/11/28 07:56:15,22.475
2010/11/28 07:57:23,22.373
2010/11/28 07:58:28,22.335
2010/11/28 07:59:33,22.326
2010/11/28 08:37:12,22.586
2010/11/28 08:38:18,22.597
2010/11/28 08:39:23,22.552
2010/11/28 08:40:23,22.52
2010/11/28 08:41:29,22.479
2010/11/28 08:42:41,22.522
2010/11/28 08:43:48,22.529
2010/11/28 08:44:54,22.571
2010/11/28 08:46:00,22.6
2010/11/28 08:47:06,22.652
2010/11/28 08:48:08,22.679
2010/11/28 08:49:14,22.678
2010/11/28 08:50:19,22.623
2010/11/28 08:51:31,22.603
2010/11/28 08:52:36,22.565
2010/11/28 08:53:44,22.603
2010/11/28 08:54:52,22.609
2010/11/28 08:55:59,22.627
2010/11/28 08:57:04,22.654
2010/11/28 09:43:49,22.586
2010/11/28 09:44:56,22.602
2010/11/28 09:45:58,22.661
2010/11/28 09:46:59,22.709
2010/11/28 09:48:04,22.734
2010/11/28 09:49:06,22.731
2010/11/28 09:50:13,22.729
2010/11/28 09:51:17,22.748
2010/11/28 09:52:20,22.754
2010/11/28 09:53:25,22.747
2010/11/28 09:54:29,22.71
2010/11/28 09:55:33,22.713
2010/11/28 09:56:38,22.692
2010/11/28 09:57:41,22.681
2010/11/28 09:58:43,22.641
2010/11/28 09:59:45,22.703
2010/11/28 10:00:49,22.75
2010/11/28 10:01:55,22.742
2010/11/28 10:02:58,22.701
2010/11/28 10:40:27,22.701
2010/11/28 10:41:31,22.839
2010/11/28 10:42:34,22.903
2010/11/28 10:43:39,22.912
2010/11/28 10:44:43,22.909
2010/11/28 10:45:49,22.917
2010/11/28 10:46:51,22.917
2010/11/28 10:47:56,22.932
2010/11/28 10:49:00,22.929
2010/11/28 10:50:01,22.956
2010/11/28 10:51:05,22.969
2010/11/28 10:52:06,22.967
2010/11/28 10:53:13,22.962
2010/11/28 10:54:21,22.956
2010/11/28 10:55:25,22.949
2010/11/28 10:56:36,22.943
2010/11/28 10:57:44,22.944
2010/11/28 10:58:49,22.922
2010/11/28 10:59:54,22.905
2010/11/28 11:46:49,22.781
2010/11/28 11:47:54,22.779
2010/11/28 11:49:00,22.768
2010/11/28 11:50:04,22.779
2010/11/28 11:51:13,22.781
2010/11/28 11:52:15,22.785
2010/11/28 11:53:19,22.782
2010/11/28 11:54:24,22.775
2010/11/28 11:55:28,22.766
2010/11/28 11:56:34,22.743
2010/11/28 11:57:43,22.761
2010/11/28 11:58:50,22.783
2010/11/28 11:59:54,22.799
2010/11/28 12:01:00,22.804
2010/11/28 12:02:05,22.815
2010/11/28 12:03:10,22.836
2010/11/28 12:04:13,22.837
2010/11/28 12:05:18,22.864
2010/11/28 12:06:17,22.864
2010/11/28 12:42:49,22.713
2010/11/28 12:43:56,22.693
2010/11/28 12:45:00,22.72
2010/11/28 12:46:08,22.743
2010/11/28 12:47:15,22.775
2010/11/28 12:48:19,22.796
2010/11/28 12:49:23,22.802
2010/11/28 12:50:31,22.766
2010/11/28 12:51:35,22.748
2010/11/28 12:52:39,22.717
2010/11/28 12:53:51,22.694
2010/11/28 12:54:58,22.705
2010/11/28 12:56:05,22.728
2010/11/28 12:57:11,22.784
2010/11/28 12:58:16,22.839
2010/11/28 12:59:23,22.874
2010/11/28 13:00:27,22.869
2010/11/28 13:01:30,22.867
2010/11/28 13:02:30,22.835
2010/11/28 13:50:00,22.864
2010/11/28 13:51:07,22.867
2010/11/28 13:52:11,22.862
2010/11/28 13:53:18,22.848
2010/11/28 13:54:26,22.845
2010/11/28 13:55:36,22.831
2010/11/28 13:56:40,22.843
2010/11/28 13:57:47,22.826
2010/11/28 13:58:51,22.838
2010/11/28 13:59:58,22.883
2010/11/28 14:01:04,22.897
2010/11/28 14:02:06,22.907
2010/11/28 14:03:10,22.893
2010/11/28 14:04:15,22.9
2010/11/28 14:05:16,22.904
2010/11/28 14:06:22,22.909
2010/11/28 14:07:30,22.898
2010/11/28 14:08:35,22.908
2010/11/28 14:09:42,22.904
2010/11/28 14:48:21,22.63
2010/11/28 14:49:21,22.661
2010/11/28 14:50:28,22.673
2010/11/28 14:51:33,22.638
2010/11/28 14:52:36,22.589
2010/11/28 14:53:38,22.563
2010/11/28 14:54:51,22.571
2010/11/28 14:55:55,22.574
2010/11/28 14:57:00,22.57
2010/11/28 14:58:04,22.597
2010/11/28 14:59:07,22.604
2010/11/28 15:00:14,22.595
2010/11/28 15:01:18,22.581
2010/11/28 15:02:23,22.629
2010/11/28 15:03:30,22.646
2010/11/28 15:04:34,22.651
2010/11/28 15:05:39,22.641
2010/11/28 15:06:45,22.659
2010/11/28 15:07:52,22.659
2010/11/28 15:55:47,22.585
2010/11/28 15:56:53,22.565
2010/11/28 15:57:57,22.581
2010/11/28 15:59:00,22.568
2010/11/28 16:00:07,22.549
2010/11/28 16:01:13,22.512
2010/11/28 16:02:18,22.55
2010/11/28 16:03:22,22.574
2010/11/28 16:04:27,22.589
2010/11/28 16:05:31,22.58
2010/11/28 16:06:35,22.551
2010/11/28 16:07:37,22.532
2010/11/28 16:08:39,22.515
2010/11/28 16:09:42,22.51
2010/11/28 16:10:45,22.495
2010/11/28 16:11:50,22.496
2010/11/28 16:12:53,22.507
2010/11/28 16:13:53,22.516
2010/11/28 16:14:53,22.511
2010/11/28 16:53:02,22.607
2010/11/28 16:54:08,22.598
2010/11/28 16:55:15,22.586
2010/11/28 16:56:19,22.582
2010/11/28 16:57:23,22.573
2010/11/28 16:58:25,22.568
2010/11/28 16:59:31,22.563
2010/11/28 17:00:36,22.581
2010/11/28 17:01:38,22.597
2010/11/28 17:02:43,22.627
2010/11/28 17:03:49,22.644
2010/11/28 17:04:58,22.664
2010/11/28 17:06:01,22.692
2010/11/28 17:07:03,22.686
2010/11/28 17:08:11,22.69
2010/11/28 17:09:19,22.659
2010/11/28 17:10:23,22.642
2010/11/28 17:11:28,22.613
2010/11/28 17:12:35,22.614
2010/11/28 18:00:39,22.599
2010/11/28 18:01:43,22.595
2010/11/28 18:02:50,22.592
2010/11/28 18:03:53,22.594
2010/11/28 18:05:02,22.591
2010/11/28 18:06:05,22.588
2010/11/28 18:07:11,22.601
2010/11/28 18:08:21,22.563
2010/11/28 18:09:23,22.511
2010/11/28 18:10:27,22.452
2010/11/28 18:11:33,22.433
2010/11/28 18:12:37,22.461
2010/11/28 18:13:42,22.505
2010/11/28 18:14:48,22.523
2010/11/28 18:15:55,22.534
2010/11/28 18:17:03,22.548
2010/11/28 18:18:10,22.567
2010/11/28 18:19:21,22.581
2010/11/28 18:20:25,22.587
2010/11/28 18:58:44,22.591
2010/11/28 18:59:50,22.58
2010/11/28 19:00:57,22.562
2010/11/28 19:02:05,22.57
2010/11/28 19:03:13,22.555
2010/11/28 19:04:22,22.569
2010/11/28 19:05:28,22.591
2010/11/28 19:06:30,22.608
2010/11/28 19:07:34,22.614
2010/11/28 19:08:38,22.611
2010/11/28 19:09:45,22.603
2010/11/28 19:10:48,22.581
2010/11/28 19:11:55,22.577
2010/11/28 19:12:58,22.584
2010/11/28 19:14:02,22.593
2010/11/28 19:15:03,22.593
2010/11/28 19:16:06,22.595
2010/11/28 19:17:11,22.582
2010/11/28 19:18:19,22.584
2010/11/28 20:06:24,22.65
2010/11/28 20:07:32,22.654
2010/11/28 20:08:37,22.649
2010/11/28 20:09:42,22.647
2010/11/28 20:10:48,22.649
2010/11/28 20:11:52,22.653
2010/11/28 20:12:53,22.66
2010/11/28 20:13:58,22.65
2010/11/28 20:15:03,22.653
2010/11/28 20:16:05,22.662
2010/11/28 20:17:09,22.66
2010/11/28 20:18:14,22.652
2010/11/28 20:19:21,22.653
2010/11/28 20:20:33,22.65
2010/11/28 20:21:35,22.646
2010/11/28 20:22:41,22.643
2010/11/28 20:23:49,22.646
2010/11/28 20:24:57,22.648
2010/11/28 20:26:02,22.639
2010/11/28 21:04:00,22.733
2010/11/28 21:05:05,22.704
2010/11/28 21:06:08,22.689
2010/11/28 21:07:11,22.685
2010/11/28 21:08:21,22.667
2010/11/28 21:09:27,22.638
2010/11/28 21:10:30,22.642
2010/11/28 21:11:34,22.677
2010/11/28 21:12:40,22.685
2010/11/28 21:13:46,22.681
2010/11/28 21:14:49,22.676
2010/11/28 21:15:52,22.648
2010/11/28 21:16:54,22.634
2010/11/28 21:17:58,22.631
2010/11/28 21:19:04,22.728
2010/11/28 21:20:06,22.771
2010/11/28 21:21:09,22.789
2010/11/28 21:22:13,22.781
2010/11/28 21:23:16,22.78
2010/11/28 22:10:46,22.727
2010/11/28 22:11:50,22.72
2010/11/28 22:12:53,22.708
2010/11/28 22:13:57,22.72
2010/11/28 22:14:59,22.743
2010/11/28 22:16:06,22.762
2010/11/28 22:17:08,22.797
2010/11/28 22:18:12,22.812
2010/11/28 22:19:16,22.829
2010/11/28 22:20:20,22.841
2010/11/28 22:21:22,22.861
2010/11/28 22:22:28,22.888
2010/11/28 22:23:31,22.892
2010/11/28 22:24:32,22.873
2010/11/28 22:25:36,22.844
2010/11/28 22:26:45,22.832
2010/11/28 22:27:51,22.816
2010/11/28 22:28:59,22.795
2010/11/28 22:30:04,22.808
2010/11/28 23:09:43,23.179
2010/11/28 23:10:53,23.138
2010/11/28 23:12:00,23.105
2010/11/28 23:13:08,23.068
2010/11/28 23:14:14,23.034
2010/11/28 23:15:19,23.056
2010/11/28 23:16:27,23.064
2010/11/28 23:17:32,23.005
2010/11/28 23:18:39,22.945
2010/11/28 23:19:47,22.939
2010/11/28 23:20:57,22.962
2010/11/28 23:22:01,22.951
2010/11/28 23:23:04,22.988
2010/11/28 23:24:05,23.013
2010/11/28 23:25:11,22.956
2010/11/28 23:26:14,22.778
2010/11/28 23:27:19,22.726
2010/11/28 23:28:22,22.705
2010/11/28 23:29:29,22.707
2010/11/29 00:18:57,22.641
2010/11/29 00:20:07,22.636
2010/11/29 00:21:14,22.628
2010/11/29 00:22:21,22.632
2010/11/29 00:23:31,22.659
2010/11/29 00:24:34,22.662
2010/11/29 00:25:40,22.663
2010/11/29 00:26:47,22.663
2010/11/29 00:27:50,22.691
2010/11/29 00:28:56,22.695
2010/11/29 00:30:00,22.691
2010/11/29 00:31:05,22.694
2010/11/29 00:32:10,22.682
2010/11/29 00:33:14,22.684
2010/11/29 00:34:19,22.685
2010/11/29 00:35:19,22.671
2010/11/29 00:36:21,22.677
2010/11/29 00:37:30,22.691
2010/11/29 00:38:34,22.69
2010/11/29 01:15:23,22.454
2010/11/29 01:16:31,22.452
2010/11/29 01:17:38,22.459
2010/11/29 01:18:40,22.461
2010/11/29 01:19:44,22.455
2010/11/29 01:20:46,22.46
2010/11/29 01:21:52,22.464
2010/11/29 01:23:01,22.468
2010/11/29 01:24:03,22.482
2010/11/29 01:25:09,22.479
2010/11/29 01:26:13,22.474
2010/11/29 01:27:13,22.482
2010/11/29 01:28:16,22.479
2010/11/29 01:29:20,22.485
2010/11/29 01:30:24,22.499
2010/11/29 01:31:27,22.498
2010/11/29 01:32:30,22.535
2010/11/29 01:33:32,22.564
2010/11/29 01:34:34,22.588
2010/11/29 02:22:35,22.869
2010/11/29 02:23:41,22.877
2010/11/29 02:24:52,22.869
2010/11/29 02:25:53,22.878
2010/11/29 02:26:58,22.886
2010/11/29 02:28:07,22.852
2010/11/29 02:29:11,22.83
2010/11/29 02:30:15,22.823
2010/11/29 02:31:21,22.817
2010/11/29 02:32:31,22.812
2010/11/29 02:33:35,22.839
2010/11/29 02:34:41,22.877
2010/11/29 02:35:48,22.904
2010/11/29 02:36:55,22.912
2010/11/29 02:37:58,22.91
2010/11/29 02:39:00,22.911
2010/11/29 02:40:06,22.904
2010/11/29 02:41:10,22.911
2010/11/29 02:42:15,22.898
2010/11/29 03:20:34,23.039
2010/11/29 03:21:39,23.024
2010/11/29 03:22:43,23.034
2010/11/29 03:23:49,23.021
2010/11/29 03:24:59,23.014
2010/11/29 03:26:04,23.018
2010/11/29 03:27:09,23.042
2010/11/29 03:28:15,23.052
2010/11/29 03:29:21,23.058
2010/11/29 03:30:24,23.033
2010/11/29 03:31:29,23.029
2010/11/29 03:32:33,23.01
2010/11/29 03:33:43,23.013
2010/11/29 03:34:47,23.005
2010/11/29 03:35:52,23.016
2010/11/29 03:36:54,23.008
2010/11/29 03:37:59,23.016
2010/11/29 03:39:05,23.027
2010/11/29 03:40:10,23.047
2010/11/29 04:29:20,22.948
2010/11/29 04:30:24,22.966
2010/11/29 04:31:31,22.977
2010/11/29 04:32:33,22.968
2010/11/29 04:33:34,22.998
2010/11/29 04:34:41,23.025
2010/11/29 04:35:47,23.028
2010/11/29 04:36:53,23.039
2010/11/29 04:37:57,23.042
2010/11/29 04:39:10,23.09
2010/11/29 04:40:11,23.111
2010/11/29 04:41:16,23.097
2010/11/29 04:42:22,23.094
2010/11/29 04:43:28,23.088
2010/11/29 04:44:34,23.077
2010/11/29 04:45:43,23.061
2010/11/29 04:46:49,23.07
2010/11/29 04:47:52,23.064
2010/11/29 04:48:55,23.062
2010/11/29 05:27:38,22.927
2010/11/29 05:28:45,22.92
2010/11/29 05:29:55,22.935
2010/11/29 05:31:04,22.919
2010/11/29 05:32:13,22.925
2010/11/29 05:33:17,22.931
2010/11/29 05:34:21,22.932
2010/11/29 05:35:27,22.965
2010/11/29 05:36:30,22.995
2010/11/29 05:37:38,23.021
2010/11/29 05:38:47,23.033
2010/11/29 05:39:54,23.053
2010/11/29 05:41:01,23.076
2010/11/29 05:42:06,23.078
2010/11/29 05:43:07,23.072
2010/11/29 05:44:11,23.072
2010/11/29 05:45:17,23.059
2010/11/29 05:46:22,23.063
2010/11/29 05:47:25,23.066
2010/11/29 06:35:18,22.959
2010/11/29 06:36:22,22.96
2010/11/29 06:37:25,22.968
2010/11/29 06:38:32,22.98
2010/11/29 06:39:37,22.984
2010/11/29 06:40:45,22.99
2010/11/29 06:41:56,22.982
2010/11/29 06:43:02,22.972
2010/11/29 06:44:09,22.968
2010/11/29 06:45:14,22.982
2010/11/29 06:46:18,22.969
2010/11/29 06:47:22,22.976
2010/11/29 06:48:26,22.984
2010/11/29 06:49:31,22.992
2010/11/29 06:50:36,23.002
2010/11/29 06:51:44,22.999
2010/11/29 06:52:49,23.014
2010/11/29 06:53:52,23.015
2010/11/29 06:54:58,23.013
2010/11/29 07:33:32,23.074
2010/11/29 07:34:39,23.066
2010/11/29 07:35:46,23.078
2010/11/29 07:36:52,23.11
2010/11/29 07:37:59,23.125
2010/11/29 07:39:07,23.139
2010/11/29 07:40:12,23.157
2010/11/29 07:41:25,23.139
2010/11/29 07:42:36,23.102
2010/11/29 07:43:45,23.087
2010/11/29 07:44:56,23.078
2010/11/29 07:46:01,23.068
2010/11/29 07:47:08,23.078
2010/11/29 07:48:13,23.072
2010/11/29 07:49:20,23.084
2010/11/29 07:50:27,23.077
2010/11/29 07:51:36,23.074
2010/11/29 07:52:44,23.084
2010/11/29 07:53:48,23.087
2010/11/29 08:42:44,23.045
2010/11/29 08:43:50,23.053
2010/11/29 08:44:55,23.063
2010/11/29 08:46:03,23.078
2010/11/29 08:47:07,23.079
2010/11/29 08:48:13,23.091
2010/11/29 08:49:18,23.088
2010/11/29 08:50:19,23.07
2010/11/29 08:51:24,23.065
2010/11/29 08:52:28,23.078
2010/11/29 08:53:36,23.099
2010/11/29 08:54:43,23.112
2010/11/29 08:55:47,23.117
2010/11/29 08:56:56,23.13
2010/11/29 08:58:01,23.145
2010/11/29 08:59:06,23.147
2010/11/29 09:00:14,23.152
2010/11/29 09:01:21,23.141
2010/11/29 09:02:26,23.128
2010/11/29 09:40:10,23.221
2010/11/29 09:41:13,23.216
2010/11/29 09:42:16,23.217
2010/11/29 09:43:21,23.225
2010/11/29 09:44:28,23.225
2010/11/29 09:45:34,23.217
2010/11/29 09:46:40,23.222
2010/11/29 09:47:44,23.217
2010/11/29 09:48:50,23.226
2010/11/29 09:49:53,23.227
2010/11/29 09:50:58,23.232
2010/11/29 09:52:00,23.223
2010/11/29 09:53:07,23.219
2010/11/29 09:54:07,23.213
2010/11/29 09:55:09,23.2
2010/11/29 09:56:16,23.193
2010/11/29 09:57:21,23.194
2010/11/29 09:58:25,23.188
2010/11/29 09:59:28,23.192
2010/11/29 10:48:07,23.377
2010/11/29 10:49:10,23.373
2010/11/29 10:50:16,23.369
2010/11/29 10:51:25,23.317
2010/11/29 10:52:35,23.256
2010/11/29 10:53:44,23.218
2010/11/29 10:54:53,23.21
2010/11/29 10:56:01,23.212
2010/11/29 10:57:08,23.198
2010/11/29 10:58:15,23.204
2010/11/29 10:59:21,23.204
2010/11/29 11:00:30,23.201
2010/11/29 11:01:39,23.206
2010/11/29 11:02:45,23.198
2010/11/29 11:03:59,23.204
2010/11/29 11:05:04,23.207
2010/11/29 11:06:15,23.21
2010/11/29 11:07:25,23.215
2010/11/29 11:08:30,23.221
2010/11/29 11:48:36,23.453
2010/11/29 11:49:42,23.466
2010/11/29 11:50:48,23.484
2010/11/29 11:52:00,23.479
2010/11/29 11:53:04,23.472
2010/11/29 11:54:14,23.471
2010/11/29 11:55:20,23.463
2010/11/29 11:56:28,23.464
2010/11/29 11:57:36,23.457
2010/11/29 11:58:41,23.461
2010/11/29 11:59:51,23.465
2010/11/29 12:01:00,23.464
2010/11/29 12:02:10,23.462
2010/11/29 12:03:15,23.461
2010/11/29 12:04:24,23.456
2010/11/29 12:05:26,23.454
2010/11/29 12:06:38,23.458
2010/11/29 12:07:47,23.454
2010/11/29 12:08:57,23.449
2010/11/29 12:58:37,23.319
2010/11/29 12:59:43,23.323
2010/11/29 13:00:48,23.333
2010/11/29 13:01:54,23.335
2010/11/29 13:03:02,23.333
2010/11/29 13:04:08,23.345
2010/11/29 13:05:14,23.353
2010/11/29 13:06:24,23.359
2010/11/29 13:07:29,23.358
2010/11/29 13:08:35,23.36
2010/11/29 13:09:41,23.349
2010/11/29 13:10:48,23.35
2010/11/29 13:11:55,23.349
2010/11/29 13:13:03,23.355
2010/11/29 13:14:15,23.366
2010/11/29 13:15:20,23.352
2010/11/29 13:16:27,23.339
2010/11/29 13:17:32,23.337
2010/11/29 13:18:40,23.337
2010/11/29 13:57:46,23.525
2010/11/29 13:58:54,23.524
2010/11/29 14:00:01,23.51
2010/11/29 14:01:07,23.505
2010/11/29 14:02:15,23.513
2010/11/29 14:03:19,23.517
2010/11/29 14:04:21,23.522
2010/11/29 14:05:25,23.53
2010/11/29 14:06:34,23.535
2010/11/29 14:07:42,23.571
2010/11/29 14:08:51,23.576
2010/11/29 14:09:58,23.59
2010/11/29 14:11:03,23.585
2010/11/29 14:12:07,23.577
2010/11/29 14:13:14,23.581
2010/11/29 14:14:21,23.582
2010/11/29 14:15:31,23.59
2010/11/29 14:16:33,23.59
2010/11/29 14:17:40,23.59
2010/11/29 15:06:47,23.495
2010/11/29 15:07:56,23.645
2010/11/29 15:09:00,23.66
2010/11/29 15:10:10,23.679
2010/11/29 15:11:15,23.702
2010/11/29 15:12:26,23.751
2010/11/29 15:13:33,23.758
2010/11/29 15:14:43,23.765
2010/11/29 15:15:48,23.766
2010/11/29 15:16:54,23.766
2010/11/29 15:17:56,23.759
2010/11/29 15:19:03,23.768
2010/11/29 15:20:09,23.774
2010/11/29 15:21:20,23.773
2010/11/29 15:22:26,23.766
2010/11/29 15:23:33,23.747
2010/11/29 15:24:38,23.738
2010/11/29 15:25:44,23.74
2010/11/29 15:26:47,23.731
2010/11/29 16:05:30,24.027
2010/11/29 16:06:39,24.015
2010/11/29 16:07:49,24.007
2010/11/29 16:08:57,23.982
2010/11/29 16:10:04,23.894
2010/11/29 16:11:12,23.766
2010/11/29 16:12:16,23.741
2010/11/29 16:13:22,23.759
2010/11/29 16:14:24,23.776
2010/11/29 16:15:35,23.781
2010/11/29 16:16:46,23.79
2010/11/29 16:17:57,23.795
2010/11/29 16:19:05,23.81
2010/11/29 16:20:10,23.802
2010/11/29 16:21:13,23.797
2010/11/29 16:22:19,23.787
2010/11/29 16:23:27,23.751
2010/11/29 16:24:32,23.76
2010/11/29 16:25:39,23.78
2010/11/29 17:14:24,23.989
2010/11/29 17:15:26,23.978
2010/11/29 17:16:33,23.972
2010/11/29 17:17:36,23.95
2010/11/29 17:18:41,23.848
2010/11/29 17:19:50,23.837
2010/11/29 17:20:58,23.831
2010/11/29 17:22:02,23.829
2010/11/29 17:23:07,23.816
2010/11/29 17:24:13,23.809
2010/11/29 17:25:18,23.803
2010/11/29 17:26:27,23.817
2010/11/29 17:27:31,23.837
2010/11/29 17:28:30,23.851
2010/11/29 17:29:34,23.866
2010/11/29 17:30:40,23.886
2010/11/29 17:31:43,23.903
2010/11/29 17:32:51,23.922
2010/11/29 17:33:55,23.922
2010/11/29 18:12:33,24.008
2010/11/29 18:13:40,23.981
2010/11/29 18:14:43,23.962
2010/11/29 18:15:50,23.947
2010/11/29 18:16:54,23.939
2010/11/29 18:17:57,23.955
2010/11/29 18:19:04,24.017
2010/11/29 18:20:14,24.01
2010/11/29 18:21:23,23.999
2010/11/29 18:22:31,24.012
2010/11/29 18:23:35,24.02
2010/11/29 18:24:44,24.013
2010/11/29 18:25:49,24.026
2010/11/29 18:26:56,24.031
2010/11/29 18:28:02,24.031
2010/11/29 18:29:03,24.014
2010/11/29 18:30:09,24.005
2010/11/29 18:31:15,24.016
2010/11/29 18:32:18,24.016
2010/11/29 19:20:58,24.455
2010/11/29 19:22:02,24.448
2010/11/29 19:23:12,24.433
2010/11/29 19:24:21,24.437
2010/11/29 19:25:27,24.441
2010/11/29 19:26:35,24.459
2010/11/29 19:27:38,24.455
2010/11/29 19:28:48,24.458
2010/11/29 19:29:46,24.46
2010/11/29 19:30:52,24.435
2010/11/29 19:31:55,24.428
2010/11/29 19:33:00,24.43
2010/11/29 19:34:06,24.432
2010/11/29 19:35:11,24.435
2010/11/29 19:36:14,24.434
2010/11/29 19:37:22,24.444
2010/11/29 19:38:27,24.453
2010/11/29 19:39:33,24.45
2010/11/29 19:40:42,24.451
2010/11/29 20:19:36,24.263
2010/11/29 20:20:44,24.269
2010/11/29 20:21:45,24.281
2010/11/29 20:22:48,24.284
2010/11/29 20:23:56,24.29
2010/11/29 20:25:02,24.294
2010/11/29 20:26:05,24.293
2010/11/29 20:27:08,24.293
2010/11/29 20:28:11,24.304
2010/11/29 20:29:17,24.299
2010/11/29 20:30:26,24.298
2010/11/29 20:31:35,24.309
2010/11/29 20:32:42,24.34
2010/11/29 20:33:49,24.377
2010/11/29 20:34:54,24.393
2010/11/29 20:36:03,24.405
2010/11/29 20:37:09,24.419
2010/11/29 20:38:17,24.429
2010/11/29 20:39:22,24.438
2010/11/29 21:27:33,24.407
2010/11/29 21:28:38,24.412
2010/11/29 21:29:39,24.417
2010/11/29 21:30:44,24.424
2010/11/29 21:31:49,24.429
2010/11/29 21:32:54,24.431
2010/11/29 21:34:00,24.438
2010/11/29 21:35:05,24.443
2010/11/29 21:36:07,24.45
2010/11/29 21:37:10,24.446
2010/11/29 21:38:15,24.446
2010/11/29 21:39:23,24.443
2010/11/29 21:40:30,24.459
2010/11/29 21:41:38,24.456
2010/11/29 21:42:43,24.443
2010/11/29 21:43:48,24.429
2010/11/29 21:44:53,24.426
2010/11/29 21:46:01,24.405
2010/11/29 21:47:03,24.384
2010/11/29 22:24:40,24.336
2010/11/29 22:25:47,24.316
2010/11/29 22:26:54,24.292
2010/11/29 22:28:00,24.284
2010/11/29 22:29:11,24.278
2010/11/29 22:30:24,24.264
2010/11/29 22:31:27,24.26
2010/11/29 22:32:33,24.266
2010/11/29 22:33:38,24.283
2010/11/29 22:34:46,24.294
2010/11/29 22:35:55,24.286
2010/11/29 22:37:02,24.266
2010/11/29 22:38:05,24.23
2010/11/29 22:39:12,24.232
2010/11/29 22:40:22,24.236
2010/11/29 22:41:29,24.232
2010/11/29 22:42:34,24.261
2010/11/29 22:43:41,24.297
2010/11/29 22:44:44,24.308
2010/11/29 23:34:00,24.587
2010/11/29 23:35:12,24.58
2010/11/29 23:36:21,24.587
2010/11/29 23:37:24,24.583
2010/11/29 23:38:31,24.556
2010/11/29 23:39:41,24.537
2010/11/29 23:40:47,24.526
2010/11/29 23:41:53,24.526
2010/11/29 23:43:03,24.548
2010/11/29 23:44:10,24.565
2010/11/29 23:45:21,24.578
2010/11/29 23:46:23,24.584
2010/11/29 23:47:32,24.578
2010/11/29 23:48:38,24.575
2010/11/29 23:49:45,24.566
2010/11/29 23:50:52,24.56
2010/11/29 23:51:57,24.553
2010/11/29 23:53:05,24.563
2010/11/29 23:54:12,24.565
2010/11/30 00:33:41,24.621
2010/11/30 00:34:45,24.618
2010/11/30 00:35:46,24.628
2010/11/30 00:36:55,24.637
2010/11/30 00:38:00,24.644
2010/11/30 00:39:02,24.648
2010/11/30 00:40:07,24.656
2010/11/30 00:41:10,24.641
2010/11/30 00:42:13,24.653
2010/11/30 00:43:20,24.641
2010/11/30 00:44:25,24.631
2010/11/30 00:45:30,24.625
2010/11/30 00:46:38,24.624
2010/11/30 00:47:38,24.621
2010/11/30 00:48:45,24.622
2010/11/30 00:49:50,24.625
2010/11/30 00:50:54,24.627
2010/11/30 00:51:56,24.644
2010/11/30 00:52:57,24.632
2010/11/30 01:40:36,24.872
2010/11/30 01:41:41,24.896
2010/11/30 01:42:46,24.935
2010/11/30 01:43:54,24.956
2010/11/30 01:44:59,24.959
2010/11/30 01:46:08,24.97
2010/11/30 01:47:13,24.962
2010/11/30 01:48:21,24.954
2010/11/30 01:49:25,24.944
2010/11/30 01:50:28,24.941
2010/11/30 01:51:30,24.946
2010/11/30 01:52:35,24.939
2010/11/30 01:53:41,24.947
2010/11/30 01:54:51,24.95
2010/11/30 01:55:59,24.944
2010/11/30 01:57:06,24.943
2010/11/30 01:58:13,24.955
2010/11/30 01:59:24,24.947
2010/11/30 02:00:32,24.945
2010/11/30 02:38:56,24.736
2010/11/30 02:39:59,24.734
2010/11/30 02:41:04,24.717
2010/11/30 02:42:08,24.719
2010/11/30 02:43:10,24.702
2010/11/30 02:44:18,24.685
2010/11/30 02:45:24,24.671
2010/11/30 02:46:27,24.667
2010/11/30 02:47:32,24.737
2010/11/30 02:48:38,24.775
2010/11/30 02:49:39,24.787
2010/11/30 02:50:42,24.802
2010/11/30 02:51:46,24.792
2010/11/30 02:52:52,24.774
2010/11/30 02:53:51,24.773
2010/11/30 02:54:56,24.762
2010/11/30 02:56:02,24.753
2010/11/30 02:57:11,24.757
2010/11/30 02:58:19,24.79
2010/11/30 03:47:03,25.168
2010/11/30 03:48:11,25.279
2010/11/30 03:49:17,25.322
2010/11/30 03:50:22,25.365
2010/11/30 03:51:31,25.373
2010/11/30 03:52:39,25.387
2010/11/30 03:53:48,25.393
2010/11/30 03:54:53,25.403
2010/11/30 03:55:57,25.403
2010/11/30 03:57:02,25.41
2010/11/30 03:58:07,25.41
2010/11/30 03:59:19,25.414
2010/11/30 04:00:27,25.407
2010/11/30 04:01:31,25.378
2010/11/30 04:02:35,25.36
2010/11/30 04:03:43,25.341
2010/11/30 04:04:55,25.347
2010/11/30 04:06:02,25.348
2010/11/30 04:07:10,25.349
2010/11/30 04:45:39,25.717
2010/11/30 04:46:40,25.718
2010/11/30 04:47:44,25.721
2010/11/30 04:48:49,25.73
2010/11/30 04:49:54,25.735
2010/11/30 04:50:59,25.729
2010/11/30 04:52:03,25.737
2010/11/30 04:53:08,25.738
2010/11/30 04:54:12,25.746
2010/11/30 04:55:20,25.74
2010/11/30 04:56:28,25.754
2010/11/30 04:57:36,25.747
2010/11/30 04:58:40,25.746
2010/11/30 04:59:49,25.742
2010/11/30 05:00:57,25.746
2010/11/30 05:02:00,25.742
2010/11/30 05:03:07,25.737
2010/11/30 05:04:14,25.739
2010/11/30 05:05:21,25.735
2010/11/30 05:54:05,25.432
2010/11/30 05:55:11,25.431
2010/11/30 05:56:17,25.43
2010/11/30 05:57:21,25.425
2010/11/30 05:58:30,25.432
2010/11/30 05:59:33,25.43
2010/11/30 06:00:38,25.417
2010/11/30 06:01:43,25.417
2010/11/30 06:02:48,25.404
2010/11/30 06:03:52,25.387
2010/11/30 06:04:54,25.396
2010/11/30 06:06:03,25.403
2010/11/30 06:07:06,25.407
2010/11/30 06:08:14,25.407
2010/11/30 06:09:18,25.43
2010/11/30 06:10:27,25.442
2010/11/30 06:11:32,25.452
2010/11/30 06:12:37,25.471
2010/11/30 06:13:45,25.515
2010/11/30 06:52:31,25.774
2010/11/30 06:53:37,25.763
2010/11/30 06:54:40,25.768
2010/11/30 06:55:48,25.764
2010/11/30 06:56:55,25.75
2010/11/30 06:57:59,25.755
2010/11/30 06:59:07,25.749
2010/11/30 07:00:14,25.749
2010/11/30 07:01:21,25.756
2010/11/30 07:02:31,25.754
2010/11/30 07:03:40,25.751
2010/11/30 07:04:44,25.754
2010/11/30 07:05:55,25.762
2010/11/30 07:06:59,25.761
2010/11/30 07:08:07,25.763
2010/11/30 07:09:13,25.766
2010/11/30 07:10:20,25.776
2010/11/30 07:11:28,25.781
2010/11/30 07:12:32,25.784
2010/11/30 08:01:38,25.877
2010/11/30 08:02:45,25.869
2010/11/30 08:03:55,25.871
2010/11/30 08:05:00,25.867
2010/11/30 08:06:08,25.86
2010/11/30 08:07:13,25.836
2010/11/30 08:08:22,25.828
2010/11/30 08:09:30,25.818
2010/11/30 08:10:36,25.813
2010/11/30 08:11:42,25.806
2010/11/30 08:12:50,25.806
2010/11/30 08:13:58,25.795
2010/11/30 08:15:02,25.785
2010/11/30 08:16:08,25.771
2010/11/30 08:17:17,25.767
2010/11/30 08:18:23,25.764
2010/11/30 08:19:29,25.753
2010/11/30 08:20:36,25.758
2010/11/30 08:21:43,25.747
2010/11/30 09:00:52,25.797
2010/11/30 09:01:59,25.788
2010/11/30 09:03:06,25.774
2010/11/30 09:04:11,25.776
2010/11/30 09:05:18,25.764
2010/11/30 09:06:25,25.77
2010/11/30 09:07:34,25.765
2010/11/30 09:08:38,25.76
2010/11/30 09:09:44,25.764
2010/11/30 09:10:54,25.76
2010/11/30 09:11:57,25.76
2010/11/30 09:13:01,25.751
2010/11/30 09:14:01,25.758
2010/11/30 09:15:07,25.757
2010/11/30 09:16:09,25.76
2010/11/30 09:17:14,25.761
2010/11/30 09:18:19,25.757
2010/11/30 09:19:22,25.747
2010/11/30 09:20:26,25.765
2010/11/30 10:08:39,25.999
2010/11/30 10:09:47,26.013
2010/11/30 10:10:50,26.009
2010/11/30 10:11:54,26.016
2010/11/30 10:13:00,25.992
2010/11/30 10:14:07,25.908
2010/11/30 10:15:17,25.864
2010/11/30 10:16:26,25.867
2010/11/30 10:17:31,25.867
2010/11/30 10:18:38,25.865
2010/11/30 10:19:47,25.842
2010/11/30 10:20:52,25.848
2010/11/30 10:22:00,25.847
2010/11/30 10:23:05,25.861
2010/11/30 10:24:14,25.853
2010/11/30 10:25:22,25.859
2010/11/30 10:26:31,25.86
2010/11/30 10:27:37,25.84
2010/11/30 10:28:47,25.805
2010/11/30 11:07:52,25.503
2010/11/30 11:08:58,25.481
2010/11/30 11:10:03,25.457
2010/11/30 11:11:11,25.485
2010/11/30 11:12:17,25.498
2010/11/30 11:13:28,25.514
2010/11/30 11:14:34,25.529
2010/11/30 11:15:43,25.527
2010/11/30 11:16:49,25.53
2010/11/30 11:17:56,25.529
2010/11/30 11:18:58,25.531
2010/11/30 11:20:06,25.537
2010/11/30 11:21:11,25.526
2010/11/30 11:22:21,25.518
2010/11/30 11:23:28,25.521
2010/11/30 11:24:37,25.52
2010/11/30 11:25:49,25.507
2010/11/30 11:26:59,25.464
2010/11/30 11:28:05,25.462
2010/11/30 12:16:54,25.671
2010/11/30 12:18:02,25.651
2010/11/30 12:19:15,25.654
2010/11/30 12:20:24,25.683
2010/11/30 12:21:30,25.691
2010/11/30 12:22:39,25.694
2010/11/30 12:23:46,25.673
2010/11/30 12:24:54,25.65
2010/11/30 12:26:00,25.641
2010/11/30 12:27:09,25.624
2010/11/30 12:28:15,25.63
2010/11/30 12:29:22,25.641
2010/11/30 12:30:29,25.64
2010/11/30 12:31:36,25.651
2010/11/30 12:32:44,25.672
2010/11/30 12:33:48,25.679
2010/11/30 12:34:59,25.69
2010/11/30 12:36:09,25.687
2010/11/30 12:37:17,25.683
2010/11/30 13:16:33,25.628
2010/11/30 13:17:42,25.623
2010/11/30 13:18:52,25.615
2010/11/30 13:19:54,25.601
2010/11/30 13:20:59,25.604
2010/11/30 13:22:07,25.602
2010/11/30 13:23:13,25.597
2010/11/30 13:24:20,25.594
2010/11/30 13:25:27,25.589
2010/11/30 13:26:33,25.579
2010/11/30 13:27:37,25.568
2010/11/30 13:28:41,25.568
2010/11/30 13:29:46,25.56
2010/11/30 13:30:54,25.553
2010/11/30 13:32:00,25.545
2010/11/30 13:33:05,25.523
2010/11/30 13:34:10,25.507
2010/11/30 13:35:17,25.496
2010/11/30 13:36:26,25.49
2010/11/30 14:25:06,25.389
2010/11/30 14:26:12,25.383
2010/11/30 14:27:15,25.396
2010/11/30 14:28:20,25.391
2010/11/30 14:29:26,25.372
2010/11/30 14:30:32,25.378
2010/11/30 14:31:37,25.395
2010/11/30 14:32:44,25.39
2010/11/30 14:33:51,25.38
2010/11/30 14:34:58,25.36
2010/11/30 14:36:04,25.344
2010/11/30 14:37:11,25.293
2010/11/30 14:38:17,25.272
2010/11/30 14:39:26,25.265
2010/11/30 14:40:34,25.259
2010/11/30 14:41:48,25.262
2010/11/30 14:42:55,25.27
2010/11/30 14:44:06,25.264
2010/11/30 14:45:17,25.266
2010/11/30 18:58:20,25.552
2010/11/30 18:59:16,25.534
2010/11/30 19:00:08,25.541
2010/11/30 19:01:09,25.562
2010/11/30 19:02:03,25.532
2010/11/30 19:03:04,25.547
2010/11/30 19:03:57,25.557
2010/11/30 19:04:50,25.562
2010/11/30 19:05:45,25.573
2010/11/30 19:06:38,25.569
2010/11/30 19:07:39,25.589
2010/11/30 19:08:33,25.594
2010/11/30 19:09:28,25.6
2010/11/30 19:10:21,25.613
2010/11/30 19:11:17,25.627
2010/11/30 19:12:14,25.638
2010/11/30 19:13:15,25.646
2010/11/30 19:14:14,25.662
2010/11/30 19:15:05,25.675
2010/11/30 19:46:27,25.65
2010/11/30 19:47:27,25.649
2010/11/30 19:48:31,25.652
2010/11/30 19:49:31,25.659
2010/11/30 19:50:45,25.636
2010/11/30 19:51:43,25.616
2010/11/30 19:52:50,25.615
2010/11/30 19:53:58,25.612
2010/11/30 19:55:01,25.607
2010/11/30 19:56:08,25.61
2010/11/30 19:57:05,25.576
2010/11/30 19:58:05,25.568
2010/11/30 19:59:05,25.569
2010/11/30 20:00:05,25.579
2010/11/30 20:01:01,25.596
2010/11/30 20:02:00,25.605
2010/11/30 20:03:02,25.625
2010/11/30 20:04:00,25.631
2010/11/30 20:05:02,25.65
2010/11/30 20:47:28,26.309
2010/11/30 20:48:37,26.31
2010/11/30 20:49:44,26.313
2010/11/30 20:50:44,26.312
2010/11/30 20:51:46,26.302
2010/11/30 20:52:52,26.297
2010/11/30 20:53:49,26.296
2010/11/30 20:54:49,26.296
2010/11/30 20:55:42,26.299
2010/11/30 20:56:38,26.3
2010/11/30 20:57:37,26.26
2010/11/30 20:58:42,26.232
2010/11/30 20:59:33,26.234
2010/11/30 21:00:27,26.25
2010/11/30 21:01:21,26.264
2010/11/30 21:02:14,26.268
2010/11/30 21:03:08,26.272
2010/11/30 21:04:05,26.292
2010/11/30 21:04:56,26.3
2010/11/30 21:37:46,26.275
2010/11/30 21:38:42,26.275
2010/11/30 21:39:39,26.273
2010/11/30 21:40:32,26.274
2010/11/30 21:41:42,26.279
2010/11/30 21:42:35,26.28
2010/11/30 21:43:33,26.285
2010/11/30 21:44:30,26.292
2010/11/30 21:45:26,26.299
2010/11/30 21:46:21,26.301
2010/11/30 21:47:11,26.299
2010/11/30 21:48:05,26.302
2010/11/30 21:49:01,26.302
2010/11/30 21:49:54,26.292
2010/11/30 21:50:47,26.281
2010/11/30 21:51:41,26.288
2010/11/30 21:52:35,26.286
2010/11/30 21:53:25,26.285
2010/11/30 21:54:16,26.283
2010/11/30 22:34:05,25.9
2010/11/30 22:35:05,25.904
2010/11/30 22:35:59,25.912
2010/11/30 22:37:01,25.903
2010/11/30 22:37:52,25.879
2010/11/30 22:38:40,25.87
2010/11/30 22:39:38,25.865
2010/11/30 22:40:35,25.867
2010/11/30 22:41:29,25.849
2010/11/30 22:42:20,25.845
2010/11/30 22:43:15,25.857
2010/11/30 22:44:09,25.87
2010/11/30 22:45:02,25.871
2010/11/30 22:46:01,25.938
2010/11/30 22:46:59,25.944
2010/11/30 22:47:53,25.957
2010/11/30 22:48:46,25.961
2010/11/30 22:49:38,25.978
2010/11/30 22:50:28,25.978
2010/11/30 23:23:17,26.049
2010/11/30 23:24:07,26.022
2010/11/30 23:25:02,25.995
2010/11/30 23:25:52,25.979
2010/11/30 23:26:44,25.971
2010/11/30 23:27:36,25.972
2010/11/30 23:28:26,25.973
2010/11/30 23:29:17,25.971
2010/11/30 23:30:14,25.967
2010/11/30 23:31:04,25.979
2010/11/30 23:31:55,25.979
2010/11/30 23:32:50,25.976
2010/11/30 23:33:41,25.985
2010/11/30 23:34:32,25.995
2010/11/30 23:35:24,26
2010/11/30 23:36:13,26.023
2010/11/30 23:37:06,26.052
2010/11/30 23:38:02,26.073
2010/11/30 23:39:05,26.082
2010/12/01 00:18:09,26.851
2010/12/01 00:19:03,26.859
2010/12/01 00:19:53,26.861
2010/12/01 00:20:45,26.868
2010/12/01 00:21:39,26.868
2010/12/01 00:22:30,26.866
2010/12/01 00:23:25,26.884
2010/12/01 00:24:21,26.959
2010/12/01 00:25:17,27.005
2010/12/01 00:26:10,26.998
2010/12/01 00:27:06,26.987
2010/12/01 00:28:04,26.979
2010/12/01 00:29:04,26.98
2010/12/01 00:30:06,26.967
2010/12/01 00:31:04,26.967
2010/12/01 00:32:02,26.963
2010/12/01 00:32:59,26.953
2010/12/01 00:34:03,26.955
2010/12/01 00:35:07,26.935
2010/12/01 01:07:00,26.887
2010/12/01 01:07:54,26.884
2010/12/01 01:08:48,26.898
2010/12/01 01:09:36,26.904
2010/12/01 01:10:26,26.911
2010/12/01 01:11:16,26.918
2010/12/01 01:12:12,26.948
2010/12/01 01:13:04,26.963
2010/12/01 01:13:53,26.967
2010/12/01 01:14:45,26.975
2010/12/01 01:15:36,26.996
2010/12/01 01:16:28,27.001
2010/12/01 01:17:20,27.009
2010/12/01 01:18:14,27.02
2010/12/01 01:19:07,27.015
2010/12/01 01:19:59,27.009
2010/12/01 01:20:53,27.017
2010/12/01 01:21:48,27.022
2010/12/01 01:22:41,27.011
2010/12/01 02:03:16,26.92
2010/12/01 02:04:10,26.93
2010/12/01 02:05:09,26.922
2010/12/01 02:06:03,26.921
2010/12/01 02:06:57,26.901
2010/12/01 02:07:56,26.897
2010/12/01 02:08:47,26.901
2010/12/01 02:09:42,26.901
2010/12/01 02:10:36,26.909
2010/12/01 02:11:29,26.909
2010/12/01 02:12:20,26.916
2010/12/01 02:13:14,26.924
2010/12/01 02:14:08,26.92
2010/12/01 02:14:58,26.923
2010/12/01 02:15:50,26.916
2010/12/01 02:16:46,26.924
2010/12/01 02:17:39,26.93
2010/12/01 02:18:31,26.914
2010/12/01 02:19:39,26.898
2010/12/01 02:52:57,26.761
2010/12/01 02:53:48,26.76
2010/12/01 02:54:47,26.737
2010/12/01 02:55:43,26.705
2010/12/01 02:56:37,26.679
2010/12/01 02:57:37,26.683
2010/12/01 02:58:28,26.69
2010/12/01 02:59:24,26.701
2010/12/01 03:00:26,26.695
2010/12/01 03:01:22,26.708
2010/12/01 03:02:12,26.705
2010/12/01 03:03:05,26.711
2010/12/01 03:04:00,26.712
2010/12/01 03:04:53,26.719
2010/12/01 03:05:56,26.703
2010/12/01 03:06:50,26.701
2010/12/01 03:07:53,26.714
2010/12/01 03:08:57,26.734
2010/12/01 03:09:50,26.743
2010/12/01 03:49:21,26.705
2010/12/01 03:50:24,26.705
2010/12/01 03:51:18,26.698
2010/12/01 03:52:11,26.695
2010/12/01 03:53:04,26.705
2010/12/01 03:53:57,26.727
2010/12/01 03:54:48,26.753
2010/12/01 03:55:39,26.756
2010/12/01 03:56:31,26.726
2010/12/01 03:57:24,26.716
2010/12/01 03:58:20,26.737
2010/12/01 03:59:13,26.756
2010/12/01 04:00:04,26.762
2010/12/01 04:00:57,26.772
2010/12/01 04:01:52,26.786
2010/12/01 04:02:42,26.794
2010/12/01 04:03:39,26.803
2010/12/01 04:04:28,26.813
2010/12/01 04:05:19,26.821
2010/12/01 04:36:03,26.777
2010/12/01 04:36:58,26.767
2010/12/01 04:37:54,26.769
2010/12/01 04:38:47,26.788
2010/12/01 04:39:39,26.779
2010/12/01 04:40:34,26.776
2010/12/01 04:41:35,26.776
2010/12/01 04:42:27,26.774
2010/12/01 04:43:17,26.768
2010/12/01 04:44:11,26.77
2010/12/01 04:45:00,26.773
2010/12/01 04:45:53,26.768
2010/12/01 04:46:47,26.765
2010/12/01 04:47:40,26.761
2010/12/01 04:48:33,26.74
2010/12/01 04:49:23,26.722
2010/12/01 04:50:14,26.701
2010/12/01 04:51:07,26.694
2010/12/01 04:52:01,26.714
2010/12/01 05:30:54,26.989
2010/12/01 05:31:42,26.987
2010/12/01 05:32:33,26.975
2010/12/01 05:33:26,26.959
2010/12/01 05:34:22,26.942
2010/12/01 05:35:13,26.92
2010/12/01 05:36:02,26.895
2010/12/01 05:36:55,26.883
2010/12/01 05:37:50,26.88
2010/12/01 05:38:44,26.883
2010/12/01 05:39:35,26.88
2010/12/01 05:40:24,26.873
2010/12/01 05:41:12,26.872
2010/12/01 05:42:01,26.865
2010/12/01 05:42:51,26.859
2010/12/01 05:43:44,26.84
2010/12/01 05:44:34,26.819
2010/12/01 05:45:29,26.811
2010/12/01 05:46:28,26.79
2010/12/01 06:18:43,26.885
2010/12/01 06:19:36,26.886
2010/12/01 06:20:27,26.93
2010/12/01 06:21:27,26.987
2010/12/01 06:22:25,27.039
2010/12/01 06:23:25,27.055
2010/12/01 06:24:24,27.063
2010/12/01 06:25:20,27.076
2010/12/01 06:26:12,27.092
2010/12/01 06:27:06,27.101
2010/12/01 06:28:04,27.123
2010/12/01 06:28:53,27.14
2010/12/01 06:29:50,27.17
2010/12/01 06:30:43,27.169
2010/12/01 06:31:35,27.178
2010/12/01 06:32:29,27.162
2010/12/01 06:33:20,27.151
2010/12/01 06:34:12,27.133
2010/12/01 06:35:04,27.117
2010/12/01 07:15:06,27.051
2010/12/01 07:15:59,27.058
2010/12/01 07:16:57,27.08
2010/12/01 07:17:50,27.081
2010/12/01 07:18:44,27.078
2010/12/01 07:19:36,27.063
2010/12/01 07:20:31,27.062
2010/12/01 07:21:22,27.046
2010/12/01 07:22:19,27.046
2010/12/01 07:23:12,27.059
2010/12/01 07:24:04,27.064
2010/12/01 07:24:54,27.061
2010/12/01 07:25:48,27.064
2010/12/01 07:26:42,27.072
2010/12/01 07:27:33,27.06
2010/12/01 07:28:22,27.06
2010/12/01 07:29:14,27.049
2010/12/01 07:30:07,27.041
2010/12/01 07:31:02,27.04
2010/12/01 08:02:45,27.159
2010/12/01 08:03:37,27.175
2010/12/01 08:04:33,27.194
2010/12/01 08:05:31,27.198
2010/12/01 08:06:25,27.162
2010/12/01 08:07:18,27.139
2010/12/01 08:08:09,27.123
2010/12/01 08:09:03,27.112
2010/12/01 08:09:59,27.087
2010/12/01 08:10:57,27.058
2010/12/01 08:11:50,27.062
2010/12/01 08:12:50,26.995
2010/12/01 08:13:46,27.002
2010/12/01 08:14:46,27.036
2010/12/01 08:15:40,27.025
2010/12/01 08:16:43,27.007
2010/12/01 08:17:35,27.003
2010/12/01 08:18:28,27.015
2010/12/01 08:19:29,27.05
2010/12/01 08:59:06,26.967
2010/12/01 09:00:03,26.942
2010/12/01 09:01:03,26.927
2010/12/01 09:01:57,26.933
2010/12/01 09:02:47,26.926
2010/12/01 09:03:45,26.92
2010/12/01 09:04:37,26.911
2010/12/01 09:05:31,26.91
2010/12/01 09:06:21,26.905
2010/12/01 09:07:15,26.912
2010/12/01 09:08:12,26.916
2010/12/01 09:09:03,26.922
2010/12/01 09:09:57,26.939
2010/12/01 09:10:57,26.953
2010/12/01 09:11:50,26.942
2010/12/01 09:12:52,26.924
2010/12/01 09:13:51,26.904
2010/12/01 09:14:48,26.907
2010/12/01 09:15:40,26.897
2010/12/01 09:46:59,26.951
2010/12/01 09:47:50,26.928
2010/12/01 09:48:49,26.936
2010/12/01 09:49:42,26.939
2010/12/01 09:50:32,26.943
2010/12/01 09:51:28,26.954
2010/12/01 09:52:25,26.967
2010/12/01 09:53:19,26.971
2010/12/01 09:54:11,27.003
2010/12/01 09:55:02,27.013
2010/12/01 09:55:56,27.018
2010/12/01 09:56:49,27.026
2010/12/01 09:57:47,27.032
2010/12/01 09:58:38,27.028
2010/12/01 09:59:32,27.019
2010/12/01 10:00:28,27.023
2010/12/01 10:01:19,27.046
2010/12/01 10:02:15,27.06
2010/12/01 10:03:11,27.066
2010/12/01 10:42:15,26.894
2010/12/01 10:43:10,26.893
2010/12/01 10:43:58,26.884
2010/12/01 10:44:50,26.894
2010/12/01 10:45:44,26.903
2010/12/01 10:46:37,26.897
2010/12/01 10:47:34,26.875
2010/12/01 10:48:27,26.871
2010/12/01 10:49:18,26.891
2010/12/01 10:50:09,26.902
2010/12/01 10:51:00,26.91
2010/12/01 10:51:54,26.918
2010/12/01 10:52:46,26.935
2010/12/01 10:53:39,26.943
2010/12/01 10:54:36,26.975
2010/12/01 10:55:32,27.042
2010/12/01 10:56:24,27.032
2010/12/01 10:57:22,27.038
2010/12/01 10:58:13,27.043
2010/12/01 11:29:41,26.996
2010/12/01 11:30:36,26.988
2010/12/01 11:31:27,26.989
2010/12/01 11:32:17,27.006
2010/12/01 11:33:09,27.015
2010/12/01 11:34:05,27.031
2010/12/01 11:34:55,27.046
2010/12/01 11:35:43,27.04
2010/12/01 11:36:40,27.048
2010/12/01 11:37:37,27.051
2010/12/01 11:38:28,27.05
2010/12/01 11:39:18,27.057
2010/12/01 11:40:10,27.052
2010/12/01 11:41:01,27.062
2010/12/01 11:41:56,27.054
2010/12/01 11:42:47,27.052
2010/12/01 11:43:37,27.051
2010/12/01 11:44:31,27.048
2010/12/01 11:45:24,27.048
2010/12/01 12:25:04,26.813
2010/12/01 12:26:09,26.812
2010/12/01 12:27:04,26.813
2010/12/01 12:27:55,26.808
2010/12/01 12:29:01,26.8
2010/12/01 12:29:57,26.788
2010/12/01 12:30:53,26.775
2010/12/01 12:31:54,26.761
2010/12/01 12:32:53,26.884
2010/12/01 12:33:53,27.029
2010/12/01 12:34:50,27.082
2010/12/01 12:35:57,27.1
2010/12/01 12:36:56,27.111
2010/12/01 12:37:57,27.122
2010/12/01 12:38:57,27.133
2010/12/01 12:39:52,27.139
2010/12/01 12:40:43,27.135
2010/12/01 12:41:36,27.131
2010/12/01 12:42:30,27.128
2010/12/01 13:15:08,26.952
2010/12/01 13:16:03,26.975
2010/12/01 13:17:01,27.004
2010/12/01 13:18:04,27.048
2010/12/01 13:19:07,27.083
2010/12/01 13:20:04,27.1
2010/12/01 13:20:54,27.129
2010/12/01 13:21:46,27.144
2010/12/01 13:22:39,27.153
2010/12/01 13:23:38,27.16
2010/12/01 13:24:40,27.167
2010/12/01 13:25:32,27.171
2010/12/01 13:26:32,27.162
2010/12/01 13:27:26,27.161
2010/12/01 13:28:26,27.153
2010/12/01 13:29:24,27.15
2010/12/01 13:30:20,27.149
2010/12/01 13:31:14,27.139
2010/12/01 13:32:08,27.126
2010/12/01 14:13:51,27.131
2010/12/01 14:14:48,27.132
2010/12/01 14:15:39,27.128
2010/12/01 14:16:29,27.127
2010/12/01 14:17:28,27.126
2010/12/01 14:18:28,27.135
2010/12/01 14:19:28,27.135
2010/12/01 14:20:27,27.141
2010/12/01 14:21:30,27.137
2010/12/01 14:22:23,27.122
2010/12/01 14:23:25,27.08
2010/12/01 14:24:26,27.085
2010/12/01 14:25:21,27.075
2010/12/01 14:26:11,27.07
2010/12/01 14:27:09,27.054
2010/12/01 14:28:01,27.036
2010/12/01 14:28:56,27.016
2010/12/01 14:29:49,27.003
2010/12/01 14:30:47,27.009
2010/12/01 15:02:01,26.765
2010/12/01 15:02:54,26.772
2010/12/01 15:03:46,26.78
2010/12/01 15:04:43,26.767
2010/12/01 15:05:33,26.775
2010/12/01 15:06:23,26.776
2010/12/01 15:07:13,26.791
2010/12/01 15:08:13,26.787
2010/12/01 15:09:07,26.806
2010/12/01 15:09:57,26.836
2010/12/01 15:10:50,26.832
2010/12/01 15:11:48,26.835
2010/12/01 15:12:39,26.851
2010/12/01 15:13:34,26.846
2010/12/01 15:14:35,26.855
2010/12/01 15:15:31,26.869
2010/12/01 15:16:29,26.884
2010/12/01 15:17:20,26.903
2010/12/01 15:18:11,26.925
2010/12/01 15:58:33,26.971
2010/12/01 15:59:33,26.99
2010/12/01 16:00:26,26.984
2010/12/01 16:01:21,26.956
2010/12/01 16:02:19,26.942
2010/12/01 16:03:19,26.966
2010/12/01 16:04:13,26.978
2010/12/01 16:05:09,26.994
2010/12/01 16:06:05,26.992
2010/12/01 16:07:04,26.99
2010/12/01 16:07:57,27.012
2010/12/01 16:08:50,27.033
2010/12/01 16:09:44,27.065
2010/12/01 16:10:45,27.082
2010/12/01 16:11:34,27.108
2010/12/01 16:12:31,27.125
2010/12/01 16:13:25,27.115
2010/12/01 16:14:17,27.116
2010/12/01 16:15:12,27.111
2010/12/01 16:46:26,27.017
2010/12/01 16:47:21,27.02
2010/12/01 16:48:09,27.033
2010/12/01 16:49:00,27.037
2010/12/01 16:49:50,27.033
2010/12/01 16:50:44,27.034
2010/12/01 16:51:40,27.05
2010/12/01 16:52:30,27.067
2010/12/01 16:53:23,27.093
2010/12/01 16:54:15,27.152
2010/12/01 16:55:10,27.22
2010/12/01 16:56:01,27.228
2010/12/01 16:56:51,27.25
2010/12/01 16:57:51,27.265
2010/12/01 16:58:48,27.271
2010/12/01 16:59:44,27.277
2010/12/01 17:00:40,27.291
2010/12/01 17:01:29,27.304
2010/12/01 17:02:31,27.312
2010/12/01 17:41:49,27.267
2010/12/01 17:42:47,27.285
2010/12/01 17:43:41,27.284
2010/12/01 17:44:30,27.29
2010/12/01 17:45:22,27.288
2010/12/01 17:46:18,27.297
2010/12/01 17:47:12,27.284
2010/12/01 17:48:06,27.27
2010/12/01 17:49:01,27.239
2010/12/01 17:49:53,27.207
2010/12/01 17:50:47,27.205
2010/12/01 17:51:49,27.222
2010/12/01 17:52:43,27.239
2010/12/01 17:53:42,27.238
2010/12/01 17:54:31,27.211
2010/12/01 17:55:21,27.192
2010/12/01 17:56:13,27.177
2010/12/01 17:57:12,27.167
2010/12/01 17:58:06,27.153
2010/12/01 18:30:15,26.834
2010/12/01 18:31:08,26.811
2010/12/01 18:32:08,26.81
2010/12/01 18:33:01,26.789
2010/12/01 18:33:57,26.781
2010/12/01 18:34:51,26.774
2010/12/01 18:35:50,26.745
2010/12/01 18:36:54,26.776
2010/12/01 18:37:52,26.88
2010/12/01 18:38:53,26.874
2010/12/01 18:39:44,26.893
2010/12/01 18:40:40,26.93
2010/12/01 18:41:30,26.934
2010/12/01 18:42:29,26.96
2010/12/01 18:43:27,26.968
2010/12/01 18:44:21,26.962
2010/12/01 18:45:16,26.94
2010/12/01 18:46:11,26.951
2010/12/01 18:47:04,26.916
2010/12/01 19:26:22,26.778
2010/12/01 19:27:12,26.804
2010/12/01 19:28:04,26.85
2010/12/01 19:28:54,26.873
2010/12/01 19:29:45,26.87
2010/12/01 19:30:35,26.891
2010/12/01 19:31:25,26.896
2010/12/01 19:32:17,26.867
2010/12/01 19:33:09,26.847
2010/12/01 19:33:59,26.864
2010/12/01 19:34:50,26.856
2010/12/01 19:35:42,26.82
2010/12/01 19:36:37,26.808
2010/12/01 19:37:32,26.804
2010/12/01 19:38:23,26.83
2010/12/01 19:39:16,26.874
2010/12/01 19:40:06,26.913
2010/12/01 19:40:58,26.974
2010/12/01 19:41:50,27.015
2010/12/01 20:12:50,27.066
2010/12/01 20:13:45,27.05
2010/12/01 20:14:40,27.048
2010/12/01 20:15:32,27.049
2010/12/01 20:16:25,27.044
2010/12/01 20:17:20,27.037
2010/12/01 20:18:18,27.039
2010/12/01 20:19:13,27.03
2010/12/01 20:20:09,26.842
2010/12/01 20:21:04,26.829
2010/12/01 20:21:58,26.864
2010/12/01 20:22:49,26.899
2010/12/01 20:23:40,26.933
2010/12/01 20:24:32,26.976
2010/12/01 20:25:28,27.025
2010/12/01 20:26:20,27.064
2010/12/01 20:27:12,27.077
2010/12/01 20:28:02,27.075
2010/12/01 20:28:53,27.063
2010/12/01 21:09:28,27.195
2010/12/01 21:10:20,27.21
2010/12/01 21:11:11,27.21
2010/12/01 21:12:16,27.215
2010/12/01 21:13:12,27.198
2010/12/01 21:14:12,27.194
2010/12/01 21:15:05,27.173
2010/12/01 21:16:00,27.178
2010/12/01 21:16:55,27.172
2010/12/01 21:17:47,27.168
2010/12/01 21:18:47,27.16
2010/12/01 21:19:47,27.159
2010/12/01 21:20:41,27.152
2010/12/01 21:21:35,27.142
2010/12/01 21:22:31,27.126
2010/12/01 21:23:28,27.123
2010/12/01 21:24:26,27.109
2010/12/01 21:25:22,27.075
2010/12/01 21:26:12,27.035
2010/12/01 21:59:48,27.262
2010/12/01 22:00:48,27.241
2010/12/01 22:01:47,27.243
2010/12/01 22:02:45,27.241
2010/12/01 22:03:48,27.234
2010/12/01 22:04:46,27.235
2010/12/01 22:05:50,27.239
2010/12/01 22:06:53,27.241
2010/12/01 22:07:58,27.228
2010/12/01 22:09:02,27.227
2010/12/01 22:10:04,27.222
2010/12/01 22:11:10,27.215
2010/12/01 22:12:00,27.208
2010/12/01 22:12:57,27.207
2010/12/01 22:13:49,27.201
2010/12/01 22:14:47,27.188
2010/12/01 22:15:50,27.176
2010/12/01 22:16:54,27.15
2010/12/01 22:17:55,27.116
2010/12/01 23:01:03,27.279
2010/12/01 23:02:04,27.296
2010/12/01 23:02:57,27.319
2010/12/01 23:03:54,27.368
2010/12/01 23:04:56,27.369
2010/12/01 23:06:01,27.348
2010/12/01 23:06:59,27.344
2010/12/01 23:08:03,27.329
2010/12/01 23:09:05,27.327
2010/12/01 23:10:00,27.332
2010/12/01 23:10:59,27.348
2010/12/01 23:11:53,27.357
2010/12/01 23:12:49,27.348
2010/12/01 23:13:47,27.353
2010/12/01 23:14:47,27.347
2010/12/01 23:15:36,27.353
2010/12/01 23:16:31,27.37
2010/12/01 23:17:34,27.367
2010/12/01 23:18:42,27.359
2010/12/01 23:52:40,27.393
2010/12/01 23:53:34,27.389
2010/12/01 23:54:27,27.4
2010/12/01 23:55:24,27.418
2010/12/01 23:56:18,27.42
2010/12/01 23:57:09,27.413
2010/12/01 23:58:08,27.394
2010/12/01 23:59:04,27.334
2010/12/02 00:00:11,27.31
2010/12/02 00:01:12,27.3
2010/12/02 00:02:07,27.305
2010/12/02 00:02:58,27.291
2010/12/02 00:03:58,27.292
2010/12/02 00:04:56,27.291
2010/12/02 00:05:54,27.285
2010/12/02 00:06:53,27.281
2010/12/02 00:07:48,27.294
2010/12/02 00:08:47,27.286
2010/12/02 00:09:41,27.289
2010/12/02 00:53:12,27.265
2010/12/02 00:54:08,27.274
2010/12/02 00:55:03,27.275
2010/12/02 00:55:57,27.283
2010/12/02 00:56:51,27.283
2010/12/02 00:57:54,27.299
2010/12/02 00:58:49,27.299
2010/12/02 00:59:51,27.304
2010/12/02 01:00:46,27.307
2010/12/02 01:01:42,27.311
2010/12/02 01:02:37,27.314
2010/12/02 01:03:29,27.316
2010/12/02 01:04:24,27.314
2010/12/02 01:05:18,27.317
2010/12/02 01:06:17,27.315
2010/12/02 01:07:20,27.314
2010/12/02 01:08:26,27.307
2010/12/02 01:09:29,27.318
2010/12/02 01:10:24,27.315
2010/12/02 01:45:02,27.319
2010/12/02 01:46:03,27.304
2010/12/02 01:46:57,27.298
2010/12/02 01:47:53,27.287
2010/12/02 01:48:54,27.293
2010/12/02 01:49:52,27.288
2010/12/02 01:50:58,27.303
2010/12/02 01:52:03,27.299
2010/12/02 01:53:02,27.302
2010/12/02 01:53:59,27.303
2010/12/02 01:54:58,27.292
2010/12/02 01:56:00,27.298
2010/12/02 01:57:02,27.296
2010/12/02 01:58:06,27.282
2010/12/02 01:59:07,27.283
2010/12/02 02:00:00,27.274
2010/12/02 02:01:04,27.28
2010/12/02 02:02:05,27.274
2010/12/02 02:03:09,27.283
2010/12/02 02:47:00,27.286
2010/12/02 02:48:06,27.294
2010/12/02 02:49:01,27.277
2010/12/02 02:50:01,27.3
2010/12/02 02:51:04,27.31
2010/12/02 02:52:06,27.281
2010/12/02 02:53:06,27.229
2010/12/02 02:54:03,27.2
2010/12/02 02:55:05,27.18
2010/12/02 02:56:08,27.19
2010/12/02 02:57:10,27.182
2010/12/02 02:58:09,27.186
2010/12/02 02:59:10,27.186
2010/12/02 03:00:11,27.182
2010/12/02 03:01:11,27.2
2010/12/02 03:02:10,27.208
2010/12/02 03:03:10,27.221
2010/12/02 03:04:18,27.224
2010/12/02 03:05:25,27.23
2010/12/02 03:40:25,27.173
2010/12/02 03:41:19,27.177
2010/12/02 03:42:15,27.179
2010/12/02 03:43:17,27.193
2010/12/02 03:44:13,27.206
2010/12/02 03:45:16,27.209
2010/12/02 03:46:18,27.211
2010/12/02 03:47:26,27.222
2010/12/02 03:48:32,27.218
2010/12/02 03:49:41,27.224
2010/12/02 03:50:41,27.222
2010/12/02 03:51:38,27.221
2010/12/02 03:52:38,27.225
2010/12/02 03:53:32,27.222
2010/12/02 03:54:33,27.223
2010/12/02 03:55:30,27.237
2010/12/02 03:56:26,27.24
2010/12/02 03:57:23,27.22
2010/12/02 03:58:28,27.203
2010/12/02 04:41:37,27.262
2010/12/02 04:42:34,27.274
2010/12/02 04:43:36,27.286
2010/12/02 04:44:38,27.29
2010/12/02 04:45:32,27.299
2010/12/02 04:46:33,27.304
2010/12/02 04:47:31,27.305
2010/12/02 04:48:26,27.295
2010/12/02 04:49:30,27.278
2010/12/02 04:50:24,27.261
2010/12/02 04:51:24,27.259
2010/12/02 04:52:17,27.259
2010/12/02 04:53:12,27.257
2010/12/02 04:54:15,27.256
2010/12/02 04:55:20,27.262
2010/12/02 04:56:22,27.254
2010/12/02 04:57:22,27.252
2010/12/02 04:58:28,27.248
2010/12/02 04:59:26,27.248
2010/12/02 05:33:27,27.387
2010/12/02 05:34:26,27.391
2010/12/02 05:35:24,27.38
2010/12/02 05:36:27,27.387
2010/12/02 05:37:31,27.393
2010/12/02 05:38:31,27.398
2010/12/02 05:39:28,27.423
2010/12/02 05:40:29,27.451
2010/12/02 05:41:40,27.45
2010/12/02 05:42:45,27.431
2010/12/02 05:43:49,27.415
2010/12/02 05:44:48,27.423
2010/12/02 05:45:57,27.405
2010/12/02 05:46:55,27.397
2010/12/02 05:47:52,27.393
2010/12/02 05:48:49,27.397
2010/12/02 05:49:46,27.405
2010/12/02 05:50:49,27.396
2010/12/02 05:51:55,27.407
2010/12/02 06:36:33,27.583
2010/12/02 06:37:34,27.581
2010/12/02 06:38:38,27.578
2010/12/02 06:39:44,27.571
2010/12/02 06:40:50,27.552
2010/12/02 06:41:48,27.548
2010/12/02 06:42:46,27.54
2010/12/02 06:43:50,27.554
2010/12/02 06:44:56,27.551
2010/12/02 06:46:03,27.56
2010/12/02 06:47:03,27.567
2010/12/02 06:48:00,27.582
2010/12/02 06:49:06,27.58
2010/12/02 06:50:12,27.569
2010/12/02 06:51:13,27.563
2010/12/02 06:52:14,27.54
2010/12/02 06:53:14,27.532
2010/12/02 06:54:22,27.534
2010/12/02 06:55:22,27.536
2010/12/02 07:31:34,27.551
2010/12/02 07:32:27,27.562
2010/12/02 07:33:24,27.565
2010/12/02 07:34:26,27.576
2010/12/02 07:35:31,27.603
2010/12/02 07:36:36,27.606
2010/12/02 07:37:40,27.608
2010/12/02 07:38:39,27.608
2010/12/02 07:39:37,27.617
2010/12/02 07:40:33,27.615
2010/12/02 07:41:34,27.614
2010/12/02 07:42:31,27.591
2010/12/02 07:43:35,27.562
2010/12/02 07:44:33,27.534
2010/12/02 07:45:33,27.53
2010/12/02 07:46:40,27.537
2010/12/02 07:47:39,27.528
2010/12/02 07:48:43,27.533
2010/12/02 07:49:38,27.537
