SST,pCO2
12.11,416.85
12.134,417.027
12.146,419.044
12.161,419.331
12.183,418.033
12.194,415.695
12.218,413.929
12.23,414.404
12.237,414.105
12.251,414.378
12.262,417.66
12.276,420.537
12.295,421.549
12.312,419.902
12.33,417.54
12.34,414.478
12.349,411.648
12.365,409.025
12.382,406.486
12.818,405.95
12.837,405.081
12.869,406.031
12.884,406.699
12.897,407.495
12.906,407.203
12.913,406.108
12.918,405.023
12.927,404.635
12.939,404.01
12.944,403.472
12.951,402.812
12.956,402.437
12.965,401.79
12.973,401.302
12.986,401.248
12.988,400.954
12.997,400.807
13.003,400.313
13.596,390.592
13.601,390.633
13.593,390.519
13.59,390.481
13.589,390.726
13.589,390.933
13.587,390.933
13.598,391.095
13.593,391.178
13.596,391.41
13.598,390.955
13.6,391.211
13.604,391.129
13.609,391.397
13.194,394.574
13.183,394.279
13.175,394.46
13.166,394.45
13.172,394.283
13.163,394.613
13.165,393.992
13.159,393.667
13.152,393.324
13.152,393.714
13.142,394.307
13.143,394.057
13.136,393.841
13.129,393.696
13.118,393.776
13.122,393.646
13.111,393.843
13.109,393.371
13.113,393.101
13.069,390.53
13.072,390.95
13.055,391.17
13.044,391.397
13.022,391.133
13.007,390.819
13,391.478
13.013,391.13
12.999,391.088
12.976,390.879
12.994,391.041
12.973,390.708
12.969,391.149
12.961,391.218
12.959,391.7
12.965,391.867
12.971,392.369
12.969,392.203
12.963,392.696
12.783,393.24
12.793,393.38
12.784,393.324
12.79,393.363
12.784,393.004
12.784,392.809
12.782,392.628
12.793,392.375
12.779,392.655
12.786,392.28
12.777,391.531
12.771,391.855
12.772,391.846
12.763,393.15
12.768,393.094
12.764,392.885
12.757,392.258
12.753,391.697
12.744,392.131
12.728,392.547
12.724,392.344
12.728,392.668
12.736,392.509
12.736,392.726
12.737,392.876
12.738,392.352
12.749,392.239
12.761,392.016
12.764,391.994
12.759,392.109
12.751,392.192
12.739,392.523
12.738,392.627
12.727,392.84
12.716,392.637
12.702,392.56
12.696,392.206
12.692,391.824
12.545,390.194
12.546,389.706
12.559,388.909
12.567,389.278
12.565,388.996
12.568,389.663
12.579,389.584
12.579,389.527
12.587,389.109
12.579,388.589
12.579,388.732
12.576,388.593
12.574,388.193
12.568,388.186
12.559,387.837
12.554,387.303
12.546,387.358
12.54,386.6
12.529,386.986
12.402,385.181
12.406,385.266
12.418,385.074
12.419,385.537
12.431,385.288
12.431,384.937
12.437,384.826
12.418,384.882
12.402,384.788
12.376,384.839
12.348,384.706
12.334,384.91
12.322,385.353
12.315,385.551
12.318,385.56
12.324,384.926
12.348,384.799
12.36,385.429
12.365,384.955
12.608,373.312
12.619,373.524
12.615,373.11
12.613,372.811
12.601,372.46
12.608,372.17
12.616,371.926
12.626,371.388
12.625,370.676
12.648,369.103
12.671,368.122
12.693,367.449
12.708,367.225
12.692,366.702
12.679,367.137
12.645,366.903
12.64,366.676
12.599,366.844
12.535,366.797
12.758,372.396
12.756,372.89
12.766,373.502
12.761,373.471
12.767,373.604
12.777,372.616
12.78,372.53
12.823,372.594
12.848,372.554
12.863,373.232
12.888,373.162
12.897,373.448
12.898,374.586
12.911,374.425
12.901,374.227
12.897,374.171
12.887,373.564
12.864,372.892
12.843,372.122
12.775,371.575
12.81,371.328
12.827,371.318
12.827,370.762
12.753,371.41
12.703,370.937
12.726,370.79
12.72,371.198
12.665,371.437
12.61,371.504
12.605,372.552
12.645,372.12
12.688,372.332
12.701,372.634
12.779,372.093
12.829,372.665
12.851,373.483
12.838,372.692
12.83,372.101
12.806,371.98
12.878,372.383
12.931,371.852
12.934,372.064
12.919,374.86
12.903,376.291
12.909,377.629
12.909,377.827
12.908,378.208
12.904,378.136
12.891,378.966
12.87,378.862
12.868,378.606
12.857,378.678
12.851,379.119
12.863,379.519
12.873,379.312
12.865,379.444
12.859,378.955
12.997,383.808
12.991,384.514
12.979,385.179
12.965,383.752
12.969,383.839
12.958,384.87
12.958,384.712
12.958,385.042
12.965,387.051
12.953,387.905
12.946,387.328
12.954,388.949
12.974,389.616
12.991,389.927
13.013,389.559
13.039,388.381
13.039,387.019
13.038,385.623
13.044,385.481
13.091,375.782
13.106,375.757
13.114,375.454
13.124,376.556
13.127,376.245
13.113,376.382
13.082,376.451
13.053,377.926
13.038,378.151
13.03,377.781
13.021,378.64
13.018,379.392
13.159,380.263
13.225,380.045
13.229,379.572
13.232,378.758
13.204,377.456
13.117,378.153
13.056,378.281
13.426,370.648
13.4,370.214
13.288,369.371
13.227,368.837
13.242,369.423
13.266,370.64
13.266,370.675
13.215,371.387
13.199,371.923
13.176,372.445
13.173,372.905
13.319,374.391
13.434,374.023
13.496,374.509
13.494,375.665
13.452,376.035
13.426,375.182
13.411,374.767
13.374,373.019
13.698,369.548
13.737,370.125
13.796,368.846
13.86,368.357
13.911,367.364
13.981,367.529
14.009,366.987
14.003,365.408
13.998,364.513
13.983,363.191
14.008,363.516
14.041,364.198
14.039,364.132
14.029,363.386
14.007,363.688
13.982,364.227
13.937,364.846
13.895,366.271
13.896,366.826
13.676,369.061
13.703,368.568
13.771,369.841
13.808,370.27
13.845,368.902
13.883,369.736
13.876,370.032
13.87,370.194
13.867,368.856
13.864,367.171
13.861,367.423
13.861,367.691
13.868,367.199
13.863,367.091
13.87,367.1
13.889,368.104
13.894,369.087
13.893,369.233
13.9,369.19
13.616,368.935
13.614,370.119
13.619,370.393
13.636,371.577
13.62,370.298
13.627,370.505
13.617,370.312
13.615,370.555
13.644,370.607
13.66,370.5
13.703,370.504
13.747,369.788
13.755,369.544
13.734,368.076
13.7,369.347
13.63,368.538
13.61,367.142
13.585,367.807
13.517,367.708
13.508,373.992
13.602,373.168
13.646,372.221
13.614,372.133
13.584,371.234
13.601,369.49
13.601,368.715
13.608,368.186
13.588,367.27
13.589,367.828
13.569,368.585
13.53,366.985
13.454,366.731
13.44,366.811
13.436,367.677
13.424,369.471
13.419,371.166
13.42,371.378
13.433,371.063
14.056,357.888
14.048,358.134
14.052,358.047
14.054,358.867
14.057,358.275
14.066,358.356
14.065,358.152
14.062,357.478
14.065,356.975
14.06,357.035
14.065,358.138
14.058,357.717
14.054,358.356
14.059,359.15
14.064,357.517
14.06,356.657
14.119,355.878
14.168,355.53
14.217,355.392
14.157,356.073
14.148,356.238
14.141,356.118
14.133,356.158
14.119,357.99
14.097,357.138
14.089,356.735
14.097,357.207
14.104,358.244
14.094,357.957
14.065,358.42
14.044,357.945
14.019,357.581
14.003,357.585
14.003,359.126
14.009,359.327
14.003,359.55
14.004,358.756
14.007,359.305
14.175,358.154
14.183,357.981
14.194,357.691
14.184,356.28
14.181,357.284
14.171,358.545
14.142,358.935
14.133,358.155
14.103,358.575
14.079,356.998
14.045,355.816
14.092,356.337
14.085,356.451
14.087,357.99
14.074,359.015
14.061,358.718
14.048,357.967
14.023,358.948
14.032,357.717
13.926,358.01
13.904,359.258
13.877,359.593
13.841,359.179
13.828,359.997
13.82,359.998
13.798,359.783
13.764,360.484
13.735,360.546
13.717,360.269
13.703,360.438
13.676,360.259
13.637,360.575
13.593,360.586
13.547,360.611
13.505,359.27
13.493,359.678
13.483,360.677
13.481,360.923
13.783,361.663
13.78,362.057
13.77,361.577
13.78,359.917
13.915,360.179
13.979,359.916
14,358.484
14.009,358.623
14.022,357.938
14.028,358.454
14.016,358.895
14.003,358.822
13.989,358.395
13.973,357.8
13.973,357.936
13.969,358.056
13.96,357.869
13.97,358.263
13.971,358.683
14.048,357.396
14.032,356.97
14.033,357.162
14.045,357
14.044,356.849
14.054,356.284
14.052,357.739
14.055,358.18
14.075,356.969
14.103,357.406
14.108,358.203
14.106,358.622
14.092,357.531
14.068,358.194
14.048,358.083
14.066,358.45
14.067,358.636
14.071,358.576
14.048,356.966
14.196,356.772
14.217,356.484
14.189,357.266
14.146,357.653
14.117,358.474
14.227,357.701
14.231,357.513
14.272,357.381
14.312,357.278
14.31,357.42
14.297,358.041
14.295,357.238
14.29,357.209
14.256,357.967
14.213,357.572
14.173,358.887
14.186,358.71
14.207,358.242
14.226,358.831
14.23,360.475
14.219,360.324
14.21,359.961
14.215,360.043
14.227,359.349
14.217,360.099
14.209,359.03
14.211,358.705
14.227,358.742
14.221,359.477
14.215,359.286
14.224,360.162
14.238,359.957
14.258,358.502
14.247,357.899
14.231,357.26
14.237,358.322
14.238,358.987
14.219,360.036
14.276,357.781
14.305,358.727
14.32,358.574
14.311,358.696
14.308,359.208
14.303,358.349
14.306,358.49
14.307,359.589
14.298,359.021
14.289,358.414
14.308,357.353
14.295,357.117
14.308,357.225
14.304,358.464
14.3,358.717
14.299,358.573
14.295,359.072
14.304,358.178
14.313,357.413
14.685,361.089
14.774,361.031
14.823,360.287
14.864,359.993
14.86,360.166
14.815,362.052
14.82,362.332
14.78,361.983
14.835,361.309
14.896,362.226
14.946,361.708
14.982,360.59
14.993,360.671
14.959,360.674
14.947,361.9
14.923,361.263
14.918,361.51
14.92,360.617
14.93,360.285
14.997,360.582
15.043,361.167
15.03,360.461
14.977,360.379
14.995,360.609
15.027,360.62
15.013,360.014
14.984,360.622
14.939,360.831
14.921,360.342
14.946,360.07
14.943,359.913
14.961,359.849
14.975,359.568
15.004,359.477
14.982,360.585
14.99,360.728
14.979,361.28
14.963,360.011
14.879,361.385
14.895,361.449
14.891,361.148
14.885,361.467
14.925,360.592
14.949,359.886
14.941,359.427
14.947,360.322
14.949,359.771
14.921,359.811
14.959,359.944
14.971,360.335
14.987,359.968
14.993,359.023
14.995,359.835
15,360.577
15.017,360.06
14.84,359.726
14.83,359.638
15.061,358.885
15.018,359.375
15.103,359.099
15.12,358.236
15.109,358.186
15.105,358.725
15.115,358.324
15.105,357.725
15.147,357.029
15.157,356.031
15.16,356.672
15.152,357.181
15.128,357.504
15.115,357.181
15.109,356.931
15.106,358.232
15.101,357.897
15.11,357.257
15.138,358.723
15.285,359.91
15.317,359.943
15.33,358.897
15.321,359.368
15.314,358.426
15.306,358.452
15.297,358.504
15.238,358.361
15.225,357.597
15.233,357.592
15.257,358.715
15.249,359.293
15.31,359.454
15.395,359.324
15.424,358.67
15.419,357.722
15.395,358.591
15.399,357.897
15.406,357.217
15.395,354.281
15.376,354.704
15.42,355.031
15.447,354.967
15.406,355.137
15.364,355.867
15.371,355.543
15.331,355.547
15.247,355.657
15.367,356.009
15.423,355.473
15.45,355.799
15.503,355.238
15.515,355.269
15.527,356.061
15.511,356.231
15.498,356.041
15.481,356.986
15.474,356.637
14.879,359.52
14.881,358.871
14.888,359.528
14.879,359.936
14.878,358.857
14.88,358.779
14.87,358.246
14.861,358.947
14.865,359.218
14.872,358.924
14.879,358.91
14.884,358.649
14.875,358.56
14.871,358.385
14.87,359.035
14.876,358.979
14.867,358.135
14.842,356.929
14.863,356.132
14.771,351.326
14.893,351.519
14.94,351.504
14.949,352.476
14.94,352.113
14.95,353.193
14.976,353.766
14.991,352.754
15.004,353.745
15.074,354.501
15.136,353.902
15.167,353.355
15.166,352.937
15.141,354.219
15.091,354.088
15.077,353.728
15.109,352.51
15.168,353.814
15.146,353.248
15.373,356.531
15.371,355.563
15.468,356.179
15.426,355.344
15.364,354.529
15.323,355.429
15.34,356.98
15.353,355.298
15.363,354.886
15.372,355.339
15.383,353.838
15.387,353.95
15.37,354.925
15.377,356.009
15.411,355.081
15.405,353.873
15.378,353.561
15.393,353.635
15.392,353.399
15.482,353.582
15.469,354.937
15.46,354.878
15.483,355.244
15.491,356.707
15.499,356.911
15.558,358.101
15.599,357.485
15.603,359.101
15.585,357.989
15.477,357.847
15.507,356.505
15.506,356.05
15.493,358.77
15.49,358.292
15.489,358.765
15.49,359.035
15.489,358.853
15.47,358.264
15.324,358.29
15.329,358.472
15.329,357.922
15.336,357.986
15.361,358.091
15.379,358.544
15.403,362.14
15.419,361.585
15.414,360.97
15.375,360.962
15.363,363.534
15.344,365.078
15.342,363.988
15.347,360.681
15.33,359.64
15.306,359.89
15.296,359.879
15.283,357.039
15.287,357.204
15.412,364.637
15.477,365.379
15.482,369.06
15.478,370.039
15.458,371.344
15.429,375.292
15.416,372.158
15.421,368.347
15.42,366.503
15.428,363.21
15.435,363.983
15.436,364.147
15.441,364.047
15.441,363.345
15.456,363.798
15.499,362.257
15.505,359.196
15.486,357.254
15.488,358.254
16.262,362.661
16.263,360.65
16.246,361.888
16.248,360.455
16.265,361.919
16.273,364.221
16.289,362.513
16.295,360.836
16.286,362.388
16.305,361.935
16.321,362.047
16.327,359.777
16.323,360.002
16.321,357.938
16.318,357.869
16.305,361.18
16.314,361.559
16.3,362.51
16.306,364.767
16.288,365.887
16.276,365.99
16.251,365.218
16.215,364.961
16.194,363.945
16.144,362.377
16.139,363.972
16.124,365.191
16.027,364.709
16.018,362.999
16.043,361.68
16.029,359.4
16.033,358.725
16.04,360.352
16.044,363.305
16.035,364.896
16.015,364.59
16,361.082
15.997,360.492
15.91,361.049
15.906,360.55
15.906,361.665
15.9,361.151
15.907,358.023
15.91,358.414
15.916,358.383
15.929,358.398
15.937,357.875
15.937,356.789
15.933,361.532
15.924,362.335
15.912,359.717
15.925,361.915
15.909,361.583
15.914,363.065
15.938,362.92
15.98,360.997
16.018,364.773
16.128,360.069
16.083,360.789
16.064,359.068
16.09,359.287
16.12,357.976
16.123,357.322
16.139,358.227
16.135,359.499
16.145,358.795
16.121,363.048
16.105,367.941
16.084,367.369
16.094,366.708
16.097,363.395
16.098,359.125
16.099,358.298
16.127,360.987
16.136,363.019
16.112,364.134
16.168,365.497
16.177,366.961
16.182,365.081
16.194,363.679
16.192,366.339
16.202,369.017
16.208,368.233
16.226,368.691
16.213,369.284
16.207,370.209
16.203,370.2
16.202,365.622
16.198,363.438
16.205,363.569
16.216,362.176
16.216,361.853
16.23,363.657
16.226,362.819
16.231,362.435
16.242,367.855
16.235,366.616
16.245,364.989
16.243,361.531
16.25,359.869
16.265,362.957
16.228,364.145
16.226,367.08
16.173,366.68
16.156,363.348
16.158,365.966
16.136,363.625
16.129,362.091
16.119,361.417
16.122,361.361
16.126,363.699
16.114,365.605
16.111,364.516
16.113,362.189
16.577,365.102
16.576,363.486
16.602,364.962
16.604,365.138
16.594,366.7
16.624,363.755
16.639,366.699
16.629,367.365
16.616,370.724
16.642,372.006
16.675,369.791
16.71,365.962
16.711,367.466
16.702,367.503
16.668,364.876
16.666,367.409
16.676,369.313
16.673,366.958
16.649,366.131
16.765,371.391
16.706,372.798
16.575,373.272
16.583,372.429
16.619,370.187
16.623,371.775
16.597,372.418
16.62,372.257
16.693,370.168
16.671,370.834
16.641,369.618
16.619,370.307
16.574,371.515
16.576,374.769
16.545,375.239
16.524,378.743
16.556,377.26
16.577,376.77
16.584,376.763
16.353,367.077
16.353,366.578
16.347,365.563
16.351,365.015
16.354,363.968
16.353,362.623
16.352,361.48
16.352,360.821
16.359,360.63
16.361,364.183
16.344,365.433
16.313,365.266
16.286,368.481
16.229,367.999
16.218,368.709
16.209,369.316
16.174,369.657
16.178,371.821
16.199,374.393
16.188,364.091
16.186,366.607
16.194,365.242
16.192,365.111
16.188,362.978
16.189,364.142
16.185,366.212
16.18,365.326
16.174,364.681
16.172,362.006
16.163,363.041
16.158,362.589
16.161,364.266
16.135,365.478
16.122,366.503
16.118,366.956
16.151,364.993
16.173,364.352
16.139,364.566
16.777,365.915
16.729,367.932
16.654,369.849
16.604,368.446
16.452,368.1
16.339,371.54
16.344,367.938
16.247,363.947
16.231,362.792
16.344,362.985
16.422,365.758
16.497,363.198
16.536,361.189
16.548,361.143
16.584,364.139
16.605,365.736
16.635,362.95
16.645,361.905
16.666,361.242
17.054,367.868
17.022,368.594
17.03,369.503
17.027,370.345
17.031,372.061
17.025,369.552
17.031,364.747
17.032,364.132
17.026,363.399
17.045,364.869
17.039,366.888
17.047,368.189
17.044,368.639
17.007,366.009
16.965,369.122
16.92,367.302
16.914,367.915
16.943,364.311
16.959,361.328
16.811,364.936
16.772,367.245
16.733,367.999
16.915,368.008
17.057,368.844
17.176,369.107
17.298,366.011
17.391,363.62
17.475,362.767
17.529,362.029
17.551,362.671
17.562,362.633
17.57,364.839
17.594,366.54
17.626,367.933
17.675,368.389
17.724,368.244
17.735,365.167
17.735,367.442
17.662,369.744
17.698,366.647
17.716,366.109
17.756,367.114
17.769,369.169
17.79,369.183
17.798,367.46
17.837,367.36
17.868,367.981
17.918,366.994
17.95,366.755
17.974,366.411
17.988,367.081
17.968,368.335
17.967,368.876
17.95,367.447
17.922,366.986
17.91,368.395
17.913,368.403
17.705,371.53
17.72,371.848
17.745,372.941
17.803,374.961
17.84,373.251
17.851,371.808
17.859,373.432
17.862,374.137
17.849,374.001
17.855,374.015
17.878,372.029
17.871,372.467
17.888,375.188
17.91,374.117
17.871,372.228
17.847,372.892
17.852,372.451
17.825,371.68
17.835,371.748
17.763,371.432
17.762,371.67
17.769,370.941
17.765,371.02
17.768,370.75
17.764,373.32
17.771,374.775
17.75,373.643
17.743,372.48
17.735,373.52
17.74,372.508
17.742,372.115
17.727,370.013
17.713,369.295
17.709,367.772
17.698,368.253
17.7,368.593
17.707,369.135
17.715,370.285
17.882,372.365
17.871,370.976
17.872,373.04
17.867,372.972
17.866,372.035
17.864,371.905
17.862,371.382
17.861,370.947
17.853,371.119
17.854,372.059
17.851,372.635
17.859,371.414
17.856,369.962
17.869,371.256
18.048,370.928
18.153,370.09
18.212,369.063
18.246,368.231
18.254,369.743
18.282,367.778
18.275,368.139
18.277,370.569
18.278,371.867
18.266,369.569
18.275,369.916
18.286,371.019
18.298,369.58
18.314,368.279
18.313,369.5
18.3,368.362
18.292,369.823
18.299,370.623
18.292,372.178
18.301,371.682
18.293,369.331
18.309,370.884
18.317,372.102
18.316,373.214
18.378,372.945
18.378,371.148
18.364,372.578
18.348,373.375
18.302,375.191
18.245,373.344
18.229,373.223
18.234,372.56
18.255,371.035
18.255,372.828
18.262,374.895
18.267,372.985
18.261,371.342
18.244,371.102
18.217,370.697
18.181,373.137
18.189,374.039
18.238,373.471
18.236,372.04
17.731,365.835
17.769,364.311
17.74,365.88
17.749,369.782
17.745,369.732
17.749,369.445
17.74,366.965
17.755,366.385
17.743,364.752
17.736,365.996
17.756,366.248
17.738,368.169
17.742,370.64
17.738,366.737
17.745,363.91
17.742,362.252
17.751,364.444
17.753,365.917
17.766,367.017
17.969,367.761
17.93,367.346
17.923,366.551
17.903,371.568
17.905,372.625
17.865,370.231
17.842,371.482
17.807,372.066
17.792,369.39
17.802,368.047
17.803,365.076
17.8,363.692
17.821,363.344
17.848,364.451
17.869,365.797
17.859,364.797
17.864,367.86
17.864,369.244
17.868,367.426
17.987,367.947
17.962,366.331
17.953,366.753
17.951,367.176
17.95,365.643
17.955,365.35
18.067,365.894
18.179,365.725
18.249,365.923
19.589,361.43
19.626,360.738
19.647,360.715
19.663,360.873
19.679,360.557
19.677,360.606
19.665,361.73
19.661,361.757
19.669,360.842
19.682,360.672
19.724,362.4
19.749,363.242
19.747,364.623
19.704,364.422
19.686,363.219
19.653,362.168
19.642,360.213
19.612,361.645
19.585,362.853
18.99,363.286
18.973,363.06
18.953,362.988
18.884,363.017
18.908,364.822
18.966,365.865
18.964,364.029
18.863,363.828
18.81,364.457
18.835,364.4
18.848,364.038
18.856,363.045
18.881,361.716
18.983,362.206
19.054,363.522
19.086,364.636
19.183,366.552
19.253,368.416
19.29,366.931
19.476,366.663
19.499,368.103
19.593,368.672
19.653,368.675
19.677,368.322
19.685,370.362
19.683,372.868
19.697,372.69
19.699,372.296
19.675,371.207
19.669,369.703
19.668,368.464
19.706,368.19
19.697,367.909
19.687,367.663
19.712,368.669
19.797,368.839
19.871,371.291
19.986,372.769
20.54,367.939
20.561,370.072
20.538,370.678
20.502,372.986
20.464,370.64
20.521,369.6
20.533,371.462
20.574,371.979
20.571,369.84
20.563,369.926
20.547,368.649
20.534,366.397
20.522,368.79
20.527,370.618
20.517,372.047
20.55,373.542
20.557,372.464
20.605,370.974
20.633,369.336
20.252,373.018
20.239,374.079
20.21,373.077
20.187,373.343
20.127,374.837
20.102,375.088
20.113,374.458
20.143,373.195
20.156,374.35
20.158,375.363
20.157,376.024
20.157,373.736
20.149,372.181
20.14,370.773
20.104,368.981
20.117,368.841
20.136,370.573
20.15,371.032
20.165,371.836
20.216,369.845
20.282,370.552
20.225,372.099
20.223,374.389
20.232,370.533
20.217,373.177
20.228,373.17
20.223,369.942
20.24,369.521
20.27,369.045
20.252,372.074
20.258,371.286
20.277,370.909
20.274,371.057
20.269,373.477
20.288,372.988
20.297,371.34
20.3,373.355
20.308,371.851
20.319,373.933
20.33,372.27
20.344,369.874
20.356,369.421
20.37,369.783
20.365,374.327
20.345,373.359
20.332,372.903
20.321,372.838
20.356,373.138
20.324,371.718
20.325,371.102
20.293,370.9
20.302,371.193
20.29,372.95
20.264,374.416
20.246,375.029
20.225,374.332
20.215,371.779
20.11,375.04
20.081,372.675
20.093,372.739
20.079,372.365
20.071,372.726
20.069,370.983
20.077,370.997
20.06,369.348
20.048,370.316
20.056,370.24
20.042,372.967
20.074,374.791
20.044,373.703
20.032,376.005
20.061,372.682
20.019,373.049
20.043,373.778
20.037,371.592
20.035,370.769
19.39,376.14
19.245,375.748
19.087,377.105
19.093,372.5
19.1,374.694
19.23,374.811
19.23,375.446
19.018,376.647
19.119,377.172
19.127,372.777
19.181,371.675
19.242,375.776
19.25,375.026
19.25,374.692
19.272,376.073
19.294,375.013
19.32,374.867
19.349,372.223
19.381,371.012
19.782,370.172
19.832,369.003
19.872,370.36
19.895,373.265
19.895,372.839
19.88,371.152
19.907,372.837
19.887,370.959
19.915,371.925
19.922,370.444
19.884,372.107
19.878,374.644
19.866,370.191
19.854,372.451
19.854,373.55
19.847,368.678
19.864,369.696
19.857,370.489
19.845,370.279
19.72,374.128
19.725,376.282
19.724,375.987
19.752,374.132
19.754,372.411
19.719,374.637
19.729,374.292
19.725,374.532
19.743,374.88
19.735,373.785
19.75,372.027
19.76,370.139
19.731,369.705
19.735,372.496
19.739,373.669
19.734,371.515
19.726,373.17
19.725,372.807
19.726,371.789
19.662,370.847
19.658,372.986
19.649,371.365
19.658,368.363
19.656,373.548
19.649,374.038
19.703,375.857
19.654,374.339
19.706,371.765
19.667,367.592
19.679,369.877
19.678,368.874
19.677,369.768
19.709,371.326
19.759,371.119
19.807,370.586
19.898,370.013
19.962,368.126
19.913,368.16
20.149,371.686
20.094,372.371
20.144,372.729
20.075,372.403
19.996,374.463
19.941,376.089
19.922,373.461
19.927,373.224
19.922,371.226
19.911,373.817
19.91,373.722
19.908,372.26
19.94,369.494
20.001,368.588
20.03,369.549
20.059,369.945
20.083,370.636
20.107,371.41
20.152,374.106
20.308,373.295
20.335,372.553
20.346,372.118
20.356,372.194
20.345,375.579
20.342,373.116
20.377,371.504
20.384,374.153
20.362,375.627
20.351,376.089
20.351,373.758
20.408,374.497
20.354,372.922
20.354,371.528
20.344,369.539
20.361,369.533
20.33,368.564
20.335,370.15
20.348,370.002
20.68,373.667
20.71,373.698
20.674,372.216
20.666,372.913
20.67,372.33
20.66,372.961
20.672,372.69
20.637,375.454
20.632,372.78
20.608,372.244
20.604,369.535
20.684,369.618
20.836,370.134
20.917,372.161
20.97,372.599
20.988,372.962
21.051,374.026
21.078,372.849
21.141,373.064
21.806,369.408
21.809,370.249
21.833,370.551
21.862,370.571
21.867,368.436
21.884,369.397
21.887,372.395
21.87,372.489
21.783,371.382
21.773,373.794
21.785,371.751
21.788,369.442
21.749,370.949
21.701,369.763
21.658,368.233
21.661,371.091
21.661,367.897
21.649,372.43
21.684,368.79
21.855,373.189
21.858,373.508
21.87,374.188
21.886,374.855
21.901,371.551
21.922,370.255
21.918,370.19
21.905,371.781
21.909,371.679
21.919,368.839
21.919,366.904
21.931,368.817
21.922,371.35
21.92,372.458
21.91,372.392
21.901,371.401
21.924,369.655
21.918,370.494
21.924,371.515
22.03,369.981
22.029,370.935
22.043,370.37
22.04,369.347
22.03,370.163
22.084,370.989
22.062,372.53
22.079,373.03
22.102,370.942
22.119,368.213
22.134,364.501
22.173,362.302
22.211,364.476
22.228,363.828
22.233,365.462
22.263,368.056
22.278,366.648
22.317,365.078
22.363,363.002
22.327,362.651
22.319,361.285
22.365,361.469
22.376,360.604
22.347,359.907
22.356,359.345
22.34,360.79
22.252,361.049
22.17,360.749
22.199,361.254
22.255,363.105
22.35,363.706
22.468,363.995
22.508,366.843
22.502,366.286
22.475,364.491
22.373,363.103
22.335,365.317
22.326,365.069
22.586,363.836
22.597,363.559
22.552,362.356
22.52,362.755
22.479,365.376
22.522,367.016
22.529,363.843
22.571,365.33
22.6,365.449
22.652,364.984
22.679,363.054
22.678,365.438
22.623,365.276
22.603,364.151
22.565,363.858
22.603,362.84
22.609,360.304
22.627,360.689
22.654,364.332
22.586,361.903
22.602,362.156
22.661,364.306
22.709,366.175
22.734,365.079
22.731,364.393
22.729,364.419
22.748,363.667
22.754,364.502
22.747,364.015
22.71,365.429
22.713,366.573
22.692,365.907
22.681,365.064
22.641,365.962
22.703,366.174
22.75,369.416
22.742,368.159
22.701,368.662
22.701,366.281
22.839,367.947
22.903,367.598
22.912,366.609
22.909,366.975
22.917,368.183
22.917,368.65
22.932,367.492
22.929,367.416
22.956,367.088
22.969,367.589
22.967,368.301
22.962,368.263
22.956,368.207
22.949,368.565
22.943,367.972
22.944,368.075
22.922,369.428
22.905,368.778
22.781,371.242
22.779,372
22.768,372.685
22.779,372.68
22.781,371.85
22.785,371.781
22.782,371.33
22.775,370.534
22.766,370.84
22.743,369.55
22.761,369.89
22.783,369.026
22.799,367.875
22.804,368.039
22.815,368.563
22.836,369.134
22.837,368.388
22.864,368.423
22.864,368.214
22.713,369.563
22.693,368.79
22.72,367.975
22.743,367.192
22.775,367.425
22.796,366.724
22.802,368.133
22.766,370.096
22.748,369.111
22.717,370.089
22.694,371.028
22.705,369.41
22.728,369.702
22.784,370.161
22.839,370.204
22.874,371.526
22.869,371.685
22.867,371.161
22.835,371.384
22.864,371.206
22.867,370.357
22.862,369.094
22.848,369.436
22.845,368.914
22.831,367.854
22.843,368.049
22.826,367.303
22.838,368.605
22.883,367.538
22.897,366.099
22.907,367.425
22.893,368.391
22.9,369.009
22.904,367.03
22.909,366.859
22.898,369.195
22.908,368.558
22.904,366.998
22.63,368.927
22.661,368.718
22.673,368.694
22.638,367.981
22.589,368.66
22.563,367.014
22.571,366.841
22.574,367.055
22.57,366.453
22.597,366.499
22.604,366.701
22.595,367.283
22.581,367.054
22.629,367.816
22.646,367.436
22.651,367.537
22.641,366.529
22.659,366.707
22.659,367.184
22.585,368.854
22.565,369.567
22.581,370.409
22.568,371.36
22.549,369.428
22.512,369.042
22.55,368.498
22.574,367.388
22.589,366.925
22.58,366.762
22.551,366.764
22.532,366.204
22.515,365.798
22.51,364.925
22.495,365.305
22.496,365.955
22.507,366.916
22.516,365.243
22.511,364.558
22.607,366.823
22.598,366.971
22.586,366.23
22.582,367.636
22.573,367.954
22.568,367.861
22.563,366.859
22.581,368.328
22.597,368.166
22.627,368.618
22.644,368.624
22.664,366.772
22.692,367.322
22.686,366.785
22.69,366.21
22.659,364.808
22.642,366.098
22.613,366.578
22.614,367.269
22.599,372.154
22.595,371.552
22.592,371.565
22.594,373.308
22.591,372.5
22.588,371.895
22.601,371.718
22.563,371.266
22.511,370.4
22.452,369.36
22.433,369.221
22.461,367.931
22.505,368.745
22.523,369.25
22.534,368.153
22.548,366.478
22.567,367.039
22.581,366.839
22.587,366.963
22.591,366.8
22.58,368.299
22.562,368.612
22.57,368.061
22.555,366.26
22.569,367.772
22.591,366.835
22.608,367.212
22.614,365.623
22.611,365.341
22.603,365.876
22.581,366.089
22.577,365.379
22.584,365.908
22.593,366.894
22.593,366.408
22.595,366.323
22.582,367.725
22.584,368.474
22.65,370.146
22.654,369.487
22.649,370.102
22.647,369.783
22.649,369.968
22.653,369.024
22.66,368.779
22.65,368.856
22.653,368.707
22.662,369.028
22.66,369.012
22.652,367.33
22.653,368.259
22.65,367.242
22.646,367.415
22.643,368.088
22.646,369.57
22.648,368.873
22.639,368.581
22.733,366.472
22.704,365.586
22.689,367.547
22.685,367.344
22.667,366.853
22.638,366.749
22.642,365.904
22.677,366.124
22.685,365.527
22.681,365.665
22.676,367.279
22.648,366.523
22.634,367.976
22.631,367.161
22.728,367.325
22.771,366.122
22.789,366.793
22.781,366.464
22.78,367.125
22.727,370.188
22.72,368.976
22.708,369.436
22.72,369.91
22.743,368.344
22.762,369.122
22.797,368.952
22.812,368.803
22.829,368.295
22.841,368.169
22.861,368.133
22.888,367.756
22.892,367.105
22.873,367.414
22.844,368.644
22.832,367.529
22.816,367.09
22.795,367.219
22.808,368.376
23.179,365.752
23.138,364.788
23.105,365.18
23.068,366.074
23.034,365.276
23.056,365.183
23.064,364.403
23.005,365.721
22.945,367.084
22.939,367.865
22.962,368.133
22.951,367.475
22.988,366.827
23.013,365.621
22.956,365.607
22.778,366.949
22.726,366.469
22.705,366.305
22.707,366.348
22.641,368.333
22.636,367.941
22.628,367.063
22.632,367.244
22.659,367.34
22.662,366.187
22.663,366.117
22.663,366.608
22.691,366.132
22.695,365.932
22.691,365.773
22.694,365.786
22.682,365.566
22.684,365.595
22.685,365.767
22.671,365.213
22.677,364.928
22.691,364.507
22.69,363.548
22.454,362.023
22.452,360.804
22.459,360.576
22.461,362.003
22.455,361.882
22.46,363.26
22.464,362.092
22.468,362.057
22.482,361.998
22.479,362.766
22.474,361.745
22.482,362.795
22.479,362.503
22.485,361.478
22.499,361.1
22.498,361.844
22.535,362.457
22.564,363.255
22.588,363.634
22.869,365.069
22.877,365.732
22.869,366.64
22.878,367.497
22.886,367.478
22.852,365.956
22.83,365.196
22.823,366.252
22.817,366.009
22.812,365.809
22.839,364.947
22.877,363.015
22.904,362.001
22.912,362.614
22.91,361.67
22.911,363.585
22.904,363.894
22.911,364.359
22.898,365.081
23.039,364.827
23.024,364.488
23.034,365.212
23.021,364.491
23.014,364.504
23.018,364.571
23.042,363.85
23.052,364.397
23.058,364.968
23.033,364.593
23.029,365.129
23.01,365.702
23.013,365.366
23.005,364.654
23.016,365.199
23.008,364.039
23.016,363.861
23.027,364.279
23.047,364.321
22.948,367.284
22.966,366.714
22.977,368.526
22.968,367.631
22.998,367.33
23.025,365.488
23.028,366.747
23.039,367.54
23.042,366.401
23.09,366.559
23.111,366.078
23.097,365.216
23.094,364.797
23.088,365.599
23.077,365.739
23.061,366.725
23.07,367.701
23.064,366.343
23.062,365.399
22.927,364.762
22.92,363.586
22.935,363.984
22.919,365.068
22.925,365.08
22.931,365.779
22.932,365.769
22.965,366.253
22.995,366.252
23.021,366.321
23.033,365.3
23.053,365.201
23.076,365.206
23.078,365.532
23.072,366.026
23.072,366.349
23.059,366.117
23.063,366.133
23.066,366.041
22.959,367.374
22.96,367.029
22.968,366.688
22.98,365.621
22.984,364.485
22.99,366.129
22.982,364.723
22.972,366.125
22.968,365.505
22.982,364.815
22.969,363.852
22.976,365.544
22.984,365.161
22.992,366.139
23.002,365.104
22.999,366.312
23.014,365.827
23.015,365.347
23.013,363.601
23.074,365.574
23.066,364.861
23.078,365.601
23.11,366.29
23.125,366.103
23.139,364.929
23.157,365.486
23.139,365.579
23.102,365.075
23.087,365.188
23.078,364.234
23.068,364.036
23.078,365.223
23.072,364.767
23.084,364.887
23.077,364.916
23.074,364.094
23.084,362.763
23.087,362.168
23.045,366.106
23.053,365.793
23.063,365.302
23.078,365.701
23.079,365.372
23.091,364.925
23.088,365.149
23.07,364.715
23.065,365.411
23.078,364.928
23.099,364.921
23.112,364.672
23.117,363.919
23.13,363.29
23.145,364.148
23.147,364.493
23.152,365.066
23.141,366.35
23.128,366.142
23.221,365.086
23.216,364.775
23.217,365.163
23.225,365.037
23.225,364.508
23.217,364.413
23.222,365.427
23.217,365.814
23.226,366.405
23.227,366.68
23.232,365.73
23.223,364.864
23.219,364.896
23.213,364.204
23.2,364.203
23.193,365.659
23.194,365.151
23.188,364.362
23.192,364.394
23.377,365.898
23.373,365.172
23.369,364.528
23.317,366.276
23.256,366.433
23.218,365.976
23.21,367.493
23.212,367.323
23.198,367.142
23.204,366.206
23.204,366.231
23.201,366.427
23.206,366.523
23.198,366.634
23.204,365.268
23.207,365.087
23.21,366.792
23.215,365.603
23.221,364.561
23.453,365.487
23.466,366.123
23.484,366.254
23.479,365.534
23.472,365.986
23.471,366.342
23.463,366.933
23.464,367.002
23.457,367.086
23.461,366.818
23.465,367.946
23.464,367.399
23.462,368.422
23.461,367.105
23.456,367.583
23.454,366.687
23.458,366.121
23.454,366.864
23.449,366.802
23.319,369.125
23.323,369.075
23.333,369.48
23.335,370.086
23.333,369.846
23.345,368.833
23.353,368.306
23.359,367.659
23.358,367.959
23.36,368.073
23.349,367.028
23.35,367.065
23.349,366.39
23.355,366.942
23.366,367.354
23.352,366.127
23.339,366.506
23.337,365.98
23.337,365.413
23.525,368.77
23.524,367.686
23.51,367.607
23.505,366.558
23.513,366.57
23.517,367.623
23.522,367.613
23.53,367.921
23.535,367.162
23.571,366.901
23.576,366.472
23.59,366.481
23.585,367.449
23.577,367.297
23.581,366.934
23.582,366.874
23.59,366.689
23.59,367.026
23.59,366.71
23.495,370.585
23.645,369.705
23.66,369.617
23.679,368.921
23.702,367.933
23.751,368.258
23.758,367.003
23.765,366.766
23.766,365.114
23.766,364.319
23.759,365.269
23.768,364.431
23.774,363.957
23.773,364.142
23.766,363.805
23.747,364.081
23.738,363.461
23.74,363.489
23.731,364.132
24.027,362.29
24.015,362.783
24.007,362.096
23.982,361.886
23.894,361.632
23.766,362.314
23.741,361.937
23.759,361.785
23.776,362.075
23.781,362.089
23.79,363.676
23.795,363.598
23.81,363.837
23.802,364.422
23.797,363.678
23.787,364.563
23.751,365.933
23.76,365.491
23.78,364.018
23.989,367.133
23.978,365.818
23.972,365.576
23.95,366.267
23.848,366.655
23.837,365.903
23.831,365.004
23.829,366.006
23.816,365.658
23.809,366.111
23.803,365.944
23.817,365.81
23.837,366.235
23.851,365.942
23.866,365.188
23.886,364.562
23.903,364.744
23.922,364.199
23.922,365.64
24.008,366.157
23.981,365.656
23.962,365.402
23.947,365.765
23.939,365.016
23.955,366.306
24.017,365.186
24.01,365.63
23.999,365.048
24.012,365.525
24.02,365.257
24.013,364.419
24.026,362.861
24.031,361.48
24.031,361.756
24.014,361.576
24.005,360.497
24.016,360.399
24.016,361.183
24.455,366.197
24.448,366.584
24.433,366.18
24.437,365.278
24.441,365.598
24.459,363.995
24.455,364.366
24.458,363.818
24.46,363.747
24.435,363.446
24.428,363.319
24.43,363.412
24.432,361.94
24.435,361.757
24.434,362.369
24.444,363.005
24.453,363.097
24.45,364.488
24.451,363.535
24.263,362.906
24.269,362.027
24.281,362.16
24.284,362.466
24.29,362.567
24.294,361.715
24.293,360.148
24.293,360.47
24.304,361.501
24.299,362.413
24.298,363.125
24.309,361.954
24.34,362.116
24.377,361.122
24.393,359.858
24.405,361.356
24.419,362.343
24.429,362.316
24.438,364.158
24.407,362.001
24.412,362.542
24.417,362.988
24.424,363.812
24.429,363.923
24.431,363.328
24.438,361.378
24.443,362.515
24.45,362.632
24.446,363.523
24.446,364.457
24.443,363.332
24.459,364.527
24.456,363.448
24.443,362.914
24.429,363.449
24.426,363.257
24.405,363.234
24.384,362.296
24.336,362.237
24.316,362.05
24.292,361.725
24.284,362.512
24.278,362.193
24.264,362.265
24.26,360.973
24.266,361.172
24.283,361.135
24.294,361.253
24.286,362.377
24.266,362.509
24.23,361.697
24.232,360.085
24.236,359.936
24.232,359.855
24.261,359.681
24.297,360.408
24.308,359.333
24.587,367.6
24.58,366.539
24.587,366.392
24.583,367.132
24.556,366.654
24.537,366.789
24.526,366.179
24.526,366.084
24.548,366.218
24.565,366.267
24.578,366.146
24.584,366.563
24.578,366.822
24.575,366.618
24.566,366.316
24.56,365.522
24.553,364.914
24.563,365.09
24.565,364.126
24.621,364.396
24.618,364.232
24.628,363.748
24.637,364.441
24.644,363.95
24.648,364.822
24.656,364.654
24.641,364.196
24.653,363.342
24.641,362.84
24.631,363.127
24.625,363.848
24.624,362.699
24.621,363.386
24.622,362.92
24.625,363.886
24.627,362.61
24.644,363.287
24.632,363.667
24.872,364.881
24.896,364.532
24.935,364.357
24.956,365.435
24.959,364.856
24.97,364.202
24.962,363.921
24.954,363.856
24.944,364.718
24.941,364.675
24.946,365.796
24.939,366.756
24.947,366.053
24.95,365.036
24.944,365.205
24.943,364.877
24.955,364.493
24.947,363.581
24.945,362.887
24.736,359.974
24.734,360.765
24.717,360.449
24.719,362.684
24.702,361.644
24.685,362.685
24.671,363.868
24.667,363.314
24.737,361.539
24.775,361.907
24.787,361.731
24.802,362.189
24.792,361.958
24.774,362.175
24.773,362.116
24.762,362.121
24.753,362.154
24.757,362.186
24.79,362.737
25.168,362.627
25.279,362.37
25.322,362.413
25.365,362.43
25.373,361.532
25.387,361.341
25.393,360.94
25.403,361.691
25.403,362.045
25.41,360.73
25.41,361.169
25.414,361.854
25.407,362.219
25.378,362.843
25.36,361.355
25.341,361.309
25.347,361.189
25.348,360.705
25.349,360.923
25.717,361.182
25.718,361.298
25.721,361.128
25.73,360.165
25.735,360.983
25.729,360.514
25.737,361.818
25.738,361.721
25.746,362.329
25.74,361.766
25.754,361.204
25.747,361.386
25.746,361.259
25.742,361.668
25.746,361.922
25.742,362.911
25.737,361.954
25.739,361.607
25.735,362.271
25.432,365.577
25.431,364.61
25.43,365.596
25.425,364.599
25.432,364.401
25.43,364.069
25.417,363.931
25.417,363.952
25.404,364.316
25.387,364.235
25.396,363.581
25.403,362.829
25.407,363.375
25.407,363.296
25.43,363.201
25.442,362.913
25.452,362.973
25.471,364.296
25.515,363.672
25.774,359.471
25.763,359.747
25.768,359.382
25.764,360.028
25.75,360.195
25.755,359.806
25.749,359.433
25.749,359.24
25.756,360.452
25.754,360.813
25.751,360.028
25.754,359.126
25.762,358.534
25.761,359.116
25.763,359.545
25.766,360.089
25.776,360.707
25.781,361.166
25.784,360.483
25.877,364.843
25.869,363.339
25.871,363.605
25.867,363.447
25.86,363.015
25.836,362.197
25.828,361.257
25.818,361.773
25.813,362.159
25.806,361.122
25.806,361.706
25.795,361.773
25.785,361.845
25.771,361.421
25.767,360.958
25.764,361.121
25.753,362.087
25.758,362.157
25.747,361.877
25.797,359.468
25.788,358.927
25.774,358.269
25.776,358.714
25.764,358.257
25.77,358.925
25.765,359.054
25.76,358.677
25.764,360.311
25.76,360.829
25.76,360.616
25.751,360.086
25.758,359.957
25.757,358.459
25.76,359.712
25.761,360.034
25.757,359.17
25.747,360.952
25.765,361.207
25.999,363.214
26.013,363.343
26.009,362.39
26.016,361.617
25.992,362.365
25.908,362.958
25.864,362.335
25.867,361.901
25.867,361.213
25.865,360.581
25.842,360.709
25.848,360.847
25.847,360.468
25.861,360.683
25.853,361.051
25.859,361.72
25.86,360.516
25.84,361.395
25.805,360.725
25.503,360.678
25.481,361.213
25.457,361.376
25.485,360.934
25.498,361.546
25.514,361.417
25.529,361.549
25.527,362.618
25.53,362.131
25.529,362.277
25.531,363.598
25.537,362.834
25.526,362.484
25.518,361.839
25.521,362.229
25.52,363.233
25.507,362.172
25.464,362.213
25.462,362.742
25.671,361.691
25.651,361.623
25.654,361.659
25.683,361.291
25.691,360.769
25.694,360.844
25.673,361.762
25.65,361.273
25.641,361.608
25.624,360.509
25.63,360.742
25.641,361.087
25.64,362.287
25.651,361.32
25.672,360.472
25.679,359.919
25.69,361.654
25.687,361.614
25.683,360.44
25.628,359.344
25.623,359.065
25.615,358.919
25.601,359.43
25.604,359.934
25.602,359.312
25.597,358.871
25.594,358.52
25.589,359.705
25.579,359.644
25.568,357.726
25.568,359.272
25.56,359.178
25.553,359.004
25.545,359.042
25.523,358.176
25.507,359.156
25.496,358.189
25.49,358.277
25.389,365.795
25.383,365.284
25.396,364.416
25.391,363.461
25.372,362.946
25.378,362.599
25.395,362.346
25.39,363.327
25.38,363.223
25.36,362.223
25.344,361.56
25.293,361.302
25.272,362.2
25.265,361.886
25.259,361.67
25.262,363.092
25.27,362.159
25.264,362.243
25.266,361.701
25.552,361.882
25.534,362.159
25.541,361.827
25.562,361.651
25.532,360.417
25.547,362.117
25.557,363.277
25.562,363.084
25.573,364.399
25.569,366.33
25.589,366.169
25.594,366.961
25.6,367.285
25.613,366.043
25.627,364.958
25.638,362.59
25.646,362.03
25.662,363.031
25.675,363.617
25.65,366.954
25.649,365.532
25.652,364.608
25.659,365.543
25.636,365.811
25.616,363.816
25.615,364.707
25.612,364.154
25.607,362.945
25.61,362.814
25.576,362.564
25.568,361.661
25.569,360.659
25.579,359.91
25.596,359.913
25.605,360.557
25.625,360.239
25.631,360.707
25.65,360.722
26.309,359.467
26.31,358.852
26.313,358.94
26.312,359.662
26.302,358.611
26.297,358.607
26.296,359.123
26.296,359.295
26.299,359.027
26.3,358.548
26.26,356.923
26.232,356.686
26.234,357.473
26.25,357.894
26.264,358.681
26.268,358.781
26.272,357.799
26.292,357.405
26.3,356.61
26.275,356.584
26.275,357.017
26.273,355.981
26.274,356.815
26.279,356.718
26.28,356.512
26.285,356.78
26.292,357.051
26.299,357.059
26.301,356.983
26.299,357.367
26.302,357.612
26.302,357.366
26.292,357.084
26.281,357.1
26.288,357.062
26.286,356.76
26.285,356.278
26.283,355.679
25.9,359.624
25.904,359.551
25.912,359.914
25.903,360.062
25.879,359.189
25.87,359.002
25.865,359.635
25.867,359.28
25.849,359.229
25.845,358.886
25.857,358.56
25.87,358.312
25.871,357.871
25.938,356.757
25.944,357.01
25.957,356.711
25.961,358.323
25.978,358.761
25.978,358.662
26.049,355.309
26.022,355.204
25.995,354.309
25.979,354.278
25.971,353.834
25.972,353.808
25.973,354.196
25.971,354.244
25.967,354.274
25.979,353.987
25.979,354.434
25.976,354.445
25.985,354.465
25.995,355.048
26,354.582
26.023,354.519
26.052,353.474
26.073,353.405
26.082,353.362
26.851,362.133
26.859,361.953
26.861,361.468
26.868,361.203
26.868,361.083
26.866,361.89
26.884,362.141
26.959,360.858
27.005,360.874
26.998,360.421
26.987,360.412
26.979,360.491
26.98,360.766
26.967,360.473
26.967,361.19
26.963,360.916
26.953,360.76
26.955,360.358
26.935,359.952
26.887,360.898
26.884,360.989
26.898,360.463
26.904,361.007
26.911,360.174
26.918,359.317
26.948,359.459
26.963,359.241
26.967,358.826
26.975,358.626
26.996,359.082
27.001,359.177
27.009,358.848
27.02,358.188
27.015,358.092
27.009,358.57
27.017,359.792
27.022,360.557
27.011,360.262
26.92,359.935
26.93,360.247
26.922,360.028
26.921,360.187
26.901,359.634
26.897,359.349
26.901,359.628
26.901,360.491
26.909,361.608
26.909,362.011
26.916,362.528
26.924,362.357
26.92,361.85
26.923,361.406
26.916,361.662
26.924,360.179
26.93,360.07
26.914,360.181
26.898,360.593
26.761,361.128
26.76,360.578
26.737,360.92
26.705,361.178
26.679,361.588
26.683,360.555
26.69,360.028
26.701,358.838
26.695,358.686
26.708,359.048
26.705,358.792
26.711,358.48
26.712,358.316
26.719,357.804
26.703,359.116
26.701,359.225
26.714,358.632
26.734,358.846
26.743,359.633
26.705,360.898
26.705,361.018
26.698,360.579
26.695,361.232
26.705,360.715
26.727,360.029
26.753,359.646
26.756,360.311
26.726,360.363
26.716,360.616
26.737,360.332
26.756,360.144
26.762,359.545
26.772,359.793
26.786,359.421
26.794,359.821
26.803,359.587
26.813,359.144
26.821,359.281
26.777,358.347
26.767,359.353
26.769,358.684
26.788,359.289
26.779,358.828
26.776,358.188
26.776,357.321
26.774,357.809
26.768,357.301
26.77,357.091
26.773,356.844
26.768,356.33
26.765,356.156
26.761,356.708
26.74,356.638
26.722,356.51
26.701,356.283
26.694,357.14
26.714,356.407
26.989,362.582
26.987,362.369
26.975,361.398
26.959,361.313
26.942,361.475
26.92,361.1
26.895,361.28
26.883,360.591
26.88,359.85
26.883,359.905
26.88,360.562
26.873,361.073
26.872,360.105
26.865,359.517
26.859,359.205
26.84,359.151
26.819,358.618
26.811,358.526
26.79,358.647
26.885,359.832
26.886,359.684
26.93,360.151
26.987,360.061
27.039,359.076
27.055,358.083
27.063,357.757
27.076,358.077
27.092,358.568
27.101,358.981
27.123,360.046
27.14,359.778
27.17,359.306
27.169,360.39
27.178,360.088
27.162,360.621
27.151,361.067
27.133,360.281
27.117,360.157
27.051,360.319
27.058,360.481
27.08,360.272
27.081,359.58
27.078,359.733
27.063,359.486
27.062,360.392
27.046,360.124
27.046,360.644
27.059,361.51
27.064,361.221
27.061,361.027
27.064,360.575
27.072,360.502
27.06,360.148
27.06,360.11
27.049,360.081
27.041,360.139
27.04,359.448
27.159,358.656
27.175,358.487
27.194,358.653
27.198,358.804
27.162,358.642
27.139,358.94
27.123,358.987
27.112,359.252
27.087,359.449
27.058,359.03
27.062,358.734
26.995,359.074
27.002,358.907
27.036,358.919
27.025,358.75
27.007,358.206
27.003,357.742
27.015,356.512
27.05,356.491
26.967,360.733
26.942,360.938
26.927,360.615
26.933,360.33
26.926,359.172
26.92,359.221
26.911,358.913
26.91,358.886
26.905,357.762
26.912,357.89
26.916,358.674
26.922,358.515
26.939,358.156
26.953,357.556
26.942,357.455
26.924,357.435
26.904,356.496
26.907,357.89
26.897,359.533
26.951,355.834
26.928,356.141
26.936,356.527
26.939,356.365
26.943,355.398
26.954,355.562
26.967,354.987
26.971,354.902
27.003,354.3
27.013,353.639
27.018,354.019
27.026,354.278
27.032,353.953
27.028,353.698
27.019,354.779
27.023,355.304
27.046,354.583
27.06,354.428
27.066,354.347
26.894,360.105
26.893,359.8
26.884,359.078
26.894,358.287
26.903,357.678
26.897,357.26
26.875,357.124
26.871,356.577
26.891,356.914
26.902,356.83
26.91,357.395
26.918,357.026
26.935,356.364
26.943,355.472
26.975,355.16
27.042,354.484
27.032,355.129
27.038,354.407
27.043,354.913
26.996,356.068
26.988,356.05
26.989,356.76
27.006,356.421
27.015,356.301
27.031,356.803
27.046,356.931
27.04,357.273
27.048,357.777
27.051,357.032
27.05,357.034
27.057,357.125
27.052,357.195
27.062,356.914
27.054,357.211
27.052,356.723
27.051,357.156
27.048,356.609
27.048,356.477
26.813,355.886
26.812,356.178
26.813,356.082
26.808,356.45
26.8,356.018
26.788,355.063
26.775,355.725
26.761,356.184
26.884,356.736
27.029,357.197
27.082,356.983
27.1,357.602
27.111,358.051
27.122,359.005
27.133,359.253
27.139,358.778
27.135,358.545
27.131,358.505
27.128,358.408
26.952,358.513
26.975,359.36
27.004,359.883
27.048,359.443
27.083,359.9
27.1,359.713
27.129,359.61
27.144,359.271
27.153,358.604
27.16,357.996
27.167,358.657
27.171,359.909
27.162,358.972
27.161,358.963
27.153,358.734
27.15,358.813
27.149,358.678
27.139,358.139
27.126,357.91
27.131,355.941
27.132,356.855
27.128,356.184
27.127,356.205
27.126,356.204
27.135,356.08
27.135,356.055
27.141,355.42
27.137,355.211
27.122,354.457
27.08,355.066
27.085,355.922
27.075,355.989
27.07,355.979
27.054,354.904
27.036,353.978
27.016,355.018
27.003,354.764
27.009,357.439
26.765,356.155
26.772,356.155
26.78,356.634
26.767,355.604
26.775,354.738
26.776,354.484
26.791,354.808
26.787,353.914
26.806,352.707
26.836,351.92
26.832,353.293
26.835,354.824
26.851,357.227
26.846,357.395
26.855,357.935
26.869,358.062
26.884,357.666
26.903,356.147
26.925,355.139
26.971,358
26.99,357.532
26.984,357.659
26.956,357.107
26.942,357.11
26.966,356.941
26.978,355.739
26.994,354.536
26.992,354.693
26.99,354.163
27.012,353.936
27.033,354.453
27.065,354.903
27.082,354.861
27.108,355.229
27.125,354.618
27.115,354.217
27.116,354.814
27.111,355.698
27.017,352.989
27.02,352.898
27.033,353.85
27.037,353.217
27.033,353.229
27.034,353.611
27.05,353.233
27.067,352.664
27.093,352.933
27.152,352.958
27.22,352.087
27.228,351.701
27.25,352.001
27.265,352.203
27.271,352.022
27.277,352.904
27.291,352.998
27.304,353.726
27.312,353.851
27.267,359.442
27.285,359.771
27.284,359.831
27.29,359.674
27.288,358.976
27.297,358.141
27.284,357.647
27.27,357.515
27.239,357.89
27.207,358.054
27.205,358.41
27.222,358.065
27.239,359.088
27.238,359.453
27.211,359.757
27.192,358.987
27.177,358.261
27.167,358.406
27.153,358.638
26.834,351.948
26.811,352.192
26.81,352.247
26.789,351.392
26.781,351.759
26.774,352.191
26.745,351.774
26.776,351.428
26.88,351.957
26.874,351.48
26.893,351.715
26.93,353.171
26.934,353.985
26.96,353.374
26.968,352.478
26.962,351.816
26.94,352.147
26.951,352.472
26.916,352.832
26.778,348.341
26.804,348.027
26.85,348.088
26.873,348.134
26.87,348.49
26.891,348.43
26.896,348.641
26.867,349.299
26.847,349.533
26.864,349.906
26.856,350.25
26.82,351.068
26.808,350.993
26.804,350.559
26.83,351.177
26.874,351.295
26.913,350.599
26.974,349.851
27.015,350.094
27.066,351.615
27.05,352.378
27.048,352.852
27.049,353.749
27.044,353.947
27.037,353.026
27.039,353.769
27.03,354.512
26.842,355.057
26.829,355.568
26.864,354.834
26.899,353.433
26.933,352.885
26.976,352.932
27.025,351.93
27.064,350.431
27.077,350.822
27.075,350.99
27.063,351.857
27.195,357.502
27.21,357.903
27.21,356.366
27.215,356.657
27.198,356.388
27.194,355.27
27.173,355.2
27.178,355.122
27.172,355.108
27.168,355.803
27.16,355.271
27.159,355.394
27.152,355.588
27.142,356.822
27.126,356.2
27.123,354.835
27.109,355.064
27.075,354.252
27.035,354.484
27.262,351.692
27.241,352.329
27.243,352.638
27.241,352.04
27.234,352.689
27.235,352.541
27.239,352.583
27.241,353.452
27.228,352.856
27.227,352.634
27.222,352.951
27.215,352.478
27.208,352.519
27.207,353.29
27.201,352.88
27.188,353.008
27.176,353.416
27.15,353.485
27.116,354.869
27.279,352.741
27.296,351.703
27.319,353.508
27.368,355.638
27.369,354.786
27.348,353.95
27.344,354.345
27.329,353.807
27.327,353.281
27.332,353.014
27.348,352.654
27.357,352.665
27.348,352.817
27.353,353.203
27.347,352.702
27.353,352.415
27.37,352.45
27.367,351.772
27.359,352.471
27.393,354.114
27.389,353.429
27.4,352.98
27.418,352.511
27.42,351.967
27.413,352.175
27.394,352.11
27.334,352.689
27.31,352.382
27.3,352.258
27.305,353.245
27.291,354.135
27.292,354.495
27.291,353.414
27.285,353.41
27.281,353.132
27.294,354.005
27.286,353.699
27.289,353.135
27.265,352.404
27.274,352.775
27.275,352.96
27.283,352.224
27.283,351.855
27.299,351.56
27.299,351.855
27.304,351.299
27.307,351.559
27.311,352.137
27.314,351.611
27.316,351.484
27.314,351.016
27.317,351.336
27.315,350.865
27.314,351.584
27.307,352.838
27.318,351.717
27.315,351.295
27.319,351.795
27.304,351.448
27.298,351.808
27.287,351.935
27.293,351.513
27.288,352.804
27.303,352.125
27.299,351.635
27.302,351.546
27.303,351.328
27.292,350.769
27.298,351.328
27.296,351.185
27.282,352.162
27.283,352.363
27.274,351.902
27.28,351.233
27.274,350.966
27.283,351.364
27.286,356.275
27.294,355.438
27.277,354.868
27.3,354.669
27.31,353.632
27.281,352.903
27.229,352.936
27.2,353.199
27.18,352.866
27.19,352.109
27.182,351.835
27.186,352.056
27.186,352.079
27.182,352.046
27.2,349.915
27.208,350.851
27.221,352.042
27.224,351.58
27.23,351.575
27.173,351.956
27.177,351.142
27.179,350.482
27.193,350.58
27.206,350.607
27.209,350.741
27.211,350.193
27.222,351.009
27.218,350.884
27.224,350.81
27.222,351.59
27.221,350.032
27.225,351.376
27.222,350.591
27.223,350.184
27.237,350.585
27.24,352.615
27.22,352.625
27.203,350.793
27.262,352.737
27.274,352.46
27.286,353.654
27.29,353.353
27.299,352.009
27.304,351.804
27.305,352.072
27.295,351.977
27.278,351.46
27.261,351.537
27.259,351.305
27.259,351.74
27.257,351.286
27.256,350.625
27.262,350.399
27.254,350.047
27.252,351.082
27.248,350.945
27.248,350.353
27.387,350.21
27.391,349.881
27.38,350.781
27.387,351.458
27.393,350.698
27.398,352.355
27.423,352.29
27.451,351.746
27.45,352.137
27.431,352.408
27.415,352.074
27.423,351.386
27.405,350.645
27.397,350.619
27.393,351.609
27.397,350.207
27.405,351.356
27.396,350.522
27.407,350.479
27.583,350.574
27.581,349.415
27.578,350.32
27.571,351.014
27.552,350.624
27.548,350.853
27.54,350.318
27.554,350.154
27.551,350.343
27.56,351.404
27.567,352.552
27.582,352.228
27.58,351.617
27.569,350.355
27.563,351.704
27.54,351.815
27.532,351.711
27.534,351.495
27.536,350.914
27.551,350.73
27.562,351.183
27.565,350.753
27.576,351.21
27.603,351.323
27.606,351.141
27.608,351.471
27.608,351.233
27.617,351.013
27.615,350.931
27.614,351.022
27.591,351.352
27.562,350.073
27.534,350.545
27.53,351.126
27.537,350.954
27.528,350.184
27.533,350.557
27.537,349.722
